product_id,brand,product_name,category,original_price,stock,customer_type,negotiation_round,festival_sale,minimum_acceptable_price
P002,Samsung,Samsung Galaxy S25 Ultra,Smartphone,95000,4,Premium,2,0,85228
P003,Apple,MacBook Air M4,Laptop,110000,95,New,3,0,99104
P007,Dell,Dell XPS 13,Laptop,120000,5,New,1,0,113738
P009,Apple,iPad Air M3,Tablet,65000,78,New,3,0,59383
P009,Apple,iPad Air M3,Tablet,65000,54,New,2,1,58828
P001,Apple,iPhone 16,Smartphone,80000,98,New,3,1,71048
P005,Sony,Sony WH-1000XM6,Headphones,32000,20,New,2,0,26474
P007,Dell,Dell XPS 13,Laptop,120000,13,Returning,2,1,109526
P001,Apple,iPhone 16,Smartphone,80000,94,Returning,3,0,72496
P007,Dell,Dell XPS 13,Laptop,120000,11,Premium,2,1,108091
P004,Sony,PlayStation 5,Gaming Console,55000,91,New,1,0,50341
P005,Sony,Sony WH-1000XM6,Headphones,32000,11,New,1,1,27304
P008,Canon,Canon EOS R50,Camera,75000,82,Returning,1,1,63613
P004,Sony,PlayStation 5,Gaming Console,55000,86,Returning,3,0,48523
P003,Apple,MacBook Air M4,Laptop,110000,69,Premium,1,0,101173
P007,Dell,Dell XPS 13,Laptop,120000,35,Premium,3,0,105801
P006,Apple,Apple Watch Series 10,Smartwatch,50000,99,New,1,0,45324
P006,Apple,Apple Watch Series 10,Smartwatch,50000,52,Returning,1,0,45935
P010,ASUS,ASUS ROG Zephyrus G16,Laptop,160000,92,Returning,1,1,132705
P008,Canon,Canon EOS R50,Camera,75000,19,Returning,1,0,69262
P009,Apple,iPad Air M3,Tablet,65000,69,Returning,3,1,57619
P010,ASUS,ASUS ROG Zephyrus G16,Laptop,160000,52,Returning,1,0,139221
P008,Canon,Canon EOS R50,Camera,75000,12,New,1,0,69892
P003,Apple,MacBook Air M4,Laptop,110000,88,Returning,3,0,97794
P007,Dell,Dell XPS 13,Laptop,120000,77,Returning,3,1,104894
P009,Apple,iPad Air M3,Tablet,65000,2,Premium,3,0,59998
P009,Apple,iPad Air M3,Tablet,65000,97,Returning,3,1,55514
P005,Sony,Sony WH-1000XM6,Headphones,32000,56,New,2,0,27356
P005,Sony,Sony WH-1000XM6,Headphones,32000,65,New,3,0,26951
P005,Sony,Sony WH-1000XM6,Headphones,32000,82,Premium,3,0,24936
P006,Apple,Apple Watch Series 10,Smartwatch,50000,98,New,3,0,44113
P006,Apple,Apple Watch Series 10,Smartwatch,50000,63,New,1,1,45399
P005,Sony,Sony WH-1000XM6,Headphones,32000,31,New,1,0,26787
P008,Canon,Canon EOS R50,Camera,75000,9,Premium,1,0,68425
P008,Canon,Canon EOS R50,Camera,75000,71,New,2,1,65737
P004,Sony,PlayStation 5,Gaming Console,55000,70,Premium,3,0,49180
P005,Sony,Sony WH-1000XM6,Headphones,32000,52,Premium,3,1,25228
P009,Apple,iPad Air M3,Tablet,65000,58,New,1,0,60015
P006,Apple,Apple Watch Series 10,Smartwatch,50000,3,Premium,3,0,45602
P004,Sony,PlayStation 5,Gaming Console,55000,1,New,3,0,51434
P002,Samsung,Samsung Galaxy S25 Ultra,Smartphone,95000,5,Returning,1,0,87185
P008,Canon,Canon EOS R50,Camera,75000,28,Premium,1,1,64248
P008,Canon,Canon EOS R50,Camera,75000,53,New,1,0,67674
P007,Dell,Dell XPS 13,Laptop,120000,46,Returning,2,1,105984
P001,Apple,iPhone 16,Smartphone,80000,87,Premium,3,0,70762
P007,Dell,Dell XPS 13,Laptop,120000,94,Returning,1,0,106496
P004,Sony,PlayStation 5,Gaming Console,55000,69,Returning,1,1,49187
P005,Sony,Sony WH-1000XM6,Headphones,32000,60,New,1,1,26887
P009,Apple,iPad Air M3,Tablet,65000,13,New,3,0,61592
P002,Samsung,Samsung Galaxy S25 Ultra,Smartphone,95000,97,New,1,1,81697
P008,Canon,Canon EOS R50,Camera,75000,28,Returning,1,0,66638
P001,Apple,iPhone 16,Smartphone,80000,50,Returning,2,1,72733
P009,Apple,iPad Air M3,Tablet,65000,85,Premium,2,0,56894
P005,Sony,Sony WH-1000XM6,Headphones,32000,28,New,3,0,26825
P006,Apple,Apple Watch Series 10,Smartwatch,50000,8,New,3,1,45514
P009,Apple,iPad Air M3,Tablet,65000,21,New,3,0,59521
P003,Apple,MacBook Air M4,Laptop,110000,9,Premium,1,0,104413
P002,Samsung,Samsung Galaxy S25 Ultra,Smartphone,95000,73,New,3,0,83734
P002,Samsung,Samsung Galaxy S25 Ultra,Smartphone,95000,54,Premium,3,1,80257
P005,Sony,Sony WH-1000XM6,Headphones,32000,27,Premium,3,1,25024
P005,Sony,Sony WH-1000XM6,Headphones,32000,51,New,3,1,25888
P006,Apple,Apple Watch Series 10,Smartwatch,50000,97,New,1,1,44136
P010,ASUS,ASUS ROG Zephyrus G16,Laptop,160000,13,New,3,0,142418
P005,Sony,Sony WH-1000XM6,Headphones,32000,17,Returning,1,0,27718
P005,Sony,Sony WH-1000XM6,Headphones,32000,21,Returning,3,1,25726
P009,Apple,iPad Air M3,Tablet,65000,2,Premium,3,1,58954
P002,Samsung,Samsung Galaxy S25 Ultra,Smartphone,95000,18,Returning,1,0,87660
P009,Apple,iPad Air M3,Tablet,65000,20,Returning,2,0,59384
P006,Apple,Apple Watch Series 10,Smartwatch,50000,27,Premium,3,1,43017
P008,Canon,Canon EOS R50,Camera,75000,33,New,1,1,66349
P005,Sony,Sony WH-1000XM6,Headphones,32000,6,New,2,0,27992
P005,Sony,Sony WH-1000XM6,Headphones,32000,21,Premium,2,1,25674
P001,Apple,iPhone 16,Smartphone,80000,15,New,3,0,76858
P001,Apple,iPhone 16,Smartphone,80000,48,Premium,3,0,72740
P003,Apple,MacBook Air M4,Laptop,110000,6,Returning,2,0,104920
P006,Apple,Apple Watch Series 10,Smartwatch,50000,27,Premium,1,0,44862
P009,Apple,iPad Air M3,Tablet,65000,53,Premium,3,0,58297
P004,Sony,PlayStation 5,Gaming Console,55000,21,New,2,0,50283
P006,Apple,Apple Watch Series 10,Smartwatch,50000,53,Premium,3,0,43773
P003,Apple,MacBook Air M4,Laptop,110000,90,New,2,0,100479
P008,Canon,Canon EOS R50,Camera,75000,29,New,2,1,65062
P004,Sony,PlayStation 5,Gaming Console,55000,29,New,3,0,49958
P006,Apple,Apple Watch Series 10,Smartwatch,50000,36,New,2,1,44656
P009,Apple,iPad Air M3,Tablet,65000,52,Premium,3,1,57011
P001,Apple,iPhone 16,Smartphone,80000,15,Returning,1,1,75539
P002,Samsung,Samsung Galaxy S25 Ultra,Smartphone,95000,77,Returning,2,1,81646
P010,ASUS,ASUS ROG Zephyrus G16,Laptop,160000,66,New,2,0,138960
P001,Apple,iPhone 16,Smartphone,80000,91,Returning,1,0,73472
P007,Dell,Dell XPS 13,Laptop,120000,9,Premium,2,1,108179
P002,Samsung,Samsung Galaxy S25 Ultra,Smartphone,95000,93,Returning,3,1,79032
P007,Dell,Dell XPS 13,Laptop,120000,42,Returning,3,1,104467
P003,Apple,MacBook Air M4,Laptop,110000,25,Returning,3,1,98093
P003,Apple,MacBook Air M4,Laptop,110000,79,Premium,2,1,97961
P001,Apple,iPhone 16,Smartphone,80000,39,Returning,1,1,73904
P010,ASUS,ASUS ROG Zephyrus G16,Laptop,160000,78,Premium,2,1,132752
P008,Canon,Canon EOS R50,Camera,75000,87,New,3,1,63312
P003,Apple,MacBook Air M4,Laptop,110000,85,New,2,1,97495
P004,Sony,PlayStation 5,Gaming Console,55000,87,Returning,1,0,49150
P001,Apple,iPhone 16,Smartphone,80000,6,New,2,0,77566
P007,Dell,Dell XPS 13,Laptop,120000,81,Premium,1,1,103206
P007,Dell,Dell XPS 13,Laptop,120000,32,New,3,0,108414
P002,Samsung,Samsung Galaxy S25 Ultra,Smartphone,95000,100,Returning,1,0,82973
P009,Apple,iPad Air M3,Tablet,65000,60,New,3,0,59589
P002,Samsung,Samsung Galaxy S25 Ultra,Smartphone,95000,59,New,2,1,83122
P008,Canon,Canon EOS R50,Camera,75000,79,Premium,3,1,63350
P009,Apple,iPad Air M3,Tablet,65000,58,New,3,1,57810
P005,Sony,Sony WH-1000XM6,Headphones,32000,97,New,3,1,25564
P009,Apple,iPad Air M3,Tablet,65000,63,Premium,1,1,57800
P002,Samsung,Samsung Galaxy S25 Ultra,Smartphone,95000,92,Returning,1,1,80593
P006,Apple,Apple Watch Series 10,Smartwatch,50000,70,New,1,0,45736
P007,Dell,Dell XPS 13,Laptop,120000,89,New,3,0,105165
P007,Dell,Dell XPS 13,Laptop,120000,53,Returning,3,1,104325
P001,Apple,iPhone 16,Smartphone,80000,27,Returning,2,0,74777
P010,ASUS,ASUS ROG Zephyrus G16,Laptop,160000,49,Returning,1,1,135805
P007,Dell,Dell XPS 13,Laptop,120000,54,Premium,3,0,105599
P004,Sony,PlayStation 5,Gaming Console,55000,35,Returning,2,0,49948
P006,Apple,Apple Watch Series 10,Smartwatch,50000,86,Premium,2,0,43860
P008,Canon,Canon EOS R50,Camera,75000,17,Premium,3,0,67178
P007,Dell,Dell XPS 13,Laptop,120000,76,Premium,3,0,105185
P007,Dell,Dell XPS 13,Laptop,120000,18,Returning,1,0,112566
P007,Dell,Dell XPS 13,Laptop,120000,42,New,2,1,106645
P007,Dell,Dell XPS 13,Laptop,120000,36,Returning,2,0,107981
P001,Apple,iPhone 16,Smartphone,80000,96,Premium,1,1,70929
P002,Samsung,Samsung Galaxy S25 Ultra,Smartphone,95000,100,Premium,1,0,82172
P004,Sony,PlayStation 5,Gaming Console,55000,26,New,3,0,49794
P003,Apple,MacBook Air M4,Laptop,110000,61,Premium,1,0,101176
P005,Sony,Sony WH-1000XM6,Headphones,32000,99,Returning,1,0,26536
P003,Apple,MacBook Air M4,Laptop,110000,40,New,3,0,101651
P005,Sony,Sony WH-1000XM6,Headphones,32000,74,Premium,2,1,26064
P004,Sony,PlayStation 5,Gaming Console,55000,10,Premium,3,0,50204
P005,Sony,Sony WH-1000XM6,Headphones,32000,88,Premium,1,0,25775
P009,Apple,iPad Air M3,Tablet,65000,55,Premium,2,0,58518
P006,Apple,Apple Watch Series 10,Smartwatch,50000,2,Returning,2,0,46443
P006,Apple,Apple Watch Series 10,Smartwatch,50000,82,Returning,3,0,43445
P003,Apple,MacBook Air M4,Laptop,110000,94,Premium,3,1,94730
P009,Apple,iPad Air M3,Tablet,65000,100,Returning,2,1,56895
P010,ASUS,ASUS ROG Zephyrus G16,Laptop,160000,35,Returning,1,0,138985
P008,Canon,Canon EOS R50,Camera,75000,32,Returning,3,1,63594
P001,Apple,iPhone 16,Smartphone,80000,64,Returning,1,1,73317
P006,Apple,Apple Watch Series 10,Smartwatch,50000,34,Returning,2,1,44069
P001,Apple,iPhone 16,Smartphone,80000,67,New,1,0,76237
P007,Dell,Dell XPS 13,Laptop,120000,63,Premium,1,1,105761
P008,Canon,Canon EOS R50,Camera,75000,58,New,1,1,65726
P007,Dell,Dell XPS 13,Laptop,120000,89,New,2,1,104384
P009,Apple,iPad Air M3,Tablet,65000,68,Returning,2,1,57710
P008,Canon,Canon EOS R50,Camera,75000,35,Returning,2,0,65623
P004,Sony,PlayStation 5,Gaming Console,55000,41,New,3,0,49746
P004,Sony,PlayStation 5,Gaming Console,55000,95,Returning,2,1,47452
P004,Sony,PlayStation 5,Gaming Console,55000,38,New,2,0,50409
P001,Apple,iPhone 16,Smartphone,80000,91,Premium,1,1,70746
P001,Apple,iPhone 16,Smartphone,80000,71,Returning,3,0,73753
P008,Canon,Canon EOS R50,Camera,75000,14,New,3,1,66730
P008,Canon,Canon EOS R50,Camera,75000,57,Returning,1,0,66508
P008,Canon,Canon EOS R50,Camera,75000,15,New,2,1,67075
P010,ASUS,ASUS ROG Zephyrus G16,Laptop,160000,81,Premium,1,0,134052
P010,ASUS,ASUS ROG Zephyrus G16,Laptop,160000,39,New,1,0,140871
P007,Dell,Dell XPS 13,Laptop,120000,78,Premium,3,0,105894
P009,Apple,iPad Air M3,Tablet,65000,49,Returning,2,1,58230
P010,ASUS,ASUS ROG Zephyrus G16,Laptop,160000,55,Returning,3,0,136124
P002,Samsung,Samsung Galaxy S25 Ultra,Smartphone,95000,98,New,3,0,81470
P002,Samsung,Samsung Galaxy S25 Ultra,Smartphone,95000,21,New,1,0,85160
P001,Apple,iPhone 16,Smartphone,80000,53,Returning,3,1,71798
P001,Apple,iPhone 16,Smartphone,80000,30,Returning,3,1,72219
P008,Canon,Canon EOS R50,Camera,75000,10,Premium,1,1,67056
P010,ASUS,ASUS ROG Zephyrus G16,Laptop,160000,85,New,2,0,136057
P004,Sony,PlayStation 5,Gaming Console,55000,83,New,2,0,49073
P001,Apple,iPhone 16,Smartphone,80000,22,Returning,3,1,71949
P002,Samsung,Samsung Galaxy S25 Ultra,Smartphone,95000,60,Premium,2,1,81215
P005,Sony,Sony WH-1000XM6,Headphones,32000,65,Premium,2,1,25182
P010,ASUS,ASUS ROG Zephyrus G16,Laptop,160000,6,Returning,3,1,137718
P005,Sony,Sony WH-1000XM6,Headphones,32000,4,New,1,0,28443
P005,Sony,Sony WH-1000XM6,Headphones,32000,74,New,1,1,26591
P008,Canon,Canon EOS R50,Camera,75000,36,New,3,1,64650
P008,Canon,Canon EOS R50,Camera,75000,12,Returning,2,1,66591
P006,Apple,Apple Watch Series 10,Smartwatch,50000,86,New,1,1,43921
P008,Canon,Canon EOS R50,Camera,75000,37,Premium,2,0,65215
P002,Samsung,Samsung Galaxy S25 Ultra,Smartphone,95000,41,Returning,2,0,84093
P007,Dell,Dell XPS 13,Laptop,120000,66,New,3,1,105523
P001,Apple,iPhone 16,Smartphone,80000,25,Premium,2,1,72140
P008,Canon,Canon EOS R50,Camera,75000,98,New,1,1,64562
P003,Apple,MacBook Air M4,Laptop,110000,37,Returning,3,1,97524
P001,Apple,iPhone 16,Smartphone,80000,81,Premium,1,0,72618
P009,Apple,iPad Air M3,Tablet,65000,2,Premium,2,0,60180
P002,Samsung,Samsung Galaxy S25 Ultra,Smartphone,95000,60,New,3,0,83610
P005,Sony,Sony WH-1000XM6,Headphones,32000,66,Premium,2,1,25954
P008,Canon,Canon EOS R50,Camera,75000,61,New,2,0,66642
P004,Sony,PlayStation 5,Gaming Console,55000,77,Premium,3,0,49334
P002,Samsung,Samsung Galaxy S25 Ultra,Smartphone,95000,36,Returning,2,1,82040
P001,Apple,iPhone 16,Smartphone,80000,37,Premium,2,1,72386
P003,Apple,MacBook Air M4,Laptop,110000,58,Premium,2,1,97740
P009,Apple,iPad Air M3,Tablet,65000,98,Premium,2,1,56355
P006,Apple,Apple Watch Series 10,Smartwatch,50000,25,Premium,1,1,43739
P007,Dell,Dell XPS 13,Laptop,120000,6,Returning,3,1,108222
P007,Dell,Dell XPS 13,Laptop,120000,50,Premium,3,0,105607
P001,Apple,iPhone 16,Smartphone,80000,17,Premium,3,1,73990
P002,Samsung,Samsung Galaxy S25 Ultra,Smartphone,95000,57,New,3,1,81215
P003,Apple,MacBook Air M4,Laptop,110000,53,Premium,1,0,101180
P005,Sony,Sony WH-1000XM6,Headphones,32000,44,Premium,3,1,25445
P002,Samsung,Samsung Galaxy S25 Ultra,Smartphone,95000,43,Premium,3,1,80277
P006,Apple,Apple Watch Series 10,Smartwatch,50000,81,Premium,2,0,43632
P002,Samsung,Samsung Galaxy S25 Ultra,Smartphone,95000,31,Premium,3,1,79532
P002,Samsung,Samsung Galaxy S25 Ultra,Smartphone,95000,56,New,3,0,83554
P003,Apple,MacBook Air M4,Laptop,110000,89,Returning,1,0,99932
P001,Apple,iPhone 16,Smartphone,80000,38,Returning,2,1,72449
P004,Sony,PlayStation 5,Gaming Console,55000,68,Returning,3,0,49174
P003,Apple,MacBook Air M4,Laptop,110000,11,Premium,2,0,103409
P010,ASUS,ASUS ROG Zephyrus G16,Laptop,160000,19,New,2,1,140770
P005,Sony,Sony WH-1000XM6,Headphones,32000,86,New,2,1,25793
P009,Apple,iPad Air M3,Tablet,65000,21,New,2,1,58601
P005,Sony,Sony WH-1000XM6,Headphones,32000,82,Returning,3,1,24927
P005,Sony,Sony WH-1000XM6,Headphones,32000,26,Returning,2,0,26302
P007,Dell,Dell XPS 13,Laptop,120000,74,Returning,3,1,104616
P005,Sony,Sony WH-1000XM6,Headphones,32000,3,Premium,2,1,26068
P010,ASUS,ASUS ROG Zephyrus G16,Laptop,160000,88,Premium,1,1,131552
P005,Sony,Sony WH-1000XM6,Headphones,32000,100,New,3,1,25004
P004,Sony,PlayStation 5,Gaming Console,55000,80,Returning,3,0,49643
P002,Samsung,Samsung Galaxy S25 Ultra,Smartphone,95000,81,Premium,1,1,80107
P008,Canon,Canon EOS R50,Camera,75000,5,Premium,2,0,67092
P005,Sony,Sony WH-1000XM6,Headphones,32000,42,Premium,2,0,25945
P003,Apple,MacBook Air M4,Laptop,110000,70,Returning,3,1,98250
P003,Apple,MacBook Air M4,Laptop,110000,33,Returning,2,1,99323
P002,Samsung,Samsung Galaxy S25 Ultra,Smartphone,95000,60,New,1,0,85880
P007,Dell,Dell XPS 13,Laptop,120000,72,Returning,1,1,106314
P005,Sony,Sony WH-1000XM6,Headphones,32000,69,New,2,1,26428
P005,Sony,Sony WH-1000XM6,Headphones,32000,75,Returning,3,1,25210
P004,Sony,PlayStation 5,Gaming Console,55000,61,New,3,1,49387
P010,ASUS,ASUS ROG Zephyrus G16,Laptop,160000,29,Premium,1,1,134831
P005,Sony,Sony WH-1000XM6,Headphones,32000,84,Returning,1,0,25786
P001,Apple,iPhone 16,Smartphone,80000,39,Returning,1,0,74940
P009,Apple,iPad Air M3,Tablet,65000,18,Returning,2,1,59986
P009,Apple,iPad Air M3,Tablet,65000,54,Premium,3,0,58256
P007,Dell,Dell XPS 13,Laptop,120000,84,New,2,1,104861
P005,Sony,Sony WH-1000XM6,Headphones,32000,5,Premium,2,0,27154
P008,Canon,Canon EOS R50,Camera,75000,31,Returning,1,1,65307
P006,Apple,Apple Watch Series 10,Smartwatch,50000,8,Returning,2,0,46991
P002,Samsung,Samsung Galaxy S25 Ultra,Smartphone,95000,59,New,3,0,83757
P010,ASUS,ASUS ROG Zephyrus G16,Laptop,160000,3,New,2,0,143628
P010,ASUS,ASUS ROG Zephyrus G16,Laptop,160000,27,New,3,0,137700
P004,Sony,PlayStation 5,Gaming Console,55000,30,Returning,1,0,50383
P003,Apple,MacBook Air M4,Laptop,110000,17,Premium,2,0,103012
P001,Apple,iPhone 16,Smartphone,80000,17,New,2,0,77702
P006,Apple,Apple Watch Series 10,Smartwatch,50000,3,New,2,0,46629
P007,Dell,Dell XPS 13,Laptop,120000,68,New,3,0,107987
P008,Canon,Canon EOS R50,Camera,75000,100,Returning,3,0,63712
P009,Apple,iPad Air M3,Tablet,65000,29,Premium,1,1,57819
P001,Apple,iPhone 16,Smartphone,80000,8,Returning,2,1,75402
P002,Samsung,Samsung Galaxy S25 Ultra,Smartphone,95000,63,Premium,2,0,83070
P002,Samsung,Samsung Galaxy S25 Ultra,Smartphone,95000,42,Premium,1,0,83229
P005,Sony,Sony WH-1000XM6,Headphones,32000,80,Premium,3,1,25170
P010,ASUS,ASUS ROG Zephyrus G16,Laptop,160000,68,Returning,2,1,134001
P002,Samsung,Samsung Galaxy S25 Ultra,Smartphone,95000,84,Premium,3,0,79740
P008,Canon,Canon EOS R50,Camera,75000,30,Returning,2,1,64408
P007,Dell,Dell XPS 13,Laptop,120000,94,New,2,1,104220
P005,Sony,Sony WH-1000XM6,Headphones,32000,48,New,3,1,25488
P002,Samsung,Samsung Galaxy S25 Ultra,Smartphone,95000,11,New,2,0,87662
P006,Apple,Apple Watch Series 10,Smartwatch,50000,17,Premium,1,1,45686
P002,Samsung,Samsung Galaxy S25 Ultra,Smartphone,95000,53,Returning,3,1,81138
P001,Apple,iPhone 16,Smartphone,80000,37,Premium,2,1,71606
P010,ASUS,ASUS ROG Zephyrus G16,Laptop,160000,65,New,1,1,137329
P002,Samsung,Samsung Galaxy S25 Ultra,Smartphone,95000,45,Premium,2,0,82930
P005,Sony,Sony WH-1000XM6,Headphones,32000,74,New,2,0,27003
P005,Sony,Sony WH-1000XM6,Headphones,32000,4,New,2,1,27643
P006,Apple,Apple Watch Series 10,Smartwatch,50000,45,New,1,0,46079
P007,Dell,Dell XPS 13,Laptop,120000,9,New,3,0,111193
P009,Apple,iPad Air M3,Tablet,65000,28,Returning,2,1,57699
P003,Apple,MacBook Air M4,Laptop,110000,48,Returning,3,1,98195
P010,ASUS,ASUS ROG Zephyrus G16,Laptop,160000,77,New,1,0,140461
P010,ASUS,ASUS ROG Zephyrus G16,Laptop,160000,7,Premium,1,1,139153
P007,Dell,Dell XPS 13,Laptop,120000,63,Premium,2,1,104179
P004,Sony,PlayStation 5,Gaming Console,55000,97,Premium,1,1,47790
P002,Samsung,Samsung Galaxy S25 Ultra,Smartphone,95000,37,Premium,3,1,79839
P005,Sony,Sony WH-1000XM6,Headphones,32000,6,New,2,0,27347
P004,Sony,PlayStation 5,Gaming Console,55000,39,New,1,1,49846
P006,Apple,Apple Watch Series 10,Smartwatch,50000,16,New,2,1,45679
P003,Apple,MacBook Air M4,Laptop,110000,49,Premium,3,0,99012
P009,Apple,iPad Air M3,Tablet,65000,86,Returning,1,1,57582
P001,Apple,iPhone 16,Smartphone,80000,56,New,2,0,75582
P006,Apple,Apple Watch Series 10,Smartwatch,50000,74,Returning,3,1,43726
P007,Dell,Dell XPS 13,Laptop,120000,38,New,2,0,109689
P006,Apple,Apple Watch Series 10,Smartwatch,50000,22,Premium,2,1,43090
P007,Dell,Dell XPS 13,Laptop,120000,14,New,2,1,110436
P002,Samsung,Samsung Galaxy S25 Ultra,Smartphone,95000,51,Returning,3,1,80476
P006,Apple,Apple Watch Series 10,Smartwatch,50000,100,New,1,0,45043
P009,Apple,iPad Air M3,Tablet,65000,25,Returning,2,0,58891
P002,Samsung,Samsung Galaxy S25 Ultra,Smartphone,95000,19,Returning,1,0,87516
P003,Apple,MacBook Air M4,Laptop,110000,98,Premium,1,0,99474
P008,Canon,Canon EOS R50,Camera,75000,60,Premium,3,1,63197
P010,ASUS,ASUS ROG Zephyrus G16,Laptop,160000,83,Premium,3,1,128384
P006,Apple,Apple Watch Series 10,Smartwatch,50000,20,Returning,1,1,44452
P005,Sony,Sony WH-1000XM6,Headphones,32000,36,Premium,1,1,25939
P002,Samsung,Samsung Galaxy S25 Ultra,Smartphone,95000,40,Returning,2,0,83158
P006,Apple,Apple Watch Series 10,Smartwatch,50000,37,New,3,0,45129
P010,ASUS,ASUS ROG Zephyrus G16,Laptop,160000,65,Returning,2,0,137560
P010,ASUS,ASUS ROG Zephyrus G16,Laptop,160000,84,New,2,1,132813
P003,Apple,MacBook Air M4,Laptop,110000,8,Returning,1,1,103631
P002,Samsung,Samsung Galaxy S25 Ultra,Smartphone,95000,65,Premium,1,0,83353
P008,Canon,Canon EOS R50,Camera,75000,57,Premium,3,0,64372
P006,Apple,Apple Watch Series 10,Smartwatch,50000,37,Returning,2,1,44195
P010,ASUS,ASUS ROG Zephyrus G16,Laptop,160000,7,Premium,3,1,135567
P006,Apple,Apple Watch Series 10,Smartwatch,50000,13,Premium,3,1,44290
P005,Sony,Sony WH-1000XM6,Headphones,32000,93,Premium,3,0,25121
P002,Samsung,Samsung Galaxy S25 Ultra,Smartphone,95000,75,Premium,1,1,81517
P007,Dell,Dell XPS 13,Laptop,120000,17,Premium,3,0,109017
P009,Apple,iPad Air M3,Tablet,65000,49,Premium,2,0,58686
P009,Apple,iPad Air M3,Tablet,65000,12,Premium,3,1,58520
P006,Apple,Apple Watch Series 10,Smartwatch,50000,3,Returning,2,0,46973
P004,Sony,PlayStation 5,Gaming Console,55000,44,Returning,1,0,50240
P003,Apple,MacBook Air M4,Laptop,110000,10,Returning,1,0,105777
P006,Apple,Apple Watch Series 10,Smartwatch,50000,99,Premium,1,1,42657
P003,Apple,MacBook Air M4,Laptop,110000,24,Premium,3,0,99238
P008,Canon,Canon EOS R50,Camera,75000,6,Returning,2,0,68742
P008,Canon,Canon EOS R50,Camera,75000,79,Returning,3,1,63489
P009,Apple,iPad Air M3,Tablet,65000,31,Returning,2,0,59026
P010,ASUS,ASUS ROG Zephyrus G16,Laptop,160000,57,Returning,2,1,134414
P009,Apple,iPad Air M3,Tablet,65000,54,New,1,0,60843
P005,Sony,Sony WH-1000XM6,Headphones,32000,7,Premium,2,1,26627
P002,Samsung,Samsung Galaxy S25 Ultra,Smartphone,95000,92,Premium,1,1,79385
P003,Apple,MacBook Air M4,Laptop,110000,35,Returning,3,0,100450
P007,Dell,Dell XPS 13,Laptop,120000,12,New,2,1,110852
P001,Apple,iPhone 16,Smartphone,80000,54,New,2,1,73341
P007,Dell,Dell XPS 13,Laptop,120000,11,Returning,1,0,112626
P002,Samsung,Samsung Galaxy S25 Ultra,Smartphone,95000,92,Premium,2,0,80390
P001,Apple,iPhone 16,Smartphone,80000,37,Returning,3,0,73877
P008,Canon,Canon EOS R50,Camera,75000,58,Premium,1,0,65519
P005,Sony,Sony WH-1000XM6,Headphones,32000,28,New,3,1,25533
P005,Sony,Sony WH-1000XM6,Headphones,32000,31,Returning,1,0,26624
P007,Dell,Dell XPS 13,Laptop,120000,82,Premium,2,0,104013
P008,Canon,Canon EOS R50,Camera,75000,77,Premium,1,0,66235
P003,Apple,MacBook Air M4,Laptop,110000,38,Returning,1,1,99846
P010,ASUS,ASUS ROG Zephyrus G16,Laptop,160000,54,New,3,0,137636
P006,Apple,Apple Watch Series 10,Smartwatch,50000,9,Premium,3,0,45399
P008,Canon,Canon EOS R50,Camera,75000,6,Premium,2,1,65759
P001,Apple,iPhone 16,Smartphone,80000,46,New,2,0,75450
P002,Samsung,Samsung Galaxy S25 Ultra,Smartphone,95000,99,Premium,3,1,77536
P001,Apple,iPhone 16,Smartphone,80000,46,Premium,2,0,73950
P008,Canon,Canon EOS R50,Camera,75000,90,Returning,3,0,64080
P003,Apple,MacBook Air M4,Laptop,110000,9,Premium,2,0,103200
P004,Sony,PlayStation 5,Gaming Console,55000,6,New,1,1,52155
P005,Sony,Sony WH-1000XM6,Headphones,32000,66,Returning,3,1,25359
P001,Apple,iPhone 16,Smartphone,80000,97,Premium,1,1,71065
P001,Apple,iPhone 16,Smartphone,80000,84,Returning,2,0,73118
P006,Apple,Apple Watch Series 10,Smartwatch,50000,56,Returning,3,1,43916
P007,Dell,Dell XPS 13,Laptop,120000,44,New,2,1,106676
P009,Apple,iPad Air M3,Tablet,65000,35,New,3,1,57430
P007,Dell,Dell XPS 13,Laptop,120000,78,New,3,1,105428
P002,Samsung,Samsung Galaxy S25 Ultra,Smartphone,95000,11,Returning,3,1,83413
P008,Canon,Canon EOS R50,Camera,75000,78,Premium,2,0,65456
P008,Canon,Canon EOS R50,Camera,75000,45,Returning,1,1,65379
P007,Dell,Dell XPS 13,Laptop,120000,36,Premium,1,0,108187
P007,Dell,Dell XPS 13,Laptop,120000,47,Premium,3,0,106075
P001,Apple,iPhone 16,Smartphone,80000,19,Premium,3,1,73135
P003,Apple,MacBook Air M4,Laptop,110000,9,New,3,1,102170
P007,Dell,Dell XPS 13,Laptop,120000,73,New,3,0,108195
P008,Canon,Canon EOS R50,Camera,75000,48,Returning,2,0,66087
P003,Apple,MacBook Air M4,Laptop,110000,68,Returning,2,1,99165
P005,Sony,Sony WH-1000XM6,Headphones,32000,32,New,1,0,27211
P009,Apple,iPad Air M3,Tablet,65000,50,Premium,1,1,58143
P005,Sony,Sony WH-1000XM6,Headphones,32000,91,Returning,1,1,25810
P008,Canon,Canon EOS R50,Camera,75000,26,New,1,0,67462
P003,Apple,MacBook Air M4,Laptop,110000,92,Returning,1,1,98083
P006,Apple,Apple Watch Series 10,Smartwatch,50000,91,New,3,1,43412
P005,Sony,Sony WH-1000XM6,Headphones,32000,21,Premium,3,0,26232
P006,Apple,Apple Watch Series 10,Smartwatch,50000,66,New,1,0,46311
P003,Apple,MacBook Air M4,Laptop,110000,31,Returning,1,1,100167
P010,ASUS,ASUS ROG Zephyrus G16,Laptop,160000,48,Returning,3,0,136126
P002,Samsung,Samsung Galaxy S25 Ultra,Smartphone,95000,9,Returning,2,1,84588
P007,Dell,Dell XPS 13,Laptop,120000,99,Returning,3,0,104028
P006,Apple,Apple Watch Series 10,Smartwatch,50000,83,New,2,1,43696
P009,Apple,iPad Air M3,Tablet,65000,45,New,3,0,59436
P003,Apple,MacBook Air M4,Laptop,110000,56,Premium,1,0,101230
P003,Apple,MacBook Air M4,Laptop,110000,39,New,1,1,101657
P004,Sony,PlayStation 5,Gaming Console,55000,45,Premium,2,0,49256
P004,Sony,PlayStation 5,Gaming Console,55000,82,Premium,2,0,48540
P005,Sony,Sony WH-1000XM6,Headphones,32000,79,Premium,1,0,26666
P010,ASUS,ASUS ROG Zephyrus G16,Laptop,160000,20,New,3,1,134762
P010,ASUS,ASUS ROG Zephyrus G16,Laptop,160000,6,New,1,0,146071
P010,ASUS,ASUS ROG Zephyrus G16,Laptop,160000,34,Premium,1,1,134532
P001,Apple,iPhone 16,Smartphone,80000,64,Premium,3,1,71357
P005,Sony,Sony WH-1000XM6,Headphones,32000,62,New,3,1,25724
P008,Canon,Canon EOS R50,Camera,75000,10,Premium,1,0,68200
P007,Dell,Dell XPS 13,Laptop,120000,62,Returning,1,1,106921
P003,Apple,MacBook Air M4,Laptop,110000,41,Premium,2,1,98398
P007,Dell,Dell XPS 13,Laptop,120000,17,Returning,3,0,110226
P004,Sony,PlayStation 5,Gaming Console,55000,60,New,2,1,49253
P003,Apple,MacBook Air M4,Laptop,110000,13,New,2,1,103784
P010,ASUS,ASUS ROG Zephyrus G16,Laptop,160000,54,New,1,1,138056
P010,ASUS,ASUS ROG Zephyrus G16,Laptop,160000,93,Returning,1,0,136010
P009,Apple,iPad Air M3,Tablet,65000,60,Returning,2,1,57373
P002,Samsung,Samsung Galaxy S25 Ultra,Smartphone,95000,51,Premium,2,0,82370
P010,ASUS,ASUS ROG Zephyrus G16,Laptop,160000,46,New,1,1,137606
P010,ASUS,ASUS ROG Zephyrus G16,Laptop,160000,84,Premium,2,1,129649
P001,Apple,iPhone 16,Smartphone,80000,14,Returning,1,1,76244
P006,Apple,Apple Watch Series 10,Smartwatch,50000,98,Returning,2,0,43910
P001,Apple,iPhone 16,Smartphone,80000,73,Premium,1,1,72866
P005,Sony,Sony WH-1000XM6,Headphones,32000,10,Returning,3,1,26842
P009,Apple,iPad Air M3,Tablet,65000,36,Premium,3,0,57481
P002,Samsung,Samsung Galaxy S25 Ultra,Smartphone,95000,51,Returning,2,1,81973
P003,Apple,MacBook Air M4,Laptop,110000,26,Premium,3,1,96812
P001,Apple,iPhone 16,Smartphone,80000,6,New,1,1,77123
P008,Canon,Canon EOS R50,Camera,75000,67,Returning,1,0,66585
P010,ASUS,ASUS ROG Zephyrus G16,Laptop,160000,41,New,2,1,136107
P006,Apple,Apple Watch Series 10,Smartwatch,50000,65,Premium,3,1,43225
P010,ASUS,ASUS ROG Zephyrus G16,Laptop,160000,39,Returning,1,1,135839
P002,Samsung,Samsung Galaxy S25 Ultra,Smartphone,95000,54,Premium,2,0,82761
P008,Canon,Canon EOS R50,Camera,75000,34,Premium,3,0,64738
P001,Apple,iPhone 16,Smartphone,80000,75,Returning,1,1,73251
P004,Sony,PlayStation 5,Gaming Console,55000,5,Premium,3,0,50295
P001,Apple,iPhone 16,Smartphone,80000,57,Returning,2,0,74322
P004,Sony,PlayStation 5,Gaming Console,55000,53,Premium,3,1,48243
P001,Apple,iPhone 16,Smartphone,80000,91,New,3,0,72874
P006,Apple,Apple Watch Series 10,Smartwatch,50000,85,Returning,3,1,42321
P003,Apple,MacBook Air M4,Laptop,110000,59,Premium,2,1,98092
P005,Sony,Sony WH-1000XM6,Headphones,32000,79,Returning,1,0,26665
P009,Apple,iPad Air M3,Tablet,65000,39,New,2,1,58721
P004,Sony,PlayStation 5,Gaming Console,55000,89,Premium,2,1,47291
P006,Apple,Apple Watch Series 10,Smartwatch,50000,72,Premium,2,1,43124
P010,ASUS,ASUS ROG Zephyrus G16,Laptop,160000,87,Premium,2,1,129938
P006,Apple,Apple Watch Series 10,Smartwatch,50000,99,New,2,0,44294
P002,Samsung,Samsung Galaxy S25 Ultra,Smartphone,95000,45,Returning,3,1,81015
P008,Canon,Canon EOS R50,Camera,75000,28,New,3,1,64955
P009,Apple,iPad Air M3,Tablet,65000,90,Returning,1,0,58630
P010,ASUS,ASUS ROG Zephyrus G16,Laptop,160000,31,New,1,0,140953
P004,Sony,PlayStation 5,Gaming Console,55000,7,New,2,1,51384
P008,Canon,Canon EOS R50,Camera,75000,13,Premium,1,0,68737
P009,Apple,iPad Air M3,Tablet,65000,21,Returning,3,1,57188
P004,Sony,PlayStation 5,Gaming Console,55000,97,Returning,2,1,48011
P001,Apple,iPhone 16,Smartphone,80000,99,New,3,0,72847
P001,Apple,iPhone 16,Smartphone,80000,23,Returning,1,0,75556
P007,Dell,Dell XPS 13,Laptop,120000,64,New,3,1,105997
P001,Apple,iPhone 16,Smartphone,80000,2,Returning,3,0,76450
P006,Apple,Apple Watch Series 10,Smartwatch,50000,37,Returning,3,1,43910
P003,Apple,MacBook Air M4,Laptop,110000,65,Returning,2,0,101528
P002,Samsung,Samsung Galaxy S25 Ultra,Smartphone,95000,43,New,3,1,81863
P005,Sony,Sony WH-1000XM6,Headphones,32000,92,New,1,1,26229
P005,Sony,Sony WH-1000XM6,Headphones,32000,73,Premium,1,0,26685
P007,Dell,Dell XPS 13,Laptop,120000,55,Premium,2,0,106710
P002,Samsung,Samsung Galaxy S25 Ultra,Smartphone,95000,24,New,2,1,83108
P004,Sony,PlayStation 5,Gaming Console,55000,1,Returning,2,0,51657
P005,Sony,Sony WH-1000XM6,Headphones,32000,43,Returning,3,0,26007
P006,Apple,Apple Watch Series 10,Smartwatch,50000,89,New,1,0,44976
P005,Sony,Sony WH-1000XM6,Headphones,32000,21,Returning,3,1,25806
P002,Samsung,Samsung Galaxy S25 Ultra,Smartphone,95000,82,Returning,2,0,81424
P003,Apple,MacBook Air M4,Laptop,110000,62,New,2,1,100025
P009,Apple,iPad Air M3,Tablet,65000,61,Premium,3,0,58130
P004,Sony,PlayStation 5,Gaming Console,55000,88,Premium,1,1,47890
P006,Apple,Apple Watch Series 10,Smartwatch,50000,10,Premium,1,0,46848
P009,Apple,iPad Air M3,Tablet,65000,65,New,3,0,58818
P006,Apple,Apple Watch Series 10,Smartwatch,50000,67,Returning,1,0,45734
P010,ASUS,ASUS ROG Zephyrus G16,Laptop,160000,63,New,3,1,134728
P001,Apple,iPhone 16,Smartphone,80000,59,New,3,1,72767
P010,ASUS,ASUS ROG Zephyrus G16,Laptop,160000,8,Premium,2,1,137840
P001,Apple,iPhone 16,Smartphone,80000,51,Returning,1,0,75292
P002,Samsung,Samsung Galaxy S25 Ultra,Smartphone,95000,6,Returning,2,0,86504
P001,Apple,iPhone 16,Smartphone,80000,9,Returning,1,1,75918
P003,Apple,MacBook Air M4,Laptop,110000,99,New,3,1,96683
P007,Dell,Dell XPS 13,Laptop,120000,58,Returning,2,0,108199
P009,Apple,iPad Air M3,Tablet,65000,18,Premium,2,0,60132
P009,Apple,iPad Air M3,Tablet,65000,51,Premium,1,0,59504
P001,Apple,iPhone 16,Smartphone,80000,97,New,2,1,72189
P009,Apple,iPad Air M3,Tablet,65000,55,Premium,2,0,58253
P008,Canon,Canon EOS R50,Camera,75000,45,New,2,0,67209
P002,Samsung,Samsung Galaxy S25 Ultra,Smartphone,95000,5,Premium,2,0,85246
P004,Sony,PlayStation 5,Gaming Console,55000,9,New,3,0,51657
P010,ASUS,ASUS ROG Zephyrus G16,Laptop,160000,87,Premium,1,0,134658
P001,Apple,iPhone 16,Smartphone,80000,52,Returning,1,0,75472
P001,Apple,iPhone 16,Smartphone,80000,18,Premium,2,0,76335
P010,ASUS,ASUS ROG Zephyrus G16,Laptop,160000,41,Premium,3,1,130942
P005,Sony,Sony WH-1000XM6,Headphones,32000,19,Premium,3,0,26803
P005,Sony,Sony WH-1000XM6,Headphones,32000,36,New,3,0,26701
P007,Dell,Dell XPS 13,Laptop,120000,72,Returning,1,1,107264
P007,Dell,Dell XPS 13,Laptop,120000,68,Returning,3,1,104318
P003,Apple,MacBook Air M4,Laptop,110000,39,Returning,1,1,99846
P004,Sony,PlayStation 5,Gaming Console,55000,39,Premium,1,1,49386
P001,Apple,iPhone 16,Smartphone,80000,72,Returning,2,0,74297
P004,Sony,PlayStation 5,Gaming Console,55000,33,New,2,0,51044
P008,Canon,Canon EOS R50,Camera,75000,48,New,3,0,65552
P005,Sony,Sony WH-1000XM6,Headphones,32000,49,Premium,3,0,26314
P002,Samsung,Samsung Galaxy S25 Ultra,Smartphone,95000,25,Premium,3,0,81690
P004,Sony,PlayStation 5,Gaming Console,55000,43,Returning,1,0,51059
P004,Sony,PlayStation 5,Gaming Console,55000,95,New,3,1,48286
P004,Sony,PlayStation 5,Gaming Console,55000,90,Premium,3,0,47756
P004,Sony,PlayStation 5,Gaming Console,55000,71,Returning,2,1,48927
P009,Apple,iPad Air M3,Tablet,65000,84,Returning,2,1,56418
P009,Apple,iPad Air M3,Tablet,65000,64,Returning,1,1,58779
P006,Apple,Apple Watch Series 10,Smartwatch,50000,27,Returning,2,1,43546
P010,ASUS,ASUS ROG Zephyrus G16,Laptop,160000,29,Premium,1,0,137367
P009,Apple,iPad Air M3,Tablet,65000,75,Premium,3,1,56352
P003,Apple,MacBook Air M4,Laptop,110000,26,Returning,1,1,100183
P004,Sony,PlayStation 5,Gaming Console,55000,64,Premium,3,1,47613
P008,Canon,Canon EOS R50,Camera,75000,93,Premium,3,1,61471
P003,Apple,MacBook Air M4,Laptop,110000,94,Returning,1,0,100337
P009,Apple,iPad Air M3,Tablet,65000,63,New,3,0,59186
P001,Apple,iPhone 16,Smartphone,80000,10,Premium,1,0,76722
P003,Apple,MacBook Air M4,Laptop,110000,81,New,1,0,100709
P004,Sony,PlayStation 5,Gaming Console,55000,65,Returning,2,0,50182
P010,ASUS,ASUS ROG Zephyrus G16,Laptop,160000,62,Premium,2,0,135506
P009,Apple,iPad Air M3,Tablet,65000,71,Returning,1,0,59842
P005,Sony,Sony WH-1000XM6,Headphones,32000,69,Returning,1,1,26565
P003,Apple,MacBook Air M4,Laptop,110000,14,New,3,0,104246
P004,Sony,PlayStation 5,Gaming Console,55000,80,Premium,2,1,48173
P007,Dell,Dell XPS 13,Laptop,120000,11,Returning,2,1,109278
P004,Sony,PlayStation 5,Gaming Console,55000,90,New,2,0,49669
P001,Apple,iPhone 16,Smartphone,80000,12,Returning,2,1,75265
P008,Canon,Canon EOS R50,Camera,75000,8,Premium,1,0,67834
P008,Canon,Canon EOS R50,Camera,75000,56,Premium,2,0,65666
P009,Apple,iPad Air M3,Tablet,65000,6,New,1,1,60877
P001,Apple,iPhone 16,Smartphone,80000,10,Premium,2,0,75683
P006,Apple,Apple Watch Series 10,Smartwatch,50000,3,New,3,0,46770
P007,Dell,Dell XPS 13,Laptop,120000,10,Returning,1,0,112880
P007,Dell,Dell XPS 13,Laptop,120000,87,Premium,2,1,102273
P003,Apple,MacBook Air M4,Laptop,110000,89,Premium,1,1,96354
P002,Samsung,Samsung Galaxy S25 Ultra,Smartphone,95000,56,New,1,1,83719
P010,ASUS,ASUS ROG Zephyrus G16,Laptop,160000,77,Returning,2,0,137749
P005,Sony,Sony WH-1000XM6,Headphones,32000,58,Returning,1,1,26306
P007,Dell,Dell XPS 13,Laptop,120000,56,New,3,1,105187
P010,ASUS,ASUS ROG Zephyrus G16,Laptop,160000,38,New,3,0,137184
P005,Sony,Sony WH-1000XM6,Headphones,32000,20,Returning,3,0,26497
P007,Dell,Dell XPS 13,Laptop,120000,41,Returning,1,0,108705
P005,Sony,Sony WH-1000XM6,Headphones,32000,57,Returning,2,0,26195
P002,Samsung,Samsung Galaxy S25 Ultra,Smartphone,95000,24,Returning,2,1,81305
P001,Apple,iPhone 16,Smartphone,80000,12,Returning,3,0,76111
P010,ASUS,ASUS ROG Zephyrus G16,Laptop,160000,42,Returning,1,1,135923
P007,Dell,Dell XPS 13,Laptop,120000,100,New,3,0,105685
P009,Apple,iPad Air M3,Tablet,65000,22,Premium,2,0,58142
P005,Sony,Sony WH-1000XM6,Headphones,32000,39,Returning,2,0,26124
P003,Apple,MacBook Air M4,Laptop,110000,56,Returning,2,1,98995
P002,Samsung,Samsung Galaxy S25 Ultra,Smartphone,95000,47,Returning,1,1,82758
P010,ASUS,ASUS ROG Zephyrus G16,Laptop,160000,26,Returning,1,0,139011
P001,Apple,iPhone 16,Smartphone,80000,51,Returning,3,1,72323
P006,Apple,Apple Watch Series 10,Smartwatch,50000,57,Returning,2,0,44807
P006,Apple,Apple Watch Series 10,Smartwatch,50000,78,Premium,1,1,43821
P003,Apple,MacBook Air M4,Laptop,110000,51,Returning,2,1,99490
P010,ASUS,ASUS ROG Zephyrus G16,Laptop,160000,32,Returning,2,1,134736
P007,Dell,Dell XPS 13,Laptop,120000,47,New,3,0,108106
P009,Apple,iPad Air M3,Tablet,65000,24,Premium,3,0,58325
P008,Canon,Canon EOS R50,Camera,75000,91,New,2,1,64101
P002,Samsung,Samsung Galaxy S25 Ultra,Smartphone,95000,53,Premium,2,0,82798
P005,Sony,Sony WH-1000XM6,Headphones,32000,31,Returning,3,0,26472
P007,Dell,Dell XPS 13,Laptop,120000,49,New,2,1,106896
P007,Dell,Dell XPS 13,Laptop,120000,69,Premium,3,1,103256
P001,Apple,iPhone 16,Smartphone,80000,47,Premium,3,0,72411
P004,Sony,PlayStation 5,Gaming Console,55000,85,Premium,2,0,48562
P010,ASUS,ASUS ROG Zephyrus G16,Laptop,160000,6,Premium,3,1,136490
P006,Apple,Apple Watch Series 10,Smartwatch,50000,56,New,1,0,45764
P004,Sony,PlayStation 5,Gaming Console,55000,66,Premium,3,0,48906
P006,Apple,Apple Watch Series 10,Smartwatch,50000,51,Returning,3,0,44353
P001,Apple,iPhone 16,Smartphone,80000,62,New,2,1,74042
P002,Samsung,Samsung Galaxy S25 Ultra,Smartphone,95000,15,Premium,1,1,84369
P006,Apple,Apple Watch Series 10,Smartwatch,50000,59,New,3,1,43856
P008,Canon,Canon EOS R50,Camera,75000,13,Returning,3,1,65826
P002,Samsung,Samsung Galaxy S25 Ultra,Smartphone,95000,39,New,3,0,83123
P006,Apple,Apple Watch Series 10,Smartwatch,50000,83,New,3,0,44452
P004,Sony,PlayStation 5,Gaming Console,55000,67,New,3,0,49888
P009,Apple,iPad Air M3,Tablet,65000,55,Returning,1,1,58644
P003,Apple,MacBook Air M4,Laptop,110000,24,Premium,3,1,96705
P001,Apple,iPhone 16,Smartphone,80000,95,Premium,1,1,71306
P007,Dell,Dell XPS 13,Laptop,120000,50,New,3,0,107710
P005,Sony,Sony WH-1000XM6,Headphones,32000,97,Premium,1,0,26238
P009,Apple,iPad Air M3,Tablet,65000,24,Returning,2,0,59118
P002,Samsung,Samsung Galaxy S25 Ultra,Smartphone,95000,34,Premium,2,1,80861
P007,Dell,Dell XPS 13,Laptop,120000,79,Returning,3,0,106656
P006,Apple,Apple Watch Series 10,Smartwatch,50000,59,Premium,1,1,44440
P010,ASUS,ASUS ROG Zephyrus G16,Laptop,160000,76,New,3,0,137420
P002,Samsung,Samsung Galaxy S25 Ultra,Smartphone,95000,31,Returning,1,0,84432
P003,Apple,MacBook Air M4,Laptop,110000,66,Returning,2,0,101288
P007,Dell,Dell XPS 13,Laptop,120000,55,New,2,0,109268
P003,Apple,MacBook Air M4,Laptop,110000,63,Returning,1,0,102122
P008,Canon,Canon EOS R50,Camera,75000,80,New,2,0,66746
P003,Apple,MacBook Air M4,Laptop,110000,25,Returning,3,1,97818
P008,Canon,Canon EOS R50,Camera,75000,54,Premium,2,1,63421
P002,Samsung,Samsung Galaxy S25 Ultra,Smartphone,95000,73,New,1,1,83133
P005,Sony,Sony WH-1000XM6,Headphones,32000,29,Premium,2,0,26539
P008,Canon,Canon EOS R50,Camera,75000,73,Premium,2,0,65336
P002,Samsung,Samsung Galaxy S25 Ultra,Smartphone,95000,35,Premium,2,0,82928
P008,Canon,Canon EOS R50,Camera,75000,70,New,2,0,67003
P004,Sony,PlayStation 5,Gaming Console,55000,39,New,2,1,49356
P002,Samsung,Samsung Galaxy S25 Ultra,Smartphone,95000,57,New,1,0,85830
P010,ASUS,ASUS ROG Zephyrus G16,Laptop,160000,89,Returning,3,1,129269
P010,ASUS,ASUS ROG Zephyrus G16,Laptop,160000,18,New,1,0,145683
P006,Apple,Apple Watch Series 10,Smartwatch,50000,69,Returning,3,0,44331
P005,Sony,Sony WH-1000XM6,Headphones,32000,38,Premium,2,0,25878
P007,Dell,Dell XPS 13,Laptop,120000,8,Returning,3,0,110618
P003,Apple,MacBook Air M4,Laptop,110000,32,New,3,1,99348
P004,Sony,PlayStation 5,Gaming Console,55000,98,Premium,2,1,46945
P010,ASUS,ASUS ROG Zephyrus G16,Laptop,160000,81,Returning,3,1,129484
P008,Canon,Canon EOS R50,Camera,75000,10,Premium,1,1,66777
P005,Sony,Sony WH-1000XM6,Headphones,32000,89,Returning,2,1,25115
P010,ASUS,ASUS ROG Zephyrus G16,Laptop,160000,1,Premium,1,1,139350
P006,Apple,Apple Watch Series 10,Smartwatch,50000,9,Premium,2,0,46491
P007,Dell,Dell XPS 13,Laptop,120000,28,Returning,2,1,105948
P005,Sony,Sony WH-1000XM6,Headphones,32000,44,Premium,3,0,25999
P008,Canon,Canon EOS R50,Camera,75000,44,Premium,1,0,65601
P008,Canon,Canon EOS R50,Camera,75000,3,New,1,1,68217
P001,Apple,iPhone 16,Smartphone,80000,55,New,3,0,74803
P005,Sony,Sony WH-1000XM6,Headphones,32000,21,Returning,1,1,25996
P002,Samsung,Samsung Galaxy S25 Ultra,Smartphone,95000,48,Premium,3,0,81253
P007,Dell,Dell XPS 13,Laptop,120000,81,Returning,3,0,104339
P002,Samsung,Samsung Galaxy S25 Ultra,Smartphone,95000,91,New,1,0,83588
P002,Samsung,Samsung Galaxy S25 Ultra,Smartphone,95000,17,Premium,1,1,84059
P001,Apple,iPhone 16,Smartphone,80000,90,Returning,1,1,72210
P003,Apple,MacBook Air M4,Laptop,110000,62,New,1,1,100791
P002,Samsung,Samsung Galaxy S25 Ultra,Smartphone,95000,14,Returning,2,1,84190
P007,Dell,Dell XPS 13,Laptop,120000,100,New,3,0,105170
P009,Apple,iPad Air M3,Tablet,65000,73,New,3,0,59100
P006,Apple,Apple Watch Series 10,Smartwatch,50000,93,New,3,0,44441
P007,Dell,Dell XPS 13,Laptop,120000,79,Premium,2,0,106388
P002,Samsung,Samsung Galaxy S25 Ultra,Smartphone,95000,18,New,3,1,84409
P007,Dell,Dell XPS 13,Laptop,120000,41,New,1,1,108160
P002,Samsung,Samsung Galaxy S25 Ultra,Smartphone,95000,32,Premium,3,1,80097
P001,Apple,iPhone 16,Smartphone,80000,85,Returning,1,0,73865
P007,Dell,Dell XPS 13,Laptop,120000,38,Premium,1,0,108006
P007,Dell,Dell XPS 13,Laptop,120000,15,New,2,0,112840
P001,Apple,iPhone 16,Smartphone,80000,47,Returning,1,1,73981
P010,ASUS,ASUS ROG Zephyrus G16,Laptop,160000,54,Returning,3,0,136281
P008,Canon,Canon EOS R50,Camera,75000,99,New,1,0,65514
P005,Sony,Sony WH-1000XM6,Headphones,32000,28,New,1,1,26578
P005,Sony,Sony WH-1000XM6,Headphones,32000,81,Premium,3,1,24573
P007,Dell,Dell XPS 13,Laptop,120000,11,Premium,3,0,108984
P002,Samsung,Samsung Galaxy S25 Ultra,Smartphone,95000,40,New,3,0,84097
P003,Apple,MacBook Air M4,Laptop,110000,69,Returning,2,0,101017
P007,Dell,Dell XPS 13,Laptop,120000,94,New,1,0,107588
P007,Dell,Dell XPS 13,Laptop,120000,15,Returning,3,0,110216
P003,Apple,MacBook Air M4,Laptop,110000,16,New,3,0,104718
P001,Apple,iPhone 16,Smartphone,80000,21,Returning,2,1,72470
P006,Apple,Apple Watch Series 10,Smartwatch,50000,17,Premium,2,0,46289
P001,Apple,iPhone 16,Smartphone,80000,43,Returning,2,0,74169
P010,ASUS,ASUS ROG Zephyrus G16,Laptop,160000,81,New,2,1,132823
P006,Apple,Apple Watch Series 10,Smartwatch,50000,8,Returning,3,0,45876
P003,Apple,MacBook Air M4,Laptop,110000,33,New,3,0,100933
P009,Apple,iPad Air M3,Tablet,65000,1,New,1,0,61947
P008,Canon,Canon EOS R50,Camera,75000,47,Returning,1,0,67203
P001,Apple,iPhone 16,Smartphone,80000,71,Premium,3,1,70929
P006,Apple,Apple Watch Series 10,Smartwatch,50000,32,Returning,3,1,43277
P002,Samsung,Samsung Galaxy S25 Ultra,Smartphone,95000,74,Returning,1,0,84233
P004,Sony,PlayStation 5,Gaming Console,55000,67,New,2,0,50998
P008,Canon,Canon EOS R50,Camera,75000,37,Returning,2,0,66066
P008,Canon,Canon EOS R50,Camera,75000,2,Returning,1,1,67577
P005,Sony,Sony WH-1000XM6,Headphones,32000,95,Premium,1,1,25157
P010,ASUS,ASUS ROG Zephyrus G16,Laptop,160000,64,New,3,0,137254
P001,Apple,iPhone 16,Smartphone,80000,53,New,1,1,74551
P001,Apple,iPhone 16,Smartphone,80000,43,New,3,1,73169
P005,Sony,Sony WH-1000XM6,Headphones,32000,14,New,3,0,27449
P008,Canon,Canon EOS R50,Camera,75000,8,New,3,1,66345
P001,Apple,iPhone 16,Smartphone,80000,30,Premium,2,1,71969
P002,Samsung,Samsung Galaxy S25 Ultra,Smartphone,95000,75,New,3,0,83752
P007,Dell,Dell XPS 13,Laptop,120000,10,Premium,3,0,109145
P003,Apple,MacBook Air M4,Laptop,110000,31,Returning,2,1,99448
P007,Dell,Dell XPS 13,Laptop,120000,90,Premium,2,1,101963
P005,Sony,Sony WH-1000XM6,Headphones,32000,30,New,1,0,27498
P010,ASUS,ASUS ROG Zephyrus G16,Laptop,160000,14,New,1,0,145560
P008,Canon,Canon EOS R50,Camera,75000,41,Returning,1,1,65737
P004,Sony,PlayStation 5,Gaming Console,55000,58,Returning,2,1,49322
P002,Samsung,Samsung Galaxy S25 Ultra,Smartphone,95000,12,New,3,1,84896
P010,ASUS,ASUS ROG Zephyrus G16,Laptop,160000,6,New,2,0,143593
P004,Sony,PlayStation 5,Gaming Console,55000,46,Returning,3,0,49693
P005,Sony,Sony WH-1000XM6,Headphones,32000,34,New,1,1,26935
P008,Canon,Canon EOS R50,Camera,75000,72,Premium,3,0,64096
P008,Canon,Canon EOS R50,Camera,75000,14,New,1,0,69313
P004,Sony,PlayStation 5,Gaming Console,55000,17,New,2,1,51352
P002,Samsung,Samsung Galaxy S25 Ultra,Smartphone,95000,75,Premium,2,0,82172
P002,Samsung,Samsung Galaxy S25 Ultra,Smartphone,95000,26,Premium,2,0,82244
P006,Apple,Apple Watch Series 10,Smartwatch,50000,16,New,2,0,46672
P010,ASUS,ASUS ROG Zephyrus G16,Laptop,160000,56,Premium,2,1,132330
P007,Dell,Dell XPS 13,Laptop,120000,88,Returning,1,1,104119
P003,Apple,MacBook Air M4,Laptop,110000,36,Returning,2,0,100735
P010,ASUS,ASUS ROG Zephyrus G16,Laptop,160000,80,Premium,1,1,134410
P007,Dell,Dell XPS 13,Laptop,120000,71,Returning,1,0,108986
P007,Dell,Dell XPS 13,Laptop,120000,18,Returning,1,0,112945
P009,Apple,iPad Air M3,Tablet,65000,3,Returning,3,1,59141
P009,Apple,iPad Air M3,Tablet,65000,63,Returning,3,1,57097
P005,Sony,Sony WH-1000XM6,Headphones,32000,24,New,2,0,26410
P005,Sony,Sony WH-1000XM6,Headphones,32000,8,Returning,3,1,26845
P010,ASUS,ASUS ROG Zephyrus G16,Laptop,160000,30,New,1,0,140972
P004,Sony,PlayStation 5,Gaming Console,55000,35,Premium,3,0,49232
P004,Sony,PlayStation 5,Gaming Console,55000,74,Returning,2,0,49730
P004,Sony,PlayStation 5,Gaming Console,55000,76,Returning,3,1,48835
P010,ASUS,ASUS ROG Zephyrus G16,Laptop,160000,4,Premium,3,1,136470
P010,ASUS,ASUS ROG Zephyrus G16,Laptop,160000,73,New,3,0,137956
P008,Canon,Canon EOS R50,Camera,75000,70,Returning,1,1,64788
P002,Samsung,Samsung Galaxy S25 Ultra,Smartphone,95000,8,New,3,0,85970
P009,Apple,iPad Air M3,Tablet,65000,62,New,2,0,60125
P003,Apple,MacBook Air M4,Laptop,110000,44,Premium,1,1,98560
P001,Apple,iPhone 16,Smartphone,80000,19,Premium,3,0,75492
P002,Samsung,Samsung Galaxy S25 Ultra,Smartphone,95000,68,Returning,1,1,82871
P007,Dell,Dell XPS 13,Laptop,120000,76,New,2,1,106630
P003,Apple,MacBook Air M4,Laptop,110000,21,Premium,2,1,98064
P006,Apple,Apple Watch Series 10,Smartwatch,50000,23,Premium,3,1,42728
P010,ASUS,ASUS ROG Zephyrus G16,Laptop,160000,23,Returning,2,1,134030
P003,Apple,MacBook Air M4,Laptop,110000,94,New,3,1,97171
P010,ASUS,ASUS ROG Zephyrus G16,Laptop,160000,5,New,3,1,139643
P010,ASUS,ASUS ROG Zephyrus G16,Laptop,160000,29,Premium,3,0,134859
P008,Canon,Canon EOS R50,Camera,75000,19,Returning,3,0,67243
P006,Apple,Apple Watch Series 10,Smartwatch,50000,41,New,3,0,45341
P006,Apple,Apple Watch Series 10,Smartwatch,50000,58,New,2,0,45255
P002,Samsung,Samsung Galaxy S25 Ultra,Smartphone,95000,45,Returning,1,0,84099
P007,Dell,Dell XPS 13,Laptop,120000,57,Premium,2,0,107205
P007,Dell,Dell XPS 13,Laptop,120000,64,Returning,2,1,105203
P008,Canon,Canon EOS R50,Camera,75000,74,Premium,3,0,64166
P008,Canon,Canon EOS R50,Camera,75000,10,New,2,0,68826
P005,Sony,Sony WH-1000XM6,Headphones,32000,14,New,2,0,28249
P007,Dell,Dell XPS 13,Laptop,120000,21,Premium,1,0,107846
P010,ASUS,ASUS ROG Zephyrus G16,Laptop,160000,79,Returning,3,0,135941
P003,Apple,MacBook Air M4,Laptop,110000,78,Returning,1,0,101903
P006,Apple,Apple Watch Series 10,Smartwatch,50000,27,New,2,1,44676
P005,Sony,Sony WH-1000XM6,Headphones,32000,39,New,1,0,27102
P010,ASUS,ASUS ROG Zephyrus G16,Laptop,160000,71,Returning,1,0,139069
P001,Apple,iPhone 16,Smartphone,80000,55,New,2,1,73304
P002,Samsung,Samsung Galaxy S25 Ultra,Smartphone,95000,4,New,1,1,86950
P002,Samsung,Samsung Galaxy S25 Ultra,Smartphone,95000,61,New,2,1,82632
P008,Canon,Canon EOS R50,Camera,75000,85,Returning,1,1,63439
P006,Apple,Apple Watch Series 10,Smartwatch,50000,49,Returning,1,1,44045
P005,Sony,Sony WH-1000XM6,Headphones,32000,57,Returning,2,0,26917
P005,Sony,Sony WH-1000XM6,Headphones,32000,73,New,1,0,26787
P006,Apple,Apple Watch Series 10,Smartwatch,50000,70,Returning,3,0,44566
P001,Apple,iPhone 16,Smartphone,80000,50,Premium,2,1,72086
P004,Sony,PlayStation 5,Gaming Console,55000,61,Returning,1,1,49924
P001,Apple,iPhone 16,Smartphone,80000,65,Premium,3,0,72423
P008,Canon,Canon EOS R50,Camera,75000,23,New,1,0,67129
P001,Apple,iPhone 16,Smartphone,80000,55,New,3,1,72506
P003,Apple,MacBook Air M4,Laptop,110000,77,Returning,2,0,100789
P007,Dell,Dell XPS 13,Laptop,120000,72,Returning,3,1,104777
P005,Sony,Sony WH-1000XM6,Headphones,32000,67,Returning,1,1,25855
P007,Dell,Dell XPS 13,Laptop,120000,20,New,3,0,108447
P002,Samsung,Samsung Galaxy S25 Ultra,Smartphone,95000,73,New,2,1,83048
P007,Dell,Dell XPS 13,Laptop,120000,34,Returning,3,1,104485
P010,ASUS,ASUS ROG Zephyrus G16,Laptop,160000,61,New,1,1,137512
P003,Apple,MacBook Air M4,Laptop,110000,80,Premium,3,1,96339
P007,Dell,Dell XPS 13,Laptop,120000,43,Premium,1,0,108263
P008,Canon,Canon EOS R50,Camera,75000,35,Returning,1,1,65587
P005,Sony,Sony WH-1000XM6,Headphones,32000,40,Returning,2,0,27055
P004,Sony,PlayStation 5,Gaming Console,55000,18,Returning,3,1,50342
P006,Apple,Apple Watch Series 10,Smartwatch,50000,35,Premium,2,0,44192
P008,Canon,Canon EOS R50,Camera,75000,28,Returning,3,1,64027
P009,Apple,iPad Air M3,Tablet,65000,48,New,3,0,58717
P005,Sony,Sony WH-1000XM6,Headphones,32000,91,Premium,2,0,25899
P009,Apple,iPad Air M3,Tablet,65000,73,New,1,0,60846
P004,Sony,PlayStation 5,Gaming Console,55000,8,New,1,1,51251
P006,Apple,Apple Watch Series 10,Smartwatch,50000,91,New,2,1,43843
P008,Canon,Canon EOS R50,Camera,75000,65,Returning,3,0,65447
P001,Apple,iPhone 16,Smartphone,80000,31,Returning,2,1,72481
P008,Canon,Canon EOS R50,Camera,75000,76,Premium,2,1,63417
P005,Sony,Sony WH-1000XM6,Headphones,32000,96,Premium,1,1,24808
P007,Dell,Dell XPS 13,Laptop,120000,7,New,3,0,111977
P004,Sony,PlayStation 5,Gaming Console,55000,83,New,3,0,48725
P007,Dell,Dell XPS 13,Laptop,120000,66,New,3,0,107985
P003,Apple,MacBook Air M4,Laptop,110000,83,New,3,0,98729
P005,Sony,Sony WH-1000XM6,Headphones,32000,78,Returning,3,1,25533
P007,Dell,Dell XPS 13,Laptop,120000,45,Returning,2,0,107977
P005,Sony,Sony WH-1000XM6,Headphones,32000,87,Premium,3,1,24738
P002,Samsung,Samsung Galaxy S25 Ultra,Smartphone,95000,1,Premium,3,1,82724
P010,ASUS,ASUS ROG Zephyrus G16,Laptop,160000,78,Returning,2,0,137593
P002,Samsung,Samsung Galaxy S25 Ultra,Smartphone,95000,44,Returning,3,1,81132
P005,Sony,Sony WH-1000XM6,Headphones,32000,34,Premium,3,1,24972
P003,Apple,MacBook Air M4,Laptop,110000,67,New,1,1,101376
P006,Apple,Apple Watch Series 10,Smartwatch,50000,88,New,3,0,44171
P008,Canon,Canon EOS R50,Camera,75000,38,Returning,2,1,64397
P001,Apple,iPhone 16,Smartphone,80000,75,Premium,3,0,72651
P004,Sony,PlayStation 5,Gaming Console,55000,88,Premium,3,1,47178
P006,Apple,Apple Watch Series 10,Smartwatch,50000,65,Returning,1,0,45300
P002,Samsung,Samsung Galaxy S25 Ultra,Smartphone,95000,61,New,3,1,81942
P009,Apple,iPad Air M3,Tablet,65000,98,New,3,1,56720
P002,Samsung,Samsung Galaxy S25 Ultra,Smartphone,95000,29,Returning,1,1,82580
P006,Apple,Apple Watch Series 10,Smartwatch,50000,48,Returning,3,1,43474
P002,Samsung,Samsung Galaxy S25 Ultra,Smartphone,95000,61,New,3,0,83583
P004,Sony,PlayStation 5,Gaming Console,55000,65,New,3,1,48992
P005,Sony,Sony WH-1000XM6,Headphones,32000,53,New,1,0,26905
P006,Apple,Apple Watch Series 10,Smartwatch,50000,53,Premium,2,0,44323
P003,Apple,MacBook Air M4,Laptop,110000,100,New,2,1,98046
P003,Apple,MacBook Air M4,Laptop,110000,41,Premium,1,0,101162
P005,Sony,Sony WH-1000XM6,Headphones,32000,27,New,3,0,26561
P002,Samsung,Samsung Galaxy S25 Ultra,Smartphone,95000,17,Premium,2,1,83513
P007,Dell,Dell XPS 13,Laptop,120000,62,Returning,1,0,109246
P004,Sony,PlayStation 5,Gaming Console,55000,94,Returning,1,1,48675
P009,Apple,iPad Air M3,Tablet,65000,25,New,3,0,59291
P004,Sony,PlayStation 5,Gaming Console,55000,29,Premium,2,1,48032
P002,Samsung,Samsung Galaxy S25 Ultra,Smartphone,95000,50,Premium,3,1,79471
P002,Samsung,Samsung Galaxy S25 Ultra,Smartphone,95000,6,Returning,2,1,84795
P009,Apple,iPad Air M3,Tablet,65000,77,Premium,2,1,57609
P003,Apple,MacBook Air M4,Laptop,110000,44,Returning,2,0,100868
P007,Dell,Dell XPS 13,Laptop,120000,3,New,1,0,113716
P001,Apple,iPhone 16,Smartphone,80000,76,Premium,1,0,74275
P001,Apple,iPhone 16,Smartphone,80000,49,Premium,2,0,73708
P001,Apple,iPhone 16,Smartphone,80000,85,New,3,0,72349
P002,Samsung,Samsung Galaxy S25 Ultra,Smartphone,95000,54,Returning,2,0,83660
P005,Sony,Sony WH-1000XM6,Headphones,32000,61,Premium,1,0,26771
P001,Apple,iPhone 16,Smartphone,80000,39,Returning,3,0,73778
P009,Apple,iPad Air M3,Tablet,65000,35,Premium,3,0,57778
P002,Samsung,Samsung Galaxy S25 Ultra,Smartphone,95000,66,Premium,3,0,81489
P002,Samsung,Samsung Galaxy S25 Ultra,Smartphone,95000,14,Returning,1,0,87696
P005,Sony,Sony WH-1000XM6,Headphones,32000,67,New,2,1,26042
P003,Apple,MacBook Air M4,Laptop,110000,6,Premium,2,0,103604
P008,Canon,Canon EOS R50,Camera,75000,43,New,1,0,67687
P002,Samsung,Samsung Galaxy S25 Ultra,Smartphone,95000,15,Premium,3,1,82302
P002,Samsung,Samsung Galaxy S25 Ultra,Smartphone,95000,100,Premium,1,0,82126
P005,Sony,Sony WH-1000XM6,Headphones,32000,83,New,2,1,25370
P008,Canon,Canon EOS R50,Camera,75000,7,New,1,0,70122
P005,Sony,Sony WH-1000XM6,Headphones,32000,47,Premium,2,1,25856
P002,Samsung,Samsung Galaxy S25 Ultra,Smartphone,95000,13,New,1,0,88529
P003,Apple,MacBook Air M4,Laptop,110000,43,Returning,2,1,99399
P002,Samsung,Samsung Galaxy S25 Ultra,Smartphone,95000,48,Returning,1,0,84460
P007,Dell,Dell XPS 13,Laptop,120000,59,Returning,2,1,105919
P007,Dell,Dell XPS 13,Laptop,120000,84,New,1,0,108212
P001,Apple,iPhone 16,Smartphone,80000,21,New,2,1,73921
P010,ASUS,ASUS ROG Zephyrus G16,Laptop,160000,87,Returning,1,1,133097
P006,Apple,Apple Watch Series 10,Smartwatch,50000,79,New,3,0,44994
P008,Canon,Canon EOS R50,Camera,75000,15,Returning,2,0,67814
P005,Sony,Sony WH-1000XM6,Headphones,32000,84,Returning,1,0,26718
P006,Apple,Apple Watch Series 10,Smartwatch,50000,67,Premium,3,0,43943
P004,Sony,PlayStation 5,Gaming Console,55000,62,Returning,3,1,48052
P009,Apple,iPad Air M3,Tablet,65000,79,New,1,0,60467
P008,Canon,Canon EOS R50,Camera,75000,64,New,1,1,65828
P004,Sony,PlayStation 5,Gaming Console,55000,43,Returning,1,0,50663
P007,Dell,Dell XPS 13,Laptop,120000,52,New,1,1,107954
P010,ASUS,ASUS ROG Zephyrus G16,Laptop,160000,58,New,2,1,135823
P002,Samsung,Samsung Galaxy S25 Ultra,Smartphone,95000,64,Premium,3,0,81305
P007,Dell,Dell XPS 13,Laptop,120000,53,New,3,0,108345
P002,Samsung,Samsung Galaxy S25 Ultra,Smartphone,95000,78,Premium,3,1,80211
P009,Apple,iPad Air M3,Tablet,65000,72,New,3,1,58323
P006,Apple,Apple Watch Series 10,Smartwatch,50000,47,New,1,1,44839
P009,Apple,iPad Air M3,Tablet,65000,99,Premium,3,1,55483
P006,Apple,Apple Watch Series 10,Smartwatch,50000,92,Returning,1,0,44777
P004,Sony,PlayStation 5,Gaming Console,55000,1,Returning,2,1,50660
P009,Apple,iPad Air M3,Tablet,65000,48,Premium,1,0,59568
P003,Apple,MacBook Air M4,Laptop,110000,64,New,3,1,98609
P005,Sony,Sony WH-1000XM6,Headphones,32000,79,New,1,0,27652
P007,Dell,Dell XPS 13,Laptop,120000,28,Returning,1,1,106410
P007,Dell,Dell XPS 13,Laptop,120000,6,Premium,3,0,109490
P008,Canon,Canon EOS R50,Camera,75000,59,Premium,3,0,64986
P008,Canon,Canon EOS R50,Camera,75000,1,Premium,3,0,66816
P007,Dell,Dell XPS 13,Laptop,120000,75,Returning,3,0,107008
P010,ASUS,ASUS ROG Zephyrus G16,Laptop,160000,23,Premium,1,0,137496
P010,ASUS,ASUS ROG Zephyrus G16,Laptop,160000,78,Returning,3,1,132728
P010,ASUS,ASUS ROG Zephyrus G16,Laptop,160000,89,New,2,1,133286
P006,Apple,Apple Watch Series 10,Smartwatch,50000,38,Returning,1,0,45422
P010,ASUS,ASUS ROG Zephyrus G16,Laptop,160000,90,Premium,3,1,128363
P009,Apple,iPad Air M3,Tablet,65000,41,Premium,3,0,57555
P004,Sony,PlayStation 5,Gaming Console,55000,80,Premium,2,1,48843
P003,Apple,MacBook Air M4,Laptop,110000,91,Premium,1,1,97027
P002,Samsung,Samsung Galaxy S25 Ultra,Smartphone,95000,98,Returning,3,1,78946
P010,ASUS,ASUS ROG Zephyrus G16,Laptop,160000,86,Premium,2,1,129998
P007,Dell,Dell XPS 13,Laptop,120000,2,Premium,1,0,111490
P003,Apple,MacBook Air M4,Laptop,110000,7,Premium,1,0,104273
P003,Apple,MacBook Air M4,Laptop,110000,37,Premium,2,0,100459
P001,Apple,iPhone 16,Smartphone,80000,89,Returning,1,0,73467
P008,Canon,Canon EOS R50,Camera,75000,14,Premium,3,0,67010
P009,Apple,iPad Air M3,Tablet,65000,50,New,3,1,58059
P001,Apple,iPhone 16,Smartphone,80000,49,Returning,2,1,73289
P009,Apple,iPad Air M3,Tablet,65000,7,New,3,1,59507
P010,ASUS,ASUS ROG Zephyrus G16,Laptop,160000,100,Returning,1,1,133073
P010,ASUS,ASUS ROG Zephyrus G16,Laptop,160000,70,Premium,3,0,134694
P004,Sony,PlayStation 5,Gaming Console,55000,38,Returning,1,0,50291
P003,Apple,MacBook Air M4,Laptop,110000,95,Premium,1,1,96341
P007,Dell,Dell XPS 13,Laptop,120000,36,Premium,2,0,106464
P010,ASUS,ASUS ROG Zephyrus G16,Laptop,160000,33,New,2,1,136226
P003,Apple,MacBook Air M4,Laptop,110000,6,New,2,0,105892
P010,ASUS,ASUS ROG Zephyrus G16,Laptop,160000,85,Returning,2,1,130774
P006,Apple,Apple Watch Series 10,Smartwatch,50000,68,New,1,0,46305
P009,Apple,iPad Air M3,Tablet,65000,21,Returning,3,1,56794
P006,Apple,Apple Watch Series 10,Smartwatch,50000,29,New,3,1,43839
P006,Apple,Apple Watch Series 10,Smartwatch,50000,38,New,3,1,44074
P001,Apple,iPhone 16,Smartphone,80000,15,Premium,2,1,74146
P010,ASUS,ASUS ROG Zephyrus G16,Laptop,160000,80,New,1,1,137490
P002,Samsung,Samsung Galaxy S25 Ultra,Smartphone,95000,50,Returning,3,1,80275
P009,Apple,iPad Air M3,Tablet,65000,99,Returning,3,1,55898
P001,Apple,iPhone 16,Smartphone,80000,38,Premium,1,1,72826
P002,Samsung,Samsung Galaxy S25 Ultra,Smartphone,95000,13,New,3,0,86591
P002,Samsung,Samsung Galaxy S25 Ultra,Smartphone,95000,27,Premium,3,0,82085
P007,Dell,Dell XPS 13,Laptop,120000,14,New,3,1,109362
P002,Samsung,Samsung Galaxy S25 Ultra,Smartphone,95000,96,Premium,1,0,81670
P006,Apple,Apple Watch Series 10,Smartwatch,50000,5,New,1,0,47182
P005,Sony,Sony WH-1000XM6,Headphones,32000,72,New,3,0,26992
P005,Sony,Sony WH-1000XM6,Headphones,32000,53,Returning,2,1,25863
P006,Apple,Apple Watch Series 10,Smartwatch,50000,3,Returning,3,0,46047
P001,Apple,iPhone 16,Smartphone,80000,83,Premium,3,0,71474
P010,ASUS,ASUS ROG Zephyrus G16,Laptop,160000,6,Premium,1,1,139650
P009,Apple,iPad Air M3,Tablet,65000,14,Returning,3,1,59271
P002,Samsung,Samsung Galaxy S25 Ultra,Smartphone,95000,37,Returning,2,1,82041
P001,Apple,iPhone 16,Smartphone,80000,61,New,3,0,74039
P007,Dell,Dell XPS 13,Laptop,120000,70,Returning,3,0,106605
P006,Apple,Apple Watch Series 10,Smartwatch,50000,2,Premium,3,0,45126
P001,Apple,iPhone 16,Smartphone,80000,1,Premium,3,1,73650
P009,Apple,iPad Air M3,Tablet,65000,11,Returning,1,1,60166
P007,Dell,Dell XPS 13,Laptop,120000,83,Premium,1,0,105288
P004,Sony,PlayStation 5,Gaming Console,55000,79,Returning,1,0,50285
P010,ASUS,ASUS ROG Zephyrus G16,Laptop,160000,7,Premium,2,0,140597
P002,Samsung,Samsung Galaxy S25 Ultra,Smartphone,95000,33,New,1,1,84074
P006,Apple,Apple Watch Series 10,Smartwatch,50000,46,New,3,0,44602
P005,Sony,Sony WH-1000XM6,Headphones,32000,80,New,1,1,26557
P008,Canon,Canon EOS R50,Camera,75000,43,Premium,3,1,63210
P010,ASUS,ASUS ROG Zephyrus G16,Laptop,160000,20,Premium,3,1,131527
P006,Apple,Apple Watch Series 10,Smartwatch,50000,55,New,1,1,44752
P004,Sony,PlayStation 5,Gaming Console,55000,92,Premium,3,1,46533
P006,Apple,Apple Watch Series 10,Smartwatch,50000,18,Premium,3,1,44898
P008,Canon,Canon EOS R50,Camera,75000,60,Returning,2,1,64498
P009,Apple,iPad Air M3,Tablet,65000,14,New,3,0,61461
P005,Sony,Sony WH-1000XM6,Headphones,32000,18,Premium,1,1,27131
P002,Samsung,Samsung Galaxy S25 Ultra,Smartphone,95000,94,New,1,0,83932
P010,ASUS,ASUS ROG Zephyrus G16,Laptop,160000,75,Returning,3,0,136428
P001,Apple,iPhone 16,Smartphone,80000,71,Returning,3,1,72169
P003,Apple,MacBook Air M4,Laptop,110000,47,Returning,1,1,99737
P008,Canon,Canon EOS R50,Camera,75000,65,Premium,1,1,64372
P009,Apple,iPad Air M3,Tablet,65000,2,Premium,1,0,61375
P009,Apple,iPad Air M3,Tablet,65000,18,Returning,1,0,61829
P010,ASUS,ASUS ROG Zephyrus G16,Laptop,160000,85,New,3,1,131661
P006,Apple,Apple Watch Series 10,Smartwatch,50000,6,New,2,0,46564
P005,Sony,Sony WH-1000XM6,Headphones,32000,48,New,1,0,27230
P006,Apple,Apple Watch Series 10,Smartwatch,50000,50,Returning,2,0,44540
P006,Apple,Apple Watch Series 10,Smartwatch,50000,14,Premium,3,1,44854
P005,Sony,Sony WH-1000XM6,Headphones,32000,75,Premium,3,0,25805
P007,Dell,Dell XPS 13,Laptop,120000,47,Premium,3,0,105629
P005,Sony,Sony WH-1000XM6,Headphones,32000,49,New,3,1,25781
P006,Apple,Apple Watch Series 10,Smartwatch,50000,63,Returning,3,0,44513
P003,Apple,MacBook Air M4,Laptop,110000,57,New,1,0,103426
P005,Sony,Sony WH-1000XM6,Headphones,32000,28,New,1,0,27070
P010,ASUS,ASUS ROG Zephyrus G16,Laptop,160000,92,New,3,0,134324
P006,Apple,Apple Watch Series 10,Smartwatch,50000,93,New,2,1,43490
P004,Sony,PlayStation 5,Gaming Console,55000,76,New,3,1,48472
P004,Sony,PlayStation 5,Gaming Console,55000,6,New,3,0,51337
P009,Apple,iPad Air M3,Tablet,65000,6,Premium,1,0,60770
P005,Sony,Sony WH-1000XM6,Headphones,32000,24,Premium,2,0,26639
P005,Sony,Sony WH-1000XM6,Headphones,32000,11,New,2,1,27588
P008,Canon,Canon EOS R50,Camera,75000,22,New,2,0,67063
P010,ASUS,ASUS ROG Zephyrus G16,Laptop,160000,99,New,3,1,130871
P006,Apple,Apple Watch Series 10,Smartwatch,50000,59,Premium,3,0,43735
P007,Dell,Dell XPS 13,Laptop,120000,50,New,1,0,110107
P009,Apple,iPad Air M3,Tablet,65000,65,Premium,2,0,58620
P002,Samsung,Samsung Galaxy S25 Ultra,Smartphone,95000,23,Returning,3,0,83048
P009,Apple,iPad Air M3,Tablet,65000,65,New,1,1,59325
P003,Apple,MacBook Air M4,Laptop,110000,78,Premium,1,1,99034
P007,Dell,Dell XPS 13,Laptop,120000,48,New,3,1,105334
P008,Canon,Canon EOS R50,Camera,75000,99,Returning,2,0,64435
P003,Apple,MacBook Air M4,Laptop,110000,33,Returning,1,0,102090
P010,ASUS,ASUS ROG Zephyrus G16,Laptop,160000,70,Returning,2,0,137105
P001,Apple,iPhone 16,Smartphone,80000,74,Premium,1,0,74284
P004,Sony,PlayStation 5,Gaming Console,55000,89,Returning,2,1,47459
P003,Apple,MacBook Air M4,Laptop,110000,55,Premium,3,1,96567
P009,Apple,iPad Air M3,Tablet,65000,55,Premium,2,1,57396
P007,Dell,Dell XPS 13,Laptop,120000,97,New,2,1,104083
P006,Apple,Apple Watch Series 10,Smartwatch,50000,72,Premium,2,1,43314
P010,ASUS,ASUS ROG Zephyrus G16,Laptop,160000,45,Premium,2,0,136375
P002,Samsung,Samsung Galaxy S25 Ultra,Smartphone,95000,96,New,2,0,82252
P004,Sony,PlayStation 5,Gaming Console,55000,66,Returning,2,0,49714
P007,Dell,Dell XPS 13,Laptop,120000,82,New,1,0,107982
P010,ASUS,ASUS ROG Zephyrus G16,Laptop,160000,56,New,1,1,137327
P006,Apple,Apple Watch Series 10,Smartwatch,50000,11,Premium,1,1,45953
P007,Dell,Dell XPS 13,Laptop,120000,79,Premium,3,1,103428
P010,ASUS,ASUS ROG Zephyrus G16,Laptop,160000,8,New,3,1,139149
P001,Apple,iPhone 16,Smartphone,80000,26,Premium,3,1,70899
P001,Apple,iPhone 16,Smartphone,80000,77,Premium,3,0,72929
P003,Apple,MacBook Air M4,Laptop,110000,87,New,2,0,100270
P001,Apple,iPhone 16,Smartphone,80000,21,New,2,1,73461
P007,Dell,Dell XPS 13,Laptop,120000,52,Premium,1,0,108254
P002,Samsung,Samsung Galaxy S25 Ultra,Smartphone,95000,12,Premium,2,1,83455
P005,Sony,Sony WH-1000XM6,Headphones,32000,29,Premium,1,1,26372
P007,Dell,Dell XPS 13,Laptop,120000,74,New,2,0,109116
P009,Apple,iPad Air M3,Tablet,65000,14,Premium,1,1,59648
P002,Samsung,Samsung Galaxy S25 Ultra,Smartphone,95000,66,Returning,3,1,80960
P008,Canon,Canon EOS R50,Camera,75000,49,Premium,2,0,65525
P006,Apple,Apple Watch Series 10,Smartwatch,50000,100,Returning,3,1,42918
P010,ASUS,ASUS ROG Zephyrus G16,Laptop,160000,4,Returning,1,1,140369
P007,Dell,Dell XPS 13,Laptop,120000,82,New,3,0,105919
P006,Apple,Apple Watch Series 10,Smartwatch,50000,53,Returning,3,0,44717
P005,Sony,Sony WH-1000XM6,Headphones,32000,32,Returning,1,1,26429
P006,Apple,Apple Watch Series 10,Smartwatch,50000,10,Premium,1,1,45321
P006,Apple,Apple Watch Series 10,Smartwatch,50000,28,Premium,2,0,44969
P004,Sony,PlayStation 5,Gaming Console,55000,64,Premium,1,0,50303
P004,Sony,PlayStation 5,Gaming Console,55000,34,New,1,0,51504
P004,Sony,PlayStation 5,Gaming Console,55000,80,Returning,1,0,50222
P002,Samsung,Samsung Galaxy S25 Ultra,Smartphone,95000,87,Premium,2,0,81032
P009,Apple,iPad Air M3,Tablet,65000,6,Returning,2,1,59804
P010,ASUS,ASUS ROG Zephyrus G16,Laptop,160000,36,Returning,1,1,135907
P004,Sony,PlayStation 5,Gaming Console,55000,97,Premium,1,0,48988
P007,Dell,Dell XPS 13,Laptop,120000,62,Premium,1,1,105503
P003,Apple,MacBook Air M4,Laptop,110000,59,New,3,1,98823
P001,Apple,iPhone 16,Smartphone,80000,2,Premium,1,1,75294
P002,Samsung,Samsung Galaxy S25 Ultra,Smartphone,95000,42,Returning,3,1,80441
P009,Apple,iPad Air M3,Tablet,65000,34,New,2,1,58981
P010,ASUS,ASUS ROG Zephyrus G16,Laptop,160000,44,Returning,1,1,135934
P004,Sony,PlayStation 5,Gaming Console,55000,54,Premium,2,1,48774
P007,Dell,Dell XPS 13,Laptop,120000,36,Returning,1,0,109289
P004,Sony,PlayStation 5,Gaming Console,55000,13,Premium,2,0,51218
P007,Dell,Dell XPS 13,Laptop,120000,49,New,1,0,110384
P001,Apple,iPhone 16,Smartphone,80000,23,Returning,2,0,74814
P009,Apple,iPad Air M3,Tablet,65000,69,Premium,2,1,57007
P005,Sony,Sony WH-1000XM6,Headphones,32000,72,Premium,1,1,25521
P003,Apple,MacBook Air M4,Laptop,110000,8,New,2,1,103759
P002,Samsung,Samsung Galaxy S25 Ultra,Smartphone,95000,58,Premium,2,1,80619
P006,Apple,Apple Watch Series 10,Smartwatch,50000,72,Premium,2,1,43020
P007,Dell,Dell XPS 13,Laptop,120000,16,Returning,3,0,110490
P010,ASUS,ASUS ROG Zephyrus G16,Laptop,160000,84,Premium,3,0,131499
P005,Sony,Sony WH-1000XM6,Headphones,32000,46,Returning,3,1,25893
P008,Canon,Canon EOS R50,Camera,75000,11,Returning,3,1,65974
P003,Apple,MacBook Air M4,Laptop,110000,22,Premium,2,1,98046
P010,ASUS,ASUS ROG Zephyrus G16,Laptop,160000,74,Returning,1,0,138865
P006,Apple,Apple Watch Series 10,Smartwatch,50000,30,Returning,2,1,44227
P005,Sony,Sony WH-1000XM6,Headphones,32000,78,Premium,2,1,26008
P008,Canon,Canon EOS R50,Camera,75000,100,Returning,3,1,62173
P003,Apple,MacBook Air M4,Laptop,110000,24,New,1,0,103577
P005,Sony,Sony WH-1000XM6,Headphones,32000,96,Premium,3,0,24995
P003,Apple,MacBook Air M4,Laptop,110000,51,New,1,0,103859
P008,Canon,Canon EOS R50,Camera,75000,71,New,1,1,66036
P002,Samsung,Samsung Galaxy S25 Ultra,Smartphone,95000,14,Returning,3,0,85086
P007,Dell,Dell XPS 13,Laptop,120000,40,New,1,1,107953
P003,Apple,MacBook Air M4,Laptop,110000,17,Premium,1,0,104035
P006,Apple,Apple Watch Series 10,Smartwatch,50000,42,Returning,2,1,44061
P008,Canon,Canon EOS R50,Camera,75000,18,Premium,3,0,66855
P010,ASUS,ASUS ROG Zephyrus G16,Laptop,160000,59,Premium,3,1,131236
P009,Apple,iPad Air M3,Tablet,65000,40,Returning,2,0,59474
P002,Samsung,Samsung Galaxy S25 Ultra,Smartphone,95000,57,Returning,2,1,81466
P003,Apple,MacBook Air M4,Laptop,110000,39,New,1,0,103252
P005,Sony,Sony WH-1000XM6,Headphones,32000,61,Premium,1,1,26389
P008,Canon,Canon EOS R50,Camera,75000,39,New,2,1,65361
P004,Sony,PlayStation 5,Gaming Console,55000,1,Premium,2,0,51071
P009,Apple,iPad Air M3,Tablet,65000,56,Returning,1,0,60032
P007,Dell,Dell XPS 13,Laptop,120000,49,New,2,0,109132
P004,Sony,PlayStation 5,Gaming Console,55000,67,Premium,3,1,47641
P009,Apple,iPad Air M3,Tablet,65000,35,Returning,1,0,59486
P003,Apple,MacBook Air M4,Laptop,110000,38,New,3,1,99132
P008,Canon,Canon EOS R50,Camera,75000,35,Premium,3,1,62692
P006,Apple,Apple Watch Series 10,Smartwatch,50000,3,New,1,0,47190
P002,Samsung,Samsung Galaxy S25 Ultra,Smartphone,95000,37,Returning,1,1,82894
P001,Apple,iPhone 16,Smartphone,80000,30,New,1,0,76005
P004,Sony,PlayStation 5,Gaming Console,55000,44,Returning,2,1,48830
P008,Canon,Canon EOS R50,Camera,75000,90,New,2,0,65613
P003,Apple,MacBook Air M4,Laptop,110000,8,Returning,2,0,104556
P008,Canon,Canon EOS R50,Camera,75000,24,New,2,1,65598
P001,Apple,iPhone 16,Smartphone,80000,16,Premium,1,1,75489
P008,Canon,Canon EOS R50,Camera,75000,32,Premium,1,0,65971
P002,Samsung,Samsung Galaxy S25 Ultra,Smartphone,95000,67,Premium,1,1,81598
P005,Sony,Sony WH-1000XM6,Headphones,32000,42,New,3,0,26822
P009,Apple,iPad Air M3,Tablet,65000,67,New,2,1,58653
P005,Sony,Sony WH-1000XM6,Headphones,32000,26,Returning,1,0,27376
P002,Samsung,Samsung Galaxy S25 Ultra,Smartphone,95000,31,Premium,2,1,80265
P003,Apple,MacBook Air M4,Laptop,110000,36,Premium,1,1,99308
P004,Sony,PlayStation 5,Gaming Console,55000,2,New,3,1,50804
P010,ASUS,ASUS ROG Zephyrus G16,Laptop,160000,20,Returning,1,0,138861
P008,Canon,Canon EOS R50,Camera,75000,12,Premium,3,1,65703
P001,Apple,iPhone 16,Smartphone,80000,8,Returning,3,0,76218
P009,Apple,iPad Air M3,Tablet,65000,14,New,2,0,61574
P009,Apple,iPad Air M3,Tablet,65000,83,Returning,2,0,57371
P007,Dell,Dell XPS 13,Laptop,120000,46,Premium,1,1,106020
P001,Apple,iPhone 16,Smartphone,80000,63,Premium,2,1,72055
P008,Canon,Canon EOS R50,Camera,75000,25,Premium,1,1,64331
P008,Canon,Canon EOS R50,Camera,75000,36,Premium,3,0,64070
P009,Apple,iPad Air M3,Tablet,65000,20,Returning,2,1,57904
P006,Apple,Apple Watch Series 10,Smartwatch,50000,59,New,3,1,44251
P003,Apple,MacBook Air M4,Laptop,110000,3,Premium,2,0,103228
P002,Samsung,Samsung Galaxy S25 Ultra,Smartphone,95000,85,Premium,2,0,80786
P008,Canon,Canon EOS R50,Camera,75000,99,Premium,1,1,62830
P007,Dell,Dell XPS 13,Laptop,120000,83,Returning,1,0,106835
P002,Samsung,Samsung Galaxy S25 Ultra,Smartphone,95000,6,New,1,0,88056
P002,Samsung,Samsung Galaxy S25 Ultra,Smartphone,95000,63,New,1,0,85584
P007,Dell,Dell XPS 13,Laptop,120000,85,Returning,3,1,101550
P006,Apple,Apple Watch Series 10,Smartwatch,50000,29,Premium,3,0,43513
P004,Sony,PlayStation 5,Gaming Console,55000,84,Returning,1,1,48720
P001,Apple,iPhone 16,Smartphone,80000,47,Premium,3,1,71541
P006,Apple,Apple Watch Series 10,Smartwatch,50000,91,New,3,1,43041
P001,Apple,iPhone 16,Smartphone,80000,94,New,2,0,74067
P004,Sony,PlayStation 5,Gaming Console,55000,67,New,1,0,51194
P007,Dell,Dell XPS 13,Laptop,120000,25,New,3,0,108083
P003,Apple,MacBook Air M4,Laptop,110000,72,Premium,3,1,97064
P002,Samsung,Samsung Galaxy S25 Ultra,Smartphone,95000,99,Premium,3,1,78090
P008,Canon,Canon EOS R50,Camera,75000,90,Premium,2,0,63420
P003,Apple,MacBook Air M4,Laptop,110000,71,Returning,3,1,98073
P003,Apple,MacBook Air M4,Laptop,110000,69,Premium,2,1,98324
P006,Apple,Apple Watch Series 10,Smartwatch,50000,71,Returning,2,1,44282
P007,Dell,Dell XPS 13,Laptop,120000,93,Returning,3,0,104476
P009,Apple,iPad Air M3,Tablet,65000,28,Returning,3,1,57068
P008,Canon,Canon EOS R50,Camera,75000,58,Returning,1,0,66541
P010,ASUS,ASUS ROG Zephyrus G16,Laptop,160000,3,Premium,1,1,138706
P005,Sony,Sony WH-1000XM6,Headphones,32000,29,New,2,0,27170
P005,Sony,Sony WH-1000XM6,Headphones,32000,71,Premium,3,0,25516
P001,Apple,iPhone 16,Smartphone,80000,59,Returning,1,0,74971
P006,Apple,Apple Watch Series 10,Smartwatch,50000,75,New,1,1,45330
P005,Sony,Sony WH-1000XM6,Headphones,32000,12,Premium,2,0,27451
P002,Samsung,Samsung Galaxy S25 Ultra,Smartphone,95000,93,Returning,2,0,81699
P010,ASUS,ASUS ROG Zephyrus G16,Laptop,160000,13,Premium,3,1,135538
P010,ASUS,ASUS ROG Zephyrus G16,Laptop,160000,49,New,1,1,137456
P007,Dell,Dell XPS 13,Laptop,120000,54,New,1,0,110549
P007,Dell,Dell XPS 13,Laptop,120000,7,Returning,3,0,110226
P009,Apple,iPad Air M3,Tablet,65000,73,New,2,0,59456
P001,Apple,iPhone 16,Smartphone,80000,87,Premium,2,1,70670
P010,ASUS,ASUS ROG Zephyrus G16,Laptop,160000,74,Premium,1,0,137542
P005,Sony,Sony WH-1000XM6,Headphones,32000,51,New,1,1,26144
P008,Canon,Canon EOS R50,Camera,75000,74,Premium,1,1,64268
P002,Samsung,Samsung Galaxy S25 Ultra,Smartphone,95000,52,Premium,2,0,82930
P003,Apple,MacBook Air M4,Laptop,110000,62,Premium,1,1,98904
P010,ASUS,ASUS ROG Zephyrus G16,Laptop,160000,26,Premium,3,0,134148
P002,Samsung,Samsung Galaxy S25 Ultra,Smartphone,95000,35,Returning,2,0,83215
P007,Dell,Dell XPS 13,Laptop,120000,55,Returning,2,0,107828
P006,Apple,Apple Watch Series 10,Smartwatch,50000,77,Premium,1,1,43673
P006,Apple,Apple Watch Series 10,Smartwatch,50000,79,Returning,3,0,44451
P001,Apple,iPhone 16,Smartphone,80000,30,New,3,1,72459
P002,Samsung,Samsung Galaxy S25 Ultra,Smartphone,95000,15,Premium,1,0,86921
P010,ASUS,ASUS ROG Zephyrus G16,Laptop,160000,19,Returning,1,1,141010
P002,Samsung,Samsung Galaxy S25 Ultra,Smartphone,95000,40,Returning,2,0,83439
P004,Sony,PlayStation 5,Gaming Console,55000,95,Premium,1,0,49009
P009,Apple,iPad Air M3,Tablet,65000,97,Returning,3,1,56037
P003,Apple,MacBook Air M4,Laptop,110000,89,Premium,3,0,96685
P010,ASUS,ASUS ROG Zephyrus G16,Laptop,160000,85,Premium,1,1,130874
P001,Apple,iPhone 16,Smartphone,80000,37,New,3,1,72354
P008,Canon,Canon EOS R50,Camera,75000,84,New,1,1,64676
P005,Sony,Sony WH-1000XM6,Headphones,32000,85,Premium,2,0,25119
P005,Sony,Sony WH-1000XM6,Headphones,32000,84,Returning,1,1,25620
P002,Samsung,Samsung Galaxy S25 Ultra,Smartphone,95000,41,Returning,3,0,82340
P004,Sony,PlayStation 5,Gaming Console,55000,65,Returning,3,0,49040
P004,Sony,PlayStation 5,Gaming Console,55000,68,Returning,2,1,48852
P003,Apple,MacBook Air M4,Laptop,110000,3,Returning,3,1,101063
P005,Sony,Sony WH-1000XM6,Headphones,32000,31,Premium,2,0,26380
P005,Sony,Sony WH-1000XM6,Headphones,32000,50,New,3,1,25650
P003,Apple,MacBook Air M4,Laptop,110000,44,Returning,3,0,99689
P007,Dell,Dell XPS 13,Laptop,120000,67,Premium,3,0,105527
P004,Sony,PlayStation 5,Gaming Console,55000,74,New,2,1,49931
P010,ASUS,ASUS ROG Zephyrus G16,Laptop,160000,43,Returning,3,0,135711
P003,Apple,MacBook Air M4,Laptop,110000,75,Premium,3,0,99383
P003,Apple,MacBook Air M4,Laptop,110000,40,Premium,3,0,98940
P003,Apple,MacBook Air M4,Laptop,110000,84,Premium,1,1,96369
P009,Apple,iPad Air M3,Tablet,65000,69,Premium,1,0,58975
P003,Apple,MacBook Air M4,Laptop,110000,94,New,2,1,98384
P007,Dell,Dell XPS 13,Laptop,120000,39,Returning,3,1,104055
P004,Sony,PlayStation 5,Gaming Console,55000,14,New,1,0,53080
P010,ASUS,ASUS ROG Zephyrus G16,Laptop,160000,79,Returning,3,0,136110
P004,Sony,PlayStation 5,Gaming Console,55000,30,Premium,1,1,48531
P008,Canon,Canon EOS R50,Camera,75000,18,Premium,3,1,65479
P006,Apple,Apple Watch Series 10,Smartwatch,50000,24,Returning,2,1,43640
P003,Apple,MacBook Air M4,Laptop,110000,25,New,1,1,101482
P001,Apple,iPhone 16,Smartphone,80000,35,Returning,1,0,75475
P004,Sony,PlayStation 5,Gaming Console,55000,9,New,2,1,51354
P006,Apple,Apple Watch Series 10,Smartwatch,50000,59,New,2,1,44794
P001,Apple,iPhone 16,Smartphone,80000,78,Premium,2,1,71903
P010,ASUS,ASUS ROG Zephyrus G16,Laptop,160000,96,Premium,3,0,131233
P002,Samsung,Samsung Galaxy S25 Ultra,Smartphone,95000,58,Returning,1,0,84581
P009,Apple,iPad Air M3,Tablet,65000,51,Premium,1,1,57878
P001,Apple,iPhone 16,Smartphone,80000,25,Returning,2,1,73205
P005,Sony,Sony WH-1000XM6,Headphones,32000,100,Returning,2,0,25852
P005,Sony,Sony WH-1000XM6,Headphones,32000,79,New,3,0,26534
P008,Canon,Canon EOS R50,Camera,75000,12,Premium,3,0,66434
P010,ASUS,ASUS ROG Zephyrus G16,Laptop,160000,90,Premium,1,1,131123
P006,Apple,Apple Watch Series 10,Smartwatch,50000,58,New,1,1,45104
P004,Sony,PlayStation 5,Gaming Console,55000,59,New,2,1,49708
P003,Apple,MacBook Air M4,Laptop,110000,92,Premium,1,0,98616
P008,Canon,Canon EOS R50,Camera,75000,82,Returning,1,1,63994
P009,Apple,iPad Air M3,Tablet,65000,79,New,2,1,58044
P003,Apple,MacBook Air M4,Laptop,110000,43,Premium,3,0,98666
P003,Apple,MacBook Air M4,Laptop,110000,23,Premium,1,1,98815
P005,Sony,Sony WH-1000XM6,Headphones,32000,94,Returning,2,0,25540
P003,Apple,MacBook Air M4,Laptop,110000,26,New,3,1,98512
P008,Canon,Canon EOS R50,Camera,75000,64,Returning,3,0,65372
P008,Canon,Canon EOS R50,Camera,75000,31,New,3,1,64464
P007,Dell,Dell XPS 13,Laptop,120000,57,New,3,0,107750
P009,Apple,iPad Air M3,Tablet,65000,36,Premium,3,0,57400
P003,Apple,MacBook Air M4,Laptop,110000,19,New,3,1,101837
P003,Apple,MacBook Air M4,Laptop,110000,5,Premium,3,1,99939
P002,Samsung,Samsung Galaxy S25 Ultra,Smartphone,95000,7,New,2,0,87065
P005,Sony,Sony WH-1000XM6,Headphones,32000,79,Premium,3,0,26409
P008,Canon,Canon EOS R50,Camera,75000,96,Premium,2,0,63345
P005,Sony,Sony WH-1000XM6,Headphones,32000,42,Returning,2,0,26836
P007,Dell,Dell XPS 13,Laptop,120000,71,New,2,1,106437
P002,Samsung,Samsung Galaxy S25 Ultra,Smartphone,95000,89,Returning,2,1,79837
P004,Sony,PlayStation 5,Gaming Console,55000,90,New,3,0,48561
P010,ASUS,ASUS ROG Zephyrus G16,Laptop,160000,94,Premium,3,0,131195
P010,ASUS,ASUS ROG Zephyrus G16,Laptop,160000,91,Returning,2,1,130965
P009,Apple,iPad Air M3,Tablet,65000,74,Premium,2,0,58629
P010,ASUS,ASUS ROG Zephyrus G16,Laptop,160000,64,Premium,3,1,131204
P003,Apple,MacBook Air M4,Laptop,110000,79,New,3,1,98698
P001,Apple,iPhone 16,Smartphone,80000,16,New,2,0,77855
P004,Sony,PlayStation 5,Gaming Console,55000,79,Returning,2,0,49891
P006,Apple,Apple Watch Series 10,Smartwatch,50000,72,Premium,1,0,45155
P004,Sony,PlayStation 5,Gaming Console,55000,89,Returning,2,0,48765
P005,Sony,Sony WH-1000XM6,Headphones,32000,65,Premium,2,0,25856
P006,Apple,Apple Watch Series 10,Smartwatch,50000,44,Returning,3,0,44852
P003,Apple,MacBook Air M4,Laptop,110000,25,Returning,2,1,99438
P008,Canon,Canon EOS R50,Camera,75000,5,Premium,1,1,66409
P008,Canon,Canon EOS R50,Camera,75000,69,Returning,2,1,64950
P001,Apple,iPhone 16,Smartphone,80000,67,Returning,3,1,72068
P009,Apple,iPad Air M3,Tablet,65000,3,New,3,1,60118
P006,Apple,Apple Watch Series 10,Smartwatch,50000,9,New,2,0,46847
P007,Dell,Dell XPS 13,Laptop,120000,81,Premium,1,1,102891
P010,ASUS,ASUS ROG Zephyrus G16,Laptop,160000,15,Returning,3,1,137826
P001,Apple,iPhone 16,Smartphone,80000,35,Returning,1,1,73998
P004,Sony,PlayStation 5,Gaming Console,55000,48,Returning,2,0,50087
P005,Sony,Sony WH-1000XM6,Headphones,32000,23,New,2,0,27176
P004,Sony,PlayStation 5,Gaming Console,55000,12,Returning,3,0,51468
P008,Canon,Canon EOS R50,Camera,75000,65,New,1,1,66445
P008,Canon,Canon EOS R50,Camera,75000,94,Premium,2,1,61896
P002,Samsung,Samsung Galaxy S25 Ultra,Smartphone,95000,67,Premium,1,0,83841
P001,Apple,iPhone 16,Smartphone,80000,59,Returning,3,0,73104
P005,Sony,Sony WH-1000XM6,Headphones,32000,6,Premium,3,0,26721
P008,Canon,Canon EOS R50,Camera,75000,6,New,3,1,66273
P010,ASUS,ASUS ROG Zephyrus G16,Laptop,160000,98,Returning,3,0,132628
P004,Sony,PlayStation 5,Gaming Console,55000,25,Returning,2,1,49241
P008,Canon,Canon EOS R50,Camera,75000,86,New,2,0,64911
P005,Sony,Sony WH-1000XM6,Headphones,32000,15,New,3,0,27231
P009,Apple,iPad Air M3,Tablet,65000,45,Premium,2,1,56844
P005,Sony,Sony WH-1000XM6,Headphones,32000,74,New,1,0,27018
P010,ASUS,ASUS ROG Zephyrus G16,Laptop,160000,44,Premium,2,0,135633
P001,Apple,iPhone 16,Smartphone,80000,61,Premium,1,0,74292
P001,Apple,iPhone 16,Smartphone,80000,12,Returning,2,0,77021
P010,ASUS,ASUS ROG Zephyrus G16,Laptop,160000,76,Premium,3,1,131331
P006,Apple,Apple Watch Series 10,Smartwatch,50000,40,Returning,1,0,45997
P008,Canon,Canon EOS R50,Camera,75000,73,New,1,1,65599
P008,Canon,Canon EOS R50,Camera,75000,40,Premium,3,1,62981
P004,Sony,PlayStation 5,Gaming Console,55000,29,New,3,1,49384
P006,Apple,Apple Watch Series 10,Smartwatch,50000,51,New,3,1,44307
P006,Apple,Apple Watch Series 10,Smartwatch,50000,59,Returning,1,0,45486
P002,Samsung,Samsung Galaxy S25 Ultra,Smartphone,95000,45,Returning,2,0,83389
P006,Apple,Apple Watch Series 10,Smartwatch,50000,78,Premium,1,0,44915
P002,Samsung,Samsung Galaxy S25 Ultra,Smartphone,95000,42,Premium,3,0,82011
P005,Sony,Sony WH-1000XM6,Headphones,32000,69,Returning,2,1,25664
P010,ASUS,ASUS ROG Zephyrus G16,Laptop,160000,32,Premium,1,1,134293
P002,Samsung,Samsung Galaxy S25 Ultra,Smartphone,95000,44,New,3,1,82003
P007,Dell,Dell XPS 13,Laptop,120000,73,Returning,3,0,106477
P002,Samsung,Samsung Galaxy S25 Ultra,Smartphone,95000,95,Premium,3,1,77517
P010,ASUS,ASUS ROG Zephyrus G16,Laptop,160000,77,Returning,2,0,137941
P008,Canon,Canon EOS R50,Camera,75000,23,Returning,2,0,66112
P002,Samsung,Samsung Galaxy S25 Ultra,Smartphone,95000,88,Premium,2,1,78856
P001,Apple,iPhone 16,Smartphone,80000,12,New,1,0,78675
P003,Apple,MacBook Air M4,Laptop,110000,85,New,2,1,97799
P010,ASUS,ASUS ROG Zephyrus G16,Laptop,160000,74,Returning,1,0,139397
P006,Apple,Apple Watch Series 10,Smartwatch,50000,39,Premium,3,1,43440
P007,Dell,Dell XPS 13,Laptop,120000,92,Returning,1,0,106926
P009,Apple,iPad Air M3,Tablet,65000,52,New,2,0,59678
P009,Apple,iPad Air M3,Tablet,65000,7,New,3,1,59412
P005,Sony,Sony WH-1000XM6,Headphones,32000,4,New,2,1,27340
P006,Apple,Apple Watch Series 10,Smartwatch,50000,92,Returning,2,1,42945
P009,Apple,iPad Air M3,Tablet,65000,28,Premium,1,1,57492
P004,Sony,PlayStation 5,Gaming Console,55000,72,Returning,2,1,48607
P005,Sony,Sony WH-1000XM6,Headphones,32000,86,New,1,0,26133
P001,Apple,iPhone 16,Smartphone,80000,19,Premium,2,1,74898
P003,Apple,MacBook Air M4,Laptop,110000,11,New,3,1,102680
P008,Canon,Canon EOS R50,Camera,75000,90,Premium,2,0,63715
P009,Apple,iPad Air M3,Tablet,65000,55,Premium,2,1,57063
P004,Sony,PlayStation 5,Gaming Console,55000,24,Returning,3,0,49591
P008,Canon,Canon EOS R50,Camera,75000,94,New,3,1,62920
P009,Apple,iPad Air M3,Tablet,65000,74,Returning,1,0,59881
P008,Canon,Canon EOS R50,Camera,75000,91,Returning,1,1,64234
P002,Samsung,Samsung Galaxy S25 Ultra,Smartphone,95000,19,Premium,3,1,82626
P009,Apple,iPad Air M3,Tablet,65000,11,Premium,3,0,59551
P008,Canon,Canon EOS R50,Camera,75000,81,Premium,3,0,63200
P009,Apple,iPad Air M3,Tablet,65000,75,Returning,3,0,58925
P006,Apple,Apple Watch Series 10,Smartwatch,50000,69,New,2,1,44524
P008,Canon,Canon EOS R50,Camera,75000,74,Premium,2,1,63611
P005,Sony,Sony WH-1000XM6,Headphones,32000,38,New,1,1,26804
P010,ASUS,ASUS ROG Zephyrus G16,Laptop,160000,34,New,3,1,134492
P003,Apple,MacBook Air M4,Laptop,110000,74,New,3,1,99328
P010,ASUS,ASUS ROG Zephyrus G16,Laptop,160000,4,Returning,2,0,142029
P009,Apple,iPad Air M3,Tablet,65000,10,Returning,2,0,61230
P005,Sony,Sony WH-1000XM6,Headphones,32000,36,Returning,1,0,26998
P003,Apple,MacBook Air M4,Laptop,110000,76,Premium,1,1,98878
P003,Apple,MacBook Air M4,Laptop,110000,34,Premium,1,1,98685
P009,Apple,iPad Air M3,Tablet,65000,5,Returning,1,0,61859
P003,Apple,MacBook Air M4,Laptop,110000,64,Returning,2,0,101376
P008,Canon,Canon EOS R50,Camera,75000,93,Premium,1,0,64591
P006,Apple,Apple Watch Series 10,Smartwatch,50000,7,Premium,2,0,45553
P003,Apple,MacBook Air M4,Laptop,110000,60,Returning,2,1,98987
P009,Apple,iPad Air M3,Tablet,65000,30,Returning,3,1,57185
P005,Sony,Sony WH-1000XM6,Headphones,32000,19,Premium,2,0,26995
P008,Canon,Canon EOS R50,Camera,75000,49,Premium,2,0,64849
P009,Apple,iPad Air M3,Tablet,65000,82,Returning,2,1,56393
P005,Sony,Sony WH-1000XM6,Headphones,32000,35,New,2,1,26212
P004,Sony,PlayStation 5,Gaming Console,55000,94,Premium,3,0,47882
P006,Apple,Apple Watch Series 10,Smartwatch,50000,87,Premium,1,1,43060
P001,Apple,iPhone 16,Smartphone,80000,87,New,1,0,74321
P002,Samsung,Samsung Galaxy S25 Ultra,Smartphone,95000,68,New,3,1,81559
P004,Sony,PlayStation 5,Gaming Console,55000,93,Returning,2,0,48484
P001,Apple,iPhone 16,Smartphone,80000,80,New,1,0,76473
P010,ASUS,ASUS ROG Zephyrus G16,Laptop,160000,82,New,3,0,133988
P010,ASUS,ASUS ROG Zephyrus G16,Laptop,160000,17,Returning,3,0,141217
P002,Samsung,Samsung Galaxy S25 Ultra,Smartphone,95000,90,New,2,1,80728
P002,Samsung,Samsung Galaxy S25 Ultra,Smartphone,95000,82,Returning,2,1,80008
P006,Apple,Apple Watch Series 10,Smartwatch,50000,33,New,1,1,45295
P001,Apple,iPhone 16,Smartphone,80000,49,Returning,2,0,74164
P005,Sony,Sony WH-1000XM6,Headphones,32000,23,Returning,1,1,26690
P004,Sony,PlayStation 5,Gaming Console,55000,79,Returning,1,1,49111
P003,Apple,MacBook Air M4,Laptop,110000,70,Returning,1,0,102734
P008,Canon,Canon EOS R50,Camera,75000,92,Returning,1,0,64824
P002,Samsung,Samsung Galaxy S25 Ultra,Smartphone,95000,74,Premium,2,1,80269
P008,Canon,Canon EOS R50,Camera,75000,20,Premium,3,0,64955
P001,Apple,iPhone 16,Smartphone,80000,86,Returning,2,0,73016
P006,Apple,Apple Watch Series 10,Smartwatch,50000,51,Premium,1,1,43989
P007,Dell,Dell XPS 13,Laptop,120000,52,Premium,1,0,107503
P007,Dell,Dell XPS 13,Laptop,120000,89,Returning,1,1,104241
P005,Sony,Sony WH-1000XM6,Headphones,32000,52,New,3,0,26434
P009,Apple,iPad Air M3,Tablet,65000,44,New,2,1,58663
P004,Sony,PlayStation 5,Gaming Console,55000,23,Premium,1,1,49126
P004,Sony,PlayStation 5,Gaming Console,55000,39,Premium,2,0,49645
P006,Apple,Apple Watch Series 10,Smartwatch,50000,63,New,3,1,44252
P004,Sony,PlayStation 5,Gaming Console,55000,18,New,1,0,53037
P010,ASUS,ASUS ROG Zephyrus G16,Laptop,160000,31,Returning,2,0,137911
P009,Apple,iPad Air M3,Tablet,65000,83,Returning,2,1,57039
P001,Apple,iPhone 16,Smartphone,80000,5,Returning,1,1,76306
P001,Apple,iPhone 16,Smartphone,80000,52,New,1,1,74862
P009,Apple,iPad Air M3,Tablet,65000,20,Premium,3,0,58297
P002,Samsung,Samsung Galaxy S25 Ultra,Smartphone,95000,5,Premium,1,1,84719
P001,Apple,iPhone 16,Smartphone,80000,61,Premium,1,0,74618
P003,Apple,MacBook Air M4,Laptop,110000,2,New,3,0,104926
P005,Sony,Sony WH-1000XM6,Headphones,32000,13,Returning,3,0,27555
P010,ASUS,ASUS ROG Zephyrus G16,Laptop,160000,9,New,1,1,142509
P010,ASUS,ASUS ROG Zephyrus G16,Laptop,160000,29,New,1,1,137445
P007,Dell,Dell XPS 13,Laptop,120000,42,New,3,0,107829
P004,Sony,PlayStation 5,Gaming Console,55000,98,New,3,0,48793
P002,Samsung,Samsung Galaxy S25 Ultra,Smartphone,95000,16,Returning,1,1,85172
P006,Apple,Apple Watch Series 10,Smartwatch,50000,71,New,2,0,45947
P010,ASUS,ASUS ROG Zephyrus G16,Laptop,160000,6,New,1,1,142696
P003,Apple,MacBook Air M4,Laptop,110000,3,Returning,1,0,105107
P003,Apple,MacBook Air M4,Laptop,110000,12,Premium,3,1,100026
P008,Canon,Canon EOS R50,Camera,75000,89,New,1,0,66155
P005,Sony,Sony WH-1000XM6,Headphones,32000,67,Returning,2,0,27020
P003,Apple,MacBook Air M4,Laptop,110000,79,Premium,1,0,101434
P008,Canon,Canon EOS R50,Camera,75000,79,New,3,1,64356
P007,Dell,Dell XPS 13,Laptop,120000,1,Premium,1,0,111220
P009,Apple,iPad Air M3,Tablet,65000,13,Premium,2,0,60425
P004,Sony,PlayStation 5,Gaming Console,55000,36,New,1,0,51465
P003,Apple,MacBook Air M4,Laptop,110000,88,Returning,2,0,98663
P001,Apple,iPhone 16,Smartphone,80000,7,Premium,2,1,74114
P007,Dell,Dell XPS 13,Laptop,120000,33,Returning,3,1,103944
P002,Samsung,Samsung Galaxy S25 Ultra,Smartphone,95000,95,New,3,0,81361
P001,Apple,iPhone 16,Smartphone,80000,63,Premium,1,0,74816
P004,Sony,PlayStation 5,Gaming Console,55000,93,Returning,3,1,47229
P004,Sony,PlayStation 5,Gaming Console,55000,96,Premium,2,0,48697
P002,Samsung,Samsung Galaxy S25 Ultra,Smartphone,95000,42,New,1,0,85755
P007,Dell,Dell XPS 13,Laptop,120000,26,Returning,1,0,109182
P010,ASUS,ASUS ROG Zephyrus G16,Laptop,160000,63,New,2,0,138921
P010,ASUS,ASUS ROG Zephyrus G16,Laptop,160000,59,New,2,1,135639
P008,Canon,Canon EOS R50,Camera,75000,93,New,3,1,63498
P005,Sony,Sony WH-1000XM6,Headphones,32000,26,Returning,1,0,27088
P010,ASUS,ASUS ROG Zephyrus G16,Laptop,160000,8,Returning,1,0,144372
P008,Canon,Canon EOS R50,Camera,75000,59,Returning,1,1,64975
P005,Sony,Sony WH-1000XM6,Headphones,32000,78,New,3,0,26651
P009,Apple,iPad Air M3,Tablet,65000,30,New,2,1,58882
P004,Sony,PlayStation 5,Gaming Console,55000,76,Returning,2,1,48464
P007,Dell,Dell XPS 13,Laptop,120000,95,New,1,1,105544
P010,ASUS,ASUS ROG Zephyrus G16,Laptop,160000,29,Premium,1,0,137527
P001,Apple,iPhone 16,Smartphone,80000,6,Returning,3,0,75935
P009,Apple,iPad Air M3,Tablet,65000,51,Returning,3,0,58463
P008,Canon,Canon EOS R50,Camera,75000,31,New,3,0,66209
P007,Dell,Dell XPS 13,Laptop,120000,28,New,2,1,106544
P002,Samsung,Samsung Galaxy S25 Ultra,Smartphone,95000,3,Returning,3,1,83265
P008,Canon,Canon EOS R50,Camera,75000,74,Premium,3,0,64999
P008,Canon,Canon EOS R50,Camera,75000,60,New,3,1,64189
P006,Apple,Apple Watch Series 10,Smartwatch,50000,81,Returning,3,0,43881
P002,Samsung,Samsung Galaxy S25 Ultra,Smartphone,95000,50,Premium,2,0,82453
P007,Dell,Dell XPS 13,Laptop,120000,97,Returning,3,0,104706
P002,Samsung,Samsung Galaxy S25 Ultra,Smartphone,95000,80,Returning,3,0,82677
P006,Apple,Apple Watch Series 10,Smartwatch,50000,7,New,2,1,45976
P010,ASUS,ASUS ROG Zephyrus G16,Laptop,160000,6,Returning,2,0,142563
P009,Apple,iPad Air M3,Tablet,65000,91,New,3,0,57491
P006,Apple,Apple Watch Series 10,Smartwatch,50000,31,Premium,1,1,44255
P010,ASUS,ASUS ROG Zephyrus G16,Laptop,160000,90,New,3,0,134228
P006,Apple,Apple Watch Series 10,Smartwatch,50000,35,Premium,3,1,42783
P001,Apple,iPhone 16,Smartphone,80000,9,Returning,2,1,75197
P009,Apple,iPad Air M3,Tablet,65000,68,New,2,1,58462
P010,ASUS,ASUS ROG Zephyrus G16,Laptop,160000,48,Premium,3,0,134092
P008,Canon,Canon EOS R50,Camera,75000,12,New,2,0,68795
P002,Samsung,Samsung Galaxy S25 Ultra,Smartphone,95000,14,New,2,0,87613
P003,Apple,MacBook Air M4,Laptop,110000,64,New,1,0,103200
P007,Dell,Dell XPS 13,Laptop,120000,88,Premium,1,1,103055
P007,Dell,Dell XPS 13,Laptop,120000,57,Premium,3,0,105398
P004,Sony,PlayStation 5,Gaming Console,55000,9,New,1,1,51621
P010,ASUS,ASUS ROG Zephyrus G16,Laptop,160000,44,Premium,3,1,131197
P010,ASUS,ASUS ROG Zephyrus G16,Laptop,160000,86,Premium,3,1,127968
P005,Sony,Sony WH-1000XM6,Headphones,32000,73,New,2,0,27188
P005,Sony,Sony WH-1000XM6,Headphones,32000,30,Returning,2,1,26208
P001,Apple,iPhone 16,Smartphone,80000,19,Returning,2,1,75679
P003,Apple,MacBook Air M4,Laptop,110000,80,New,3,1,98686
P003,Apple,MacBook Air M4,Laptop,110000,91,Premium,3,0,96465
P004,Sony,PlayStation 5,Gaming Console,55000,15,New,2,0,52201
P005,Sony,Sony WH-1000XM6,Headphones,32000,48,New,1,0,27381
P006,Apple,Apple Watch Series 10,Smartwatch,50000,45,New,2,1,44552
P003,Apple,MacBook Air M4,Laptop,110000,69,Returning,1,0,102214
P008,Canon,Canon EOS R50,Camera,75000,99,New,2,1,63409
P001,Apple,iPhone 16,Smartphone,80000,95,Premium,3,1,69762
P005,Sony,Sony WH-1000XM6,Headphones,32000,61,Returning,3,0,26558
P010,ASUS,ASUS ROG Zephyrus G16,Laptop,160000,94,Returning,2,0,134649
P008,Canon,Canon EOS R50,Camera,75000,6,New,3,0,68065
P001,Apple,iPhone 16,Smartphone,80000,52,Premium,1,1,72665
P002,Samsung,Samsung Galaxy S25 Ultra,Smartphone,95000,42,New,3,0,83697
P009,Apple,iPad Air M3,Tablet,65000,29,Returning,1,0,59385
P009,Apple,iPad Air M3,Tablet,65000,58,Premium,3,0,58349
P009,Apple,iPad Air M3,Tablet,65000,51,New,2,1,58617
P010,ASUS,ASUS ROG Zephyrus G16,Laptop,160000,66,New,3,1,134307
P003,Apple,MacBook Air M4,Laptop,110000,92,Returning,2,1,96681
P001,Apple,iPhone 16,Smartphone,80000,37,Returning,2,1,73300
P008,Canon,Canon EOS R50,Camera,75000,72,New,1,1,66259
P007,Dell,Dell XPS 13,Laptop,120000,57,Returning,1,1,107046
P007,Dell,Dell XPS 13,Laptop,120000,18,Premium,3,0,108847
P004,Sony,PlayStation 5,Gaming Console,55000,39,Returning,3,1,47967
P010,ASUS,ASUS ROG Zephyrus G16,Laptop,160000,97,Returning,1,0,135919
P005,Sony,Sony WH-1000XM6,Headphones,32000,54,New,3,1,26147
P010,ASUS,ASUS ROG Zephyrus G16,Laptop,160000,97,New,1,0,137952
P007,Dell,Dell XPS 13,Laptop,120000,38,Premium,2,0,107142
P005,Sony,Sony WH-1000XM6,Headphones,32000,75,Returning,2,1,25649
P001,Apple,iPhone 16,Smartphone,80000,1,New,2,1,76478
P008,Canon,Canon EOS R50,Camera,75000,16,Premium,3,1,65177
P003,Apple,MacBook Air M4,Laptop,110000,63,Premium,3,0,98529
P002,Samsung,Samsung Galaxy S25 Ultra,Smartphone,95000,98,Returning,2,0,81813
P006,Apple,Apple Watch Series 10,Smartwatch,50000,75,Returning,3,1,43889
P005,Sony,Sony WH-1000XM6,Headphones,32000,81,Premium,2,0,25482
P009,Apple,iPad Air M3,Tablet,65000,94,Premium,1,1,56216
P010,ASUS,ASUS ROG Zephyrus G16,Laptop,160000,8,New,2,1,141199
P003,Apple,MacBook Air M4,Laptop,110000,46,New,1,1,101069
P007,Dell,Dell XPS 13,Laptop,120000,82,Returning,1,1,104198
P009,Apple,iPad Air M3,Tablet,65000,82,New,3,0,58134
P003,Apple,MacBook Air M4,Laptop,110000,98,New,3,0,99056
P006,Apple,Apple Watch Series 10,Smartwatch,50000,41,Premium,2,1,43701
P006,Apple,Apple Watch Series 10,Smartwatch,50000,13,Premium,3,1,44843
P003,Apple,MacBook Air M4,Laptop,110000,2,New,3,1,102181
P008,Canon,Canon EOS R50,Camera,75000,53,Returning,1,0,66473
P003,Apple,MacBook Air M4,Laptop,110000,65,New,1,0,103327
P008,Canon,Canon EOS R50,Camera,75000,10,New,1,0,69741
P006,Apple,Apple Watch Series 10,Smartwatch,50000,40,Premium,2,0,44836
P008,Canon,Canon EOS R50,Camera,75000,77,Premium,2,0,65476
P005,Sony,Sony WH-1000XM6,Headphones,32000,4,Premium,1,0,27151
P003,Apple,MacBook Air M4,Laptop,110000,89,New,2,0,99814
P003,Apple,MacBook Air M4,Laptop,110000,11,Returning,3,0,102979
P001,Apple,iPhone 16,Smartphone,80000,100,Returning,2,0,72501
P002,Samsung,Samsung Galaxy S25 Ultra,Smartphone,95000,5,Premium,3,0,84530
P002,Samsung,Samsung Galaxy S25 Ultra,Smartphone,95000,33,New,1,1,83783
P001,Apple,iPhone 16,Smartphone,80000,97,New,1,0,74501
P004,Sony,PlayStation 5,Gaming Console,55000,24,Premium,2,0,49092
P003,Apple,MacBook Air M4,Laptop,110000,96,Returning,3,1,95560
P003,Apple,MacBook Air M4,Laptop,110000,65,Premium,3,0,99017
P010,ASUS,ASUS ROG Zephyrus G16,Laptop,160000,9,New,3,0,142441
P004,Sony,PlayStation 5,Gaming Console,55000,92,New,2,0,49923
P009,Apple,iPad Air M3,Tablet,65000,1,Premium,1,0,61542
P009,Apple,iPad Air M3,Tablet,65000,91,Returning,2,0,57800
P002,Samsung,Samsung Galaxy S25 Ultra,Smartphone,95000,24,Returning,2,1,81419
P009,Apple,iPad Air M3,Tablet,65000,30,Returning,1,1,58126
P008,Canon,Canon EOS R50,Camera,75000,15,Premium,1,1,67030
P006,Apple,Apple Watch Series 10,Smartwatch,50000,91,Returning,3,0,43084
P006,Apple,Apple Watch Series 10,Smartwatch,50000,64,New,2,1,44467
P010,ASUS,ASUS ROG Zephyrus G16,Laptop,160000,95,Returning,3,1,129331
P009,Apple,iPad Air M3,Tablet,65000,53,Returning,2,0,59527
P002,Samsung,Samsung Galaxy S25 Ultra,Smartphone,95000,61,Premium,2,0,82163
P008,Canon,Canon EOS R50,Camera,75000,87,New,2,1,63785
P002,Samsung,Samsung Galaxy S25 Ultra,Smartphone,95000,16,New,2,1,85711
P010,ASUS,ASUS ROG Zephyrus G16,Laptop,160000,14,Premium,1,0,142272
P004,Sony,PlayStation 5,Gaming Console,55000,44,New,3,1,48575
P004,Sony,PlayStation 5,Gaming Console,55000,55,Premium,2,1,48683
P010,ASUS,ASUS ROG Zephyrus G16,Laptop,160000,76,Returning,3,1,132664
P008,Canon,Canon EOS R50,Camera,75000,86,Premium,2,1,62273
P005,Sony,Sony WH-1000XM6,Headphones,32000,19,Returning,1,0,27596
P008,Canon,Canon EOS R50,Camera,75000,64,New,3,0,65530
P002,Samsung,Samsung Galaxy S25 Ultra,Smartphone,95000,95,New,1,1,81894
P001,Apple,iPhone 16,Smartphone,80000,23,Returning,3,1,71656
P005,Sony,Sony WH-1000XM6,Headphones,32000,80,Premium,1,0,26736
P009,Apple,iPad Air M3,Tablet,65000,99,Returning,2,0,57650
P008,Canon,Canon EOS R50,Camera,75000,63,Premium,2,1,64078
P009,Apple,iPad Air M3,Tablet,65000,70,New,1,1,59551
P002,Samsung,Samsung Galaxy S25 Ultra,Smartphone,95000,50,Returning,2,1,81653
P008,Canon,Canon EOS R50,Camera,75000,5,New,1,1,68655
P003,Apple,MacBook Air M4,Laptop,110000,63,Returning,1,1,100332
P007,Dell,Dell XPS 13,Laptop,120000,63,New,3,1,105775
P009,Apple,iPad Air M3,Tablet,65000,88,Premium,3,1,55237
P009,Apple,iPad Air M3,Tablet,65000,21,Premium,1,1,57619
P008,Canon,Canon EOS R50,Camera,75000,76,Returning,3,1,64034
P005,Sony,Sony WH-1000XM6,Headphones,32000,42,New,1,0,26831
P006,Apple,Apple Watch Series 10,Smartwatch,50000,45,Premium,3,0,44283
P006,Apple,Apple Watch Series 10,Smartwatch,50000,49,New,2,1,44365
P007,Dell,Dell XPS 13,Laptop,120000,45,New,3,0,107753
P004,Sony,PlayStation 5,Gaming Console,55000,83,Returning,3,0,48832
P002,Samsung,Samsung Galaxy S25 Ultra,Smartphone,95000,40,New,2,0,84070
P009,Apple,iPad Air M3,Tablet,65000,42,New,2,1,58581
P009,Apple,iPad Air M3,Tablet,65000,54,Returning,1,1,58602
P001,Apple,iPhone 16,Smartphone,80000,41,Returning,3,1,71830
P010,ASUS,ASUS ROG Zephyrus G16,Laptop,160000,13,Returning,1,0,143844
P008,Canon,Canon EOS R50,Camera,75000,65,Premium,2,0,65379
P005,Sony,Sony WH-1000XM6,Headphones,32000,47,Returning,1,1,26390
P002,Samsung,Samsung Galaxy S25 Ultra,Smartphone,95000,69,New,2,1,82198
P005,Sony,Sony WH-1000XM6,Headphones,32000,74,Returning,1,0,27114
P010,ASUS,ASUS ROG Zephyrus G16,Laptop,160000,13,Premium,2,1,137168
P010,ASUS,ASUS ROG Zephyrus G16,Laptop,160000,68,Returning,2,0,137455
P002,Samsung,Samsung Galaxy S25 Ultra,Smartphone,95000,84,Returning,3,1,78793
P009,Apple,iPad Air M3,Tablet,65000,41,New,2,1,58257
P010,ASUS,ASUS ROG Zephyrus G16,Laptop,160000,66,Returning,3,0,136402
P001,Apple,iPhone 16,Smartphone,80000,81,Premium,3,0,71290
P008,Canon,Canon EOS R50,Camera,75000,28,Premium,3,1,62774
P009,Apple,iPad Air M3,Tablet,65000,79,Returning,3,0,58534
P004,Sony,PlayStation 5,Gaming Console,55000,47,Returning,1,0,50254
P005,Sony,Sony WH-1000XM6,Headphones,32000,56,Returning,2,0,26709
P004,Sony,PlayStation 5,Gaming Console,55000,53,Returning,2,0,49812
P010,ASUS,ASUS ROG Zephyrus G16,Laptop,160000,31,Returning,1,0,138853
P004,Sony,PlayStation 5,Gaming Console,55000,4,New,2,1,51147
P009,Apple,iPad Air M3,Tablet,65000,56,Returning,3,0,58206
P003,Apple,MacBook Air M4,Laptop,110000,35,New,1,1,101508
P005,Sony,Sony WH-1000XM6,Headphones,32000,85,Premium,1,0,26406
P008,Canon,Canon EOS R50,Camera,75000,3,New,1,1,68366
P005,Sony,Sony WH-1000XM6,Headphones,32000,9,Returning,2,0,27426
P003,Apple,MacBook Air M4,Laptop,110000,31,New,3,0,101234
P010,ASUS,ASUS ROG Zephyrus G16,Laptop,160000,100,Premium,2,1,130005
P002,Samsung,Samsung Galaxy S25 Ultra,Smartphone,95000,31,Premium,1,1,81537
P010,ASUS,ASUS ROG Zephyrus G16,Laptop,160000,95,Returning,3,0,133257
P007,Dell,Dell XPS 13,Laptop,120000,28,New,1,0,110119
P005,Sony,Sony WH-1000XM6,Headphones,32000,57,Returning,2,0,26562
P009,Apple,iPad Air M3,Tablet,65000,48,Premium,1,1,57908
P007,Dell,Dell XPS 13,Laptop,120000,61,Premium,1,1,106000
P003,Apple,MacBook Air M4,Laptop,110000,47,Returning,3,1,98241
P005,Sony,Sony WH-1000XM6,Headphones,32000,3,Premium,3,0,27241
P001,Apple,iPhone 16,Smartphone,80000,89,Premium,1,1,71265
P007,Dell,Dell XPS 13,Laptop,120000,40,Premium,3,1,103624
P002,Samsung,Samsung Galaxy S25 Ultra,Smartphone,95000,69,New,2,1,82158
P007,Dell,Dell XPS 13,Laptop,120000,33,Returning,1,0,109004
P004,Sony,PlayStation 5,Gaming Console,55000,21,Returning,3,1,48800
P007,Dell,Dell XPS 13,Laptop,120000,5,Returning,1,1,110382
P007,Dell,Dell XPS 13,Laptop,120000,43,Premium,2,0,107144
P003,Apple,MacBook Air M4,Laptop,110000,90,Returning,3,0,97760
P007,Dell,Dell XPS 13,Laptop,120000,78,Premium,3,1,103164
P001,Apple,iPhone 16,Smartphone,80000,98,New,3,0,72945
P008,Canon,Canon EOS R50,Camera,75000,83,New,1,1,64204
P005,Sony,Sony WH-1000XM6,Headphones,32000,41,Premium,1,0,26221
P004,Sony,PlayStation 5,Gaming Console,55000,67,Premium,3,0,49317
P010,ASUS,ASUS ROG Zephyrus G16,Laptop,160000,88,Returning,2,1,131189
P003,Apple,MacBook Air M4,Laptop,110000,34,New,3,1,99318
P005,Sony,Sony WH-1000XM6,Headphones,32000,26,New,2,1,25926
P007,Dell,Dell XPS 13,Laptop,120000,49,Premium,1,0,108470
P001,Apple,iPhone 16,Smartphone,80000,72,Premium,3,0,73228
P002,Samsung,Samsung Galaxy S25 Ultra,Smartphone,95000,60,New,2,0,84100
P007,Dell,Dell XPS 13,Laptop,120000,80,Returning,3,1,104052
P002,Samsung,Samsung Galaxy S25 Ultra,Smartphone,95000,48,New,3,0,83114
P009,Apple,iPad Air M3,Tablet,65000,56,Returning,3,1,56821
P004,Sony,PlayStation 5,Gaming Console,55000,92,New,1,1,48744
P008,Canon,Canon EOS R50,Camera,75000,49,New,2,0,66864
P004,Sony,PlayStation 5,Gaming Console,55000,37,Premium,3,0,48878
P003,Apple,MacBook Air M4,Laptop,110000,53,New,1,1,101699
P005,Sony,Sony WH-1000XM6,Headphones,32000,31,Premium,2,0,26118
P010,ASUS,ASUS ROG Zephyrus G16,Laptop,160000,88,Premium,2,0,132310
P008,Canon,Canon EOS R50,Camera,75000,18,Returning,3,1,66203
P004,Sony,PlayStation 5,Gaming Console,55000,92,Returning,3,1,47553
P010,ASUS,ASUS ROG Zephyrus G16,Laptop,160000,33,New,1,0,140353
P006,Apple,Apple Watch Series 10,Smartwatch,50000,31,Returning,2,0,44505
P005,Sony,Sony WH-1000XM6,Headphones,32000,65,Premium,2,1,26100
P007,Dell,Dell XPS 13,Laptop,120000,86,Returning,1,0,106894
P003,Apple,MacBook Air M4,Laptop,110000,34,New,3,1,99452
P006,Apple,Apple Watch Series 10,Smartwatch,50000,60,New,1,1,45227
P009,Apple,iPad Air M3,Tablet,65000,56,New,2,0,59620
P001,Apple,iPhone 16,Smartphone,80000,17,Returning,2,1,75648
P007,Dell,Dell XPS 13,Laptop,120000,37,Returning,3,1,104429
P006,Apple,Apple Watch Series 10,Smartwatch,50000,56,New,2,1,44782
P003,Apple,MacBook Air M4,Laptop,110000,72,Premium,3,1,96354
P004,Sony,PlayStation 5,Gaming Console,55000,20,New,1,0,50686
P008,Canon,Canon EOS R50,Camera,75000,34,New,3,1,64446
P002,Samsung,Samsung Galaxy S25 Ultra,Smartphone,95000,64,New,2,1,82876
P009,Apple,iPad Air M3,Tablet,65000,63,Returning,2,0,59516
P003,Apple,MacBook Air M4,Laptop,110000,16,Returning,1,0,105989
P005,Sony,Sony WH-1000XM6,Headphones,32000,24,New,3,1,25996
P010,ASUS,ASUS ROG Zephyrus G16,Laptop,160000,28,Premium,1,0,137526
P002,Samsung,Samsung Galaxy S25 Ultra,Smartphone,95000,32,Returning,3,0,83058
P006,Apple,Apple Watch Series 10,Smartwatch,50000,4,Returning,3,0,45903
P006,Apple,Apple Watch Series 10,Smartwatch,50000,76,New,2,0,45029
P002,Samsung,Samsung Galaxy S25 Ultra,Smartphone,95000,59,Premium,3,1,79764
P005,Sony,Sony WH-1000XM6,Headphones,32000,77,Premium,1,1,26413
P001,Apple,iPhone 16,Smartphone,80000,84,Premium,2,1,70870
P010,ASUS,ASUS ROG Zephyrus G16,Laptop,160000,17,New,1,1,142230
P001,Apple,iPhone 16,Smartphone,80000,96,New,3,1,70794
P007,Dell,Dell XPS 13,Laptop,120000,33,New,1,1,107591
P001,Apple,iPhone 16,Smartphone,80000,27,New,2,1,73391
P003,Apple,MacBook Air M4,Laptop,110000,16,Returning,2,1,102553
P005,Sony,Sony WH-1000XM6,Headphones,32000,88,Premium,1,1,25461
P002,Samsung,Samsung Galaxy S25 Ultra,Smartphone,95000,48,Premium,1,1,81656
P007,Dell,Dell XPS 13,Laptop,120000,61,Returning,3,1,103992
P007,Dell,Dell XPS 13,Laptop,120000,48,Premium,1,1,105745
P007,Dell,Dell XPS 13,Laptop,120000,12,New,3,1,109696
P008,Canon,Canon EOS R50,Camera,75000,87,New,3,0,64953
P008,Canon,Canon EOS R50,Camera,75000,68,Premium,3,0,64297
P008,Canon,Canon EOS R50,Camera,75000,56,New,2,1,64902
P003,Apple,MacBook Air M4,Laptop,110000,88,Returning,1,1,97702
P010,ASUS,ASUS ROG Zephyrus G16,Laptop,160000,7,Premium,1,0,142425
P002,Samsung,Samsung Galaxy S25 Ultra,Smartphone,95000,66,Returning,2,0,83575
P010,ASUS,ASUS ROG Zephyrus G16,Laptop,160000,33,Returning,2,0,137887
P009,Apple,iPad Air M3,Tablet,65000,3,New,3,1,59483
P003,Apple,MacBook Air M4,Laptop,110000,51,New,1,1,101597
P005,Sony,Sony WH-1000XM6,Headphones,32000,41,Premium,3,1,25555
P008,Canon,Canon EOS R50,Camera,75000,80,Returning,2,0,65716
P003,Apple,MacBook Air M4,Laptop,110000,11,Premium,3,1,100492
P002,Samsung,Samsung Galaxy S25 Ultra,Smartphone,95000,56,Premium,1,0,83504
P002,Samsung,Samsung Galaxy S25 Ultra,Smartphone,95000,2,New,3,1,84521
P007,Dell,Dell XPS 13,Laptop,120000,85,Premium,3,1,100610
P010,ASUS,ASUS ROG Zephyrus G16,Laptop,160000,79,Returning,3,1,133123
P005,Sony,Sony WH-1000XM6,Headphones,32000,12,New,1,0,27855
P002,Samsung,Samsung Galaxy S25 Ultra,Smartphone,95000,3,Premium,1,0,86164
P008,Canon,Canon EOS R50,Camera,75000,84,New,3,0,64446
P009,Apple,iPad Air M3,Tablet,65000,25,New,2,1,58151
P008,Canon,Canon EOS R50,Camera,75000,55,New,1,0,67924
P003,Apple,MacBook Air M4,Laptop,110000,95,Premium,2,1,95682
P001,Apple,iPhone 16,Smartphone,80000,58,Premium,1,0,74201
P010,ASUS,ASUS ROG Zephyrus G16,Laptop,160000,51,New,2,0,138805
P007,Dell,Dell XPS 13,Laptop,120000,54,Returning,3,1,103937
P008,Canon,Canon EOS R50,Camera,75000,52,Returning,3,1,63487
P001,Apple,iPhone 16,Smartphone,80000,68,New,2,1,73666
P002,Samsung,Samsung Galaxy S25 Ultra,Smartphone,95000,35,Premium,2,1,80369
P008,Canon,Canon EOS R50,Camera,75000,80,Premium,2,1,63964
P007,Dell,Dell XPS 13,Laptop,120000,3,New,2,0,112780
P006,Apple,Apple Watch Series 10,Smartwatch,50000,57,New,3,0,45101
P006,Apple,Apple Watch Series 10,Smartwatch,50000,78,Premium,3,1,42634
P005,Sony,Sony WH-1000XM6,Headphones,32000,93,Premium,2,1,25313
P006,Apple,Apple Watch Series 10,Smartwatch,50000,61,New,3,0,44789
P002,Samsung,Samsung Galaxy S25 Ultra,Smartphone,95000,86,Returning,1,0,82354
P003,Apple,MacBook Air M4,Laptop,110000,78,Returning,1,1,100565
P008,Canon,Canon EOS R50,Camera,75000,39,New,1,0,67018
P006,Apple,Apple Watch Series 10,Smartwatch,50000,34,Returning,3,0,44178
P009,Apple,iPad Air M3,Tablet,65000,5,New,2,1,60066
P010,ASUS,ASUS ROG Zephyrus G16,Laptop,160000,30,New,3,0,137598
P005,Sony,Sony WH-1000XM6,Headphones,32000,44,Returning,1,1,26657
P003,Apple,MacBook Air M4,Laptop,110000,89,Premium,3,0,97023
P001,Apple,iPhone 16,Smartphone,80000,57,Returning,1,0,75500
P010,ASUS,ASUS ROG Zephyrus G16,Laptop,160000,79,New,3,0,137619
P002,Samsung,Samsung Galaxy S25 Ultra,Smartphone,95000,22,Premium,1,0,84032
P006,Apple,Apple Watch Series 10,Smartwatch,50000,21,Premium,2,1,43780
P009,Apple,iPad Air M3,Tablet,65000,64,Premium,1,0,59312
P006,Apple,Apple Watch Series 10,Smartwatch,50000,43,New,1,0,45949
P007,Dell,Dell XPS 13,Laptop,120000,99,New,1,1,105449
P005,Sony,Sony WH-1000XM6,Headphones,32000,65,New,1,1,26441
P007,Dell,Dell XPS 13,Laptop,120000,47,Premium,3,0,105255
P009,Apple,iPad Air M3,Tablet,65000,54,New,1,1,59073
P007,Dell,Dell XPS 13,Laptop,120000,59,Premium,3,1,103666
P001,Apple,iPhone 16,Smartphone,80000,57,New,1,0,75586
P006,Apple,Apple Watch Series 10,Smartwatch,50000,41,Returning,1,1,44062
P007,Dell,Dell XPS 13,Laptop,120000,98,New,3,0,106024
P010,ASUS,ASUS ROG Zephyrus G16,Laptop,160000,8,Premium,3,1,135929
P007,Dell,Dell XPS 13,Laptop,120000,88,Premium,3,1,101038
P006,Apple,Apple Watch Series 10,Smartwatch,50000,45,New,2,0,45717
P007,Dell,Dell XPS 13,Laptop,120000,58,Premium,1,1,105814
P006,Apple,Apple Watch Series 10,Smartwatch,50000,84,Returning,1,1,43086
P001,Apple,iPhone 16,Smartphone,80000,69,Returning,2,0,74432
P009,Apple,iPad Air M3,Tablet,65000,37,New,1,1,59183
P006,Apple,Apple Watch Series 10,Smartwatch,50000,97,Premium,1,0,43528
P009,Apple,iPad Air M3,Tablet,65000,76,Returning,1,1,58743
P007,Dell,Dell XPS 13,Laptop,120000,65,New,3,0,108361
P006,Apple,Apple Watch Series 10,Smartwatch,50000,34,Premium,3,1,42626
P001,Apple,iPhone 16,Smartphone,80000,97,Premium,1,1,71005
P010,ASUS,ASUS ROG Zephyrus G16,Laptop,160000,95,New,2,1,132541
P010,ASUS,ASUS ROG Zephyrus G16,Laptop,160000,73,Premium,3,0,134258
P005,Sony,Sony WH-1000XM6,Headphones,32000,37,Premium,3,0,26151
P007,Dell,Dell XPS 13,Laptop,120000,67,Premium,1,0,107835
P009,Apple,iPad Air M3,Tablet,65000,75,New,2,1,58100
P003,Apple,MacBook Air M4,Laptop,110000,92,Returning,2,0,98594
P001,Apple,iPhone 16,Smartphone,80000,55,New,2,0,75156
P002,Samsung,Samsung Galaxy S25 Ultra,Smartphone,95000,48,Premium,3,1,79902
P009,Apple,iPad Air M3,Tablet,65000,67,Returning,2,1,58001
P007,Dell,Dell XPS 13,Laptop,120000,57,Premium,2,1,104743
P003,Apple,MacBook Air M4,Laptop,110000,19,Premium,1,1,102528
P008,Canon,Canon EOS R50,Camera,75000,17,Premium,3,0,66961
P004,Sony,PlayStation 5,Gaming Console,55000,59,Returning,1,0,51066
P009,Apple,iPad Air M3,Tablet,65000,48,New,3,1,57462
P002,Samsung,Samsung Galaxy S25 Ultra,Smartphone,95000,48,Premium,2,0,82685
P003,Apple,MacBook Air M4,Laptop,110000,16,Returning,2,1,102110
P005,Sony,Sony WH-1000XM6,Headphones,32000,63,New,1,0,27502
P010,ASUS,ASUS ROG Zephyrus G16,Laptop,160000,54,New,2,1,135720
P003,Apple,MacBook Air M4,Laptop,110000,95,Returning,1,0,100160
P006,Apple,Apple Watch Series 10,Smartwatch,50000,9,New,2,1,46086
P005,Sony,Sony WH-1000XM6,Headphones,32000,73,Returning,2,1,25906
P010,ASUS,ASUS ROG Zephyrus G16,Laptop,160000,17,New,3,1,139479
P008,Canon,Canon EOS R50,Camera,75000,86,Returning,1,1,63341
P010,ASUS,ASUS ROG Zephyrus G16,Laptop,160000,86,Premium,2,1,129338
P007,Dell,Dell XPS 13,Laptop,120000,44,Premium,1,1,105853
P005,Sony,Sony WH-1000XM6,Headphones,32000,83,New,1,0,26645
P005,Sony,Sony WH-1000XM6,Headphones,32000,72,Premium,1,0,26257
P010,ASUS,ASUS ROG Zephyrus G16,Laptop,160000,70,Premium,1,0,137868
P008,Canon,Canon EOS R50,Camera,75000,65,New,1,0,67985
P001,Apple,iPhone 16,Smartphone,80000,36,New,1,1,73986
P009,Apple,iPad Air M3,Tablet,65000,78,Returning,2,0,59153
P001,Apple,iPhone 16,Smartphone,80000,44,Returning,1,1,73124
P009,Apple,iPad Air M3,Tablet,65000,41,Returning,2,0,58767
P002,Samsung,Samsung Galaxy S25 Ultra,Smartphone,95000,70,New,2,0,84237
P005,Sony,Sony WH-1000XM6,Headphones,32000,99,New,1,1,26395
P007,Dell,Dell XPS 13,Laptop,120000,87,New,1,1,105285
P001,Apple,iPhone 16,Smartphone,80000,92,New,2,1,71601
P006,Apple,Apple Watch Series 10,Smartwatch,50000,19,Returning,2,1,45384
P002,Samsung,Samsung Galaxy S25 Ultra,Smartphone,95000,7,New,1,0,88354
P009,Apple,iPad Air M3,Tablet,65000,97,Premium,2,0,56975
P001,Apple,iPhone 16,Smartphone,80000,41,Returning,3,1,71567
P008,Canon,Canon EOS R50,Camera,75000,4,Returning,3,0,67935
P001,Apple,iPhone 16,Smartphone,80000,35,Premium,3,0,72552
P009,Apple,iPad Air M3,Tablet,65000,84,New,2,1,57156
P002,Samsung,Samsung Galaxy S25 Ultra,Smartphone,95000,82,Premium,1,0,81582
P009,Apple,iPad Air M3,Tablet,65000,22,New,3,1,58334
P009,Apple,iPad Air M3,Tablet,65000,58,New,1,1,59634
P010,ASUS,ASUS ROG Zephyrus G16,Laptop,160000,38,Premium,1,0,137161
P008,Canon,Canon EOS R50,Camera,75000,35,Premium,2,1,63609
P004,Sony,PlayStation 5,Gaming Console,55000,75,Premium,2,0,49165
P009,Apple,iPad Air M3,Tablet,65000,73,New,2,0,59704
P002,Samsung,Samsung Galaxy S25 Ultra,Smartphone,95000,18,Premium,3,1,83049
P007,Dell,Dell XPS 13,Laptop,120000,27,Premium,3,1,103605
P006,Apple,Apple Watch Series 10,Smartwatch,50000,82,Returning,3,1,42279
P004,Sony,PlayStation 5,Gaming Console,55000,85,Returning,2,0,48920
P010,ASUS,ASUS ROG Zephyrus G16,Laptop,160000,43,New,3,0,137761
P001,Apple,iPhone 16,Smartphone,80000,78,Returning,1,0,75388
P003,Apple,MacBook Air M4,Laptop,110000,53,Premium,3,1,97080
P007,Dell,Dell XPS 13,Laptop,120000,69,New,3,0,108051
P001,Apple,iPhone 16,Smartphone,80000,86,Returning,3,0,71861
P007,Dell,Dell XPS 13,Laptop,120000,77,Returning,2,0,108359
P001,Apple,iPhone 16,Smartphone,80000,16,Returning,2,0,76755
P001,Apple,iPhone 16,Smartphone,80000,29,Premium,1,1,72996
P006,Apple,Apple Watch Series 10,Smartwatch,50000,25,New,3,1,44327
P004,Sony,PlayStation 5,Gaming Console,55000,30,Returning,2,0,49837
P008,Canon,Canon EOS R50,Camera,75000,91,Premium,3,0,62507
P004,Sony,PlayStation 5,Gaming Console,55000,82,Returning,1,1,48482
P009,Apple,iPad Air M3,Tablet,65000,64,New,3,0,59325
P010,ASUS,ASUS ROG Zephyrus G16,Laptop,160000,87,Premium,3,0,130766
P010,ASUS,ASUS ROG Zephyrus G16,Laptop,160000,17,Premium,1,0,142165
P010,ASUS,ASUS ROG Zephyrus G16,Laptop,160000,30,Premium,3,1,130896
P001,Apple,iPhone 16,Smartphone,80000,89,Premium,3,1,69797
P009,Apple,iPad Air M3,Tablet,65000,59,New,2,0,60174
P006,Apple,Apple Watch Series 10,Smartwatch,50000,56,Returning,2,0,45196
P009,Apple,iPad Air M3,Tablet,65000,60,Returning,2,0,59555
P004,Sony,PlayStation 5,Gaming Console,55000,7,Returning,2,1,50423
P001,Apple,iPhone 16,Smartphone,80000,51,New,2,0,75601
P010,ASUS,ASUS ROG Zephyrus G16,Laptop,160000,4,Premium,1,1,139680
P002,Samsung,Samsung Galaxy S25 Ultra,Smartphone,95000,32,New,1,1,83418
P002,Samsung,Samsung Galaxy S25 Ultra,Smartphone,95000,81,Premium,1,0,81691
P007,Dell,Dell XPS 13,Laptop,120000,4,Premium,3,1,107160
P005,Sony,Sony WH-1000XM6,Headphones,32000,32,New,2,0,27361
P006,Apple,Apple Watch Series 10,Smartwatch,50000,7,Returning,3,0,46466
P002,Samsung,Samsung Galaxy S25 Ultra,Smartphone,95000,100,Premium,3,1,78182
P002,Samsung,Samsung Galaxy S25 Ultra,Smartphone,95000,81,Returning,3,0,80337
P001,Apple,iPhone 16,Smartphone,80000,5,Returning,2,0,77101
P003,Apple,MacBook Air M4,Laptop,110000,8,Returning,1,1,103525
P007,Dell,Dell XPS 13,Laptop,120000,9,New,3,0,111672
P001,Apple,iPhone 16,Smartphone,80000,38,Returning,2,0,74532
P007,Dell,Dell XPS 13,Laptop,120000,30,Premium,3,0,105564
P007,Dell,Dell XPS 13,Laptop,120000,60,Returning,3,0,106647
P001,Apple,iPhone 16,Smartphone,80000,59,Premium,2,0,73210
P002,Samsung,Samsung Galaxy S25 Ultra,Smartphone,95000,2,Premium,3,0,84657
P004,Sony,PlayStation 5,Gaming Console,55000,74,New,3,1,48813
P007,Dell,Dell XPS 13,Laptop,120000,62,Premium,3,1,102890
P004,Sony,PlayStation 5,Gaming Console,55000,18,New,1,0,52619
P010,ASUS,ASUS ROG Zephyrus G16,Laptop,160000,56,Premium,3,1,131018
P010,ASUS,ASUS ROG Zephyrus G16,Laptop,160000,70,New,1,1,137416
P010,ASUS,ASUS ROG Zephyrus G16,Laptop,160000,44,Returning,2,0,137630
P010,ASUS,ASUS ROG Zephyrus G16,Laptop,160000,85,Premium,1,0,134143
P009,Apple,iPad Air M3,Tablet,65000,72,New,2,1,58200
P004,Sony,PlayStation 5,Gaming Console,55000,82,New,1,1,48643
P008,Canon,Canon EOS R50,Camera,75000,89,Premium,2,1,62622
P010,ASUS,ASUS ROG Zephyrus G16,Laptop,160000,73,Returning,3,1,132728
P006,Apple,Apple Watch Series 10,Smartwatch,50000,21,New,2,0,45507
P004,Sony,PlayStation 5,Gaming Console,55000,1,Premium,1,0,51677
P010,ASUS,ASUS ROG Zephyrus G16,Laptop,160000,28,New,2,1,136326
P007,Dell,Dell XPS 13,Laptop,120000,27,Returning,1,0,109071
P001,Apple,iPhone 16,Smartphone,80000,10,Returning,1,0,77245
P005,Sony,Sony WH-1000XM6,Headphones,32000,57,New,3,1,25464
P001,Apple,iPhone 16,Smartphone,80000,26,New,2,0,74924
P005,Sony,Sony WH-1000XM6,Headphones,32000,93,New,2,0,25922
P004,Sony,PlayStation 5,Gaming Console,55000,3,New,2,0,51771
P003,Apple,MacBook Air M4,Laptop,110000,49,Premium,1,1,99458
P004,Sony,PlayStation 5,Gaming Console,55000,40,Returning,1,1,49828
P006,Apple,Apple Watch Series 10,Smartwatch,50000,85,New,3,1,43399
P002,Samsung,Samsung Galaxy S25 Ultra,Smartphone,95000,16,New,1,0,88046
P009,Apple,iPad Air M3,Tablet,65000,49,Premium,2,1,57313
P007,Dell,Dell XPS 13,Laptop,120000,82,New,1,0,108374
P009,Apple,iPad Air M3,Tablet,65000,38,New,2,0,59354
P005,Sony,Sony WH-1000XM6,Headphones,32000,17,Premium,3,1,25954
P002,Samsung,Samsung Galaxy S25 Ultra,Smartphone,95000,61,Premium,3,0,81371
P009,Apple,iPad Air M3,Tablet,65000,50,Premium,3,1,56560
P009,Apple,iPad Air M3,Tablet,65000,60,New,2,1,58538
P008,Canon,Canon EOS R50,Camera,75000,92,Returning,2,1,63095
P007,Dell,Dell XPS 13,Laptop,120000,82,Premium,3,0,102912
P004,Sony,PlayStation 5,Gaming Console,55000,26,Returning,1,1,49223
P005,Sony,Sony WH-1000XM6,Headphones,32000,55,Returning,3,0,26697
P006,Apple,Apple Watch Series 10,Smartwatch,50000,33,Premium,1,0,45269
P002,Samsung,Samsung Galaxy S25 Ultra,Smartphone,95000,38,Returning,3,1,80485
P010,ASUS,ASUS ROG Zephyrus G16,Laptop,160000,6,Returning,3,1,137536
P008,Canon,Canon EOS R50,Camera,75000,60,Returning,2,1,64823
P008,Canon,Canon EOS R50,Camera,75000,41,Returning,2,0,65683
P008,Canon,Canon EOS R50,Camera,75000,30,Returning,3,0,65117
P002,Samsung,Samsung Galaxy S25 Ultra,Smartphone,95000,38,Premium,3,0,82004
P005,Sony,Sony WH-1000XM6,Headphones,32000,30,New,1,0,27068
P001,Apple,iPhone 16,Smartphone,80000,70,New,2,0,75391
P006,Apple,Apple Watch Series 10,Smartwatch,50000,33,Returning,3,1,43195
P010,ASUS,ASUS ROG Zephyrus G16,Laptop,160000,18,Premium,3,1,135508
P005,Sony,Sony WH-1000XM6,Headphones,32000,37,Returning,2,1,26261
P010,ASUS,ASUS ROG Zephyrus G16,Laptop,160000,97,Premium,1,1,131369
P009,Apple,iPad Air M3,Tablet,65000,98,New,2,0,58232
P004,Sony,PlayStation 5,Gaming Console,55000,61,New,3,1,49189
P008,Canon,Canon EOS R50,Camera,75000,44,New,2,0,66689
P007,Dell,Dell XPS 13,Laptop,120000,27,Returning,2,0,107883
P003,Apple,MacBook Air M4,Laptop,110000,74,New,2,0,102311
P006,Apple,Apple Watch Series 10,Smartwatch,50000,44,New,2,1,44702
P007,Dell,Dell XPS 13,Laptop,120000,98,Premium,3,1,100633
P010,ASUS,ASUS ROG Zephyrus G16,Laptop,160000,3,Premium,1,0,142057
P006,Apple,Apple Watch Series 10,Smartwatch,50000,73,Premium,3,1,42890
P004,Sony,PlayStation 5,Gaming Console,55000,51,New,3,1,48642
P008,Canon,Canon EOS R50,Camera,75000,14,Returning,3,1,66154
P005,Sony,Sony WH-1000XM6,Headphones,32000,12,New,1,0,27692
P010,ASUS,ASUS ROG Zephyrus G16,Laptop,160000,63,New,1,0,140371
P007,Dell,Dell XPS 13,Laptop,120000,37,New,1,1,108175
P009,Apple,iPad Air M3,Tablet,65000,9,Returning,1,1,60480
P001,Apple,iPhone 16,Smartphone,80000,22,Returning,2,1,72460
P002,Samsung,Samsung Galaxy S25 Ultra,Smartphone,95000,17,Premium,2,1,83860
P002,Samsung,Samsung Galaxy S25 Ultra,Smartphone,95000,50,New,1,0,85317
P007,Dell,Dell XPS 13,Laptop,120000,91,Premium,2,0,104518
P010,ASUS,ASUS ROG Zephyrus G16,Laptop,160000,40,Premium,1,1,134182
P004,Sony,PlayStation 5,Gaming Console,55000,1,New,2,0,52594
P007,Dell,Dell XPS 13,Laptop,120000,78,New,3,1,106032
P010,ASUS,ASUS ROG Zephyrus G16,Laptop,160000,63,Returning,2,0,137854
P002,Samsung,Samsung Galaxy S25 Ultra,Smartphone,95000,37,Premium,2,1,80967
P005,Sony,Sony WH-1000XM6,Headphones,32000,51,Premium,1,1,25675
P003,Apple,MacBook Air M4,Laptop,110000,80,Premium,2,1,97793
P003,Apple,MacBook Air M4,Laptop,110000,90,Premium,1,1,97015
P001,Apple,iPhone 16,Smartphone,80000,31,New,2,1,73782
P002,Samsung,Samsung Galaxy S25 Ultra,Smartphone,95000,90,Premium,3,0,80230
P008,Canon,Canon EOS R50,Camera,75000,53,Premium,1,1,64078
P002,Samsung,Samsung Galaxy S25 Ultra,Smartphone,95000,65,Returning,2,1,81368
P005,Sony,Sony WH-1000XM6,Headphones,32000,27,Premium,1,1,25447
P002,Samsung,Samsung Galaxy S25 Ultra,Smartphone,95000,82,Premium,3,1,77790
P006,Apple,Apple Watch Series 10,Smartwatch,50000,96,Returning,1,1,43038
P001,Apple,iPhone 16,Smartphone,80000,33,New,3,0,74234
P008,Canon,Canon EOS R50,Camera,75000,63,Returning,1,0,66811
P004,Sony,PlayStation 5,Gaming Console,55000,92,Returning,1,1,48740
P005,Sony,Sony WH-1000XM6,Headphones,32000,21,New,1,0,26881
P005,Sony,Sony WH-1000XM6,Headphones,32000,16,Premium,3,1,25912
P002,Samsung,Samsung Galaxy S25 Ultra,Smartphone,95000,86,New,3,1,79457
P008,Canon,Canon EOS R50,Camera,75000,46,New,1,0,67914
P009,Apple,iPad Air M3,Tablet,65000,28,Returning,3,0,58856
P009,Apple,iPad Air M3,Tablet,65000,83,Premium,3,0,56449
P005,Sony,Sony WH-1000XM6,Headphones,32000,57,New,3,0,26109
P007,Dell,Dell XPS 13,Laptop,120000,99,New,1,1,106030
P004,Sony,PlayStation 5,Gaming Console,55000,26,New,1,1,49578
P001,Apple,iPhone 16,Smartphone,80000,44,New,3,0,74125
P002,Samsung,Samsung Galaxy S25 Ultra,Smartphone,95000,86,New,3,0,81245
P007,Dell,Dell XPS 13,Laptop,120000,66,New,2,1,106875
P004,Sony,PlayStation 5,Gaming Console,55000,80,New,3,1,49411
P007,Dell,Dell XPS 13,Laptop,120000,16,New,1,0,113865
P006,Apple,Apple Watch Series 10,Smartwatch,50000,23,New,2,1,44012
P007,Dell,Dell XPS 13,Laptop,120000,28,Returning,1,0,109373
P005,Sony,Sony WH-1000XM6,Headphones,32000,84,Premium,2,0,25168
P004,Sony,PlayStation 5,Gaming Console,55000,53,Returning,3,1,48004
P009,Apple,iPad Air M3,Tablet,65000,73,New,2,0,59914
P006,Apple,Apple Watch Series 10,Smartwatch,50000,81,Premium,2,0,43340
P003,Apple,MacBook Air M4,Laptop,110000,82,Premium,2,1,95269
P006,Apple,Apple Watch Series 10,Smartwatch,50000,3,Premium,3,1,44391
P009,Apple,iPad Air M3,Tablet,65000,82,Premium,1,0,57588
P001,Apple,iPhone 16,Smartphone,80000,79,New,2,0,75455
P007,Dell,Dell XPS 13,Laptop,120000,97,New,3,0,105161
P003,Apple,MacBook Air M4,Laptop,110000,48,Returning,2,0,100855
P007,Dell,Dell XPS 13,Laptop,120000,27,Premium,1,0,108445
P010,ASUS,ASUS ROG Zephyrus G16,Laptop,160000,57,Premium,2,0,135784
P006,Apple,Apple Watch Series 10,Smartwatch,50000,83,New,3,1,43163
P005,Sony,Sony WH-1000XM6,Headphones,32000,97,New,1,1,25770
P004,Sony,PlayStation 5,Gaming Console,55000,27,Premium,1,0,50370
P004,Sony,PlayStation 5,Gaming Console,55000,78,Returning,3,1,48087
P008,Canon,Canon EOS R50,Camera,75000,81,New,1,1,64071
P004,Sony,PlayStation 5,Gaming Console,55000,7,Premium,1,0,51328
P002,Samsung,Samsung Galaxy S25 Ultra,Smartphone,95000,23,Premium,3,0,81441
P009,Apple,iPad Air M3,Tablet,65000,11,Returning,3,1,58968
P003,Apple,MacBook Air M4,Laptop,110000,93,New,1,1,98680
P010,ASUS,ASUS ROG Zephyrus G16,Laptop,160000,32,Returning,2,1,134890
P004,Sony,PlayStation 5,Gaming Console,55000,35,Returning,1,1,49407
P007,Dell,Dell XPS 13,Laptop,120000,22,Returning,2,1,105617
P010,ASUS,ASUS ROG Zephyrus G16,Laptop,160000,95,Returning,1,1,132320
P007,Dell,Dell XPS 13,Laptop,120000,55,New,2,0,109266
P003,Apple,MacBook Air M4,Laptop,110000,33,Returning,2,1,98964
P005,Sony,Sony WH-1000XM6,Headphones,32000,49,Premium,3,1,24853
P006,Apple,Apple Watch Series 10,Smartwatch,50000,18,Premium,2,0,45658
P004,Sony,PlayStation 5,Gaming Console,55000,1,New,3,1,50603
P007,Dell,Dell XPS 13,Laptop,120000,54,Returning,3,1,104293
P008,Canon,Canon EOS R50,Camera,75000,40,Premium,3,0,64418
P001,Apple,iPhone 16,Smartphone,80000,16,Returning,3,0,75698
P007,Dell,Dell XPS 13,Laptop,120000,33,Premium,2,1,104550
P006,Apple,Apple Watch Series 10,Smartwatch,50000,90,New,3,1,43448
P007,Dell,Dell XPS 13,Laptop,120000,95,New,1,1,105135
P006,Apple,Apple Watch Series 10,Smartwatch,50000,81,Premium,3,0,43214
P003,Apple,MacBook Air M4,Laptop,110000,34,Premium,2,0,99860
P004,Sony,PlayStation 5,Gaming Console,55000,78,Premium,3,0,48462
P002,Samsung,Samsung Galaxy S25 Ultra,Smartphone,95000,99,New,3,1,79707
P010,ASUS,ASUS ROG Zephyrus G16,Laptop,160000,11,Premium,1,1,138869
P007,Dell,Dell XPS 13,Laptop,120000,33,Premium,2,1,104500
P005,Sony,Sony WH-1000XM6,Headphones,32000,94,Returning,3,0,25211
P010,ASUS,ASUS ROG Zephyrus G16,Laptop,160000,100,Returning,1,1,133066
P004,Sony,PlayStation 5,Gaming Console,55000,96,Returning,3,1,46806
P003,Apple,MacBook Air M4,Laptop,110000,63,New,1,0,103692
P007,Dell,Dell XPS 13,Laptop,120000,68,Returning,3,1,104650
P007,Dell,Dell XPS 13,Laptop,120000,22,New,2,0,109420
P003,Apple,MacBook Air M4,Laptop,110000,26,Returning,1,0,102261
P010,ASUS,ASUS ROG Zephyrus G16,Laptop,160000,28,New,1,0,141067
P003,Apple,MacBook Air M4,Laptop,110000,98,New,2,1,97851
P010,ASUS,ASUS ROG Zephyrus G16,Laptop,160000,14,Premium,1,0,142200
P002,Samsung,Samsung Galaxy S25 Ultra,Smartphone,95000,49,New,2,0,84400
P001,Apple,iPhone 16,Smartphone,80000,75,New,2,1,73788
P002,Samsung,Samsung Galaxy S25 Ultra,Smartphone,95000,2,New,2,0,87581
P010,ASUS,ASUS ROG Zephyrus G16,Laptop,160000,6,New,1,0,145484
P010,ASUS,ASUS ROG Zephyrus G16,Laptop,160000,67,Returning,2,1,134675
P006,Apple,Apple Watch Series 10,Smartwatch,50000,78,Returning,2,1,44198
P006,Apple,Apple Watch Series 10,Smartwatch,50000,41,New,2,1,44387
P010,ASUS,ASUS ROG Zephyrus G16,Laptop,160000,8,Returning,2,0,141903
P008,Canon,Canon EOS R50,Camera,75000,90,Returning,3,0,63276
P010,ASUS,ASUS ROG Zephyrus G16,Laptop,160000,16,Premium,2,0,140677
P008,Canon,Canon EOS R50,Camera,75000,80,Premium,3,1,63027
P007,Dell,Dell XPS 13,Laptop,120000,85,New,1,1,105117
P006,Apple,Apple Watch Series 10,Smartwatch,50000,6,Premium,2,1,44739
P010,ASUS,ASUS ROG Zephyrus G16,Laptop,160000,63,Returning,3,0,135856
P007,Dell,Dell XPS 13,Laptop,120000,61,Premium,3,0,105851
P007,Dell,Dell XPS 13,Laptop,120000,38,Premium,1,0,108390
P009,Apple,iPad Air M3,Tablet,65000,74,Premium,3,0,57480
P008,Canon,Canon EOS R50,Camera,75000,12,Returning,3,1,65672
P008,Canon,Canon EOS R50,Camera,75000,15,Returning,3,0,67249
P004,Sony,PlayStation 5,Gaming Console,55000,22,Premium,3,0,48558
P007,Dell,Dell XPS 13,Laptop,120000,92,New,1,1,106024
P007,Dell,Dell XPS 13,Laptop,120000,99,Returning,1,1,104581
P008,Canon,Canon EOS R50,Camera,75000,86,New,3,0,64944
P009,Apple,iPad Air M3,Tablet,65000,82,Premium,2,0,57514
P006,Apple,Apple Watch Series 10,Smartwatch,50000,29,Premium,3,0,44159
P006,Apple,Apple Watch Series 10,Smartwatch,50000,49,Premium,3,1,43169
P009,Apple,iPad Air M3,Tablet,65000,56,New,1,1,58768
P005,Sony,Sony WH-1000XM6,Headphones,32000,12,New,1,1,27778
P010,ASUS,ASUS ROG Zephyrus G16,Laptop,160000,25,Premium,1,1,134030
P006,Apple,Apple Watch Series 10,Smartwatch,50000,49,Premium,3,0,43818
P001,Apple,iPhone 16,Smartphone,80000,76,Premium,1,1,72733
P006,Apple,Apple Watch Series 10,Smartwatch,50000,99,Returning,3,0,43532
P010,ASUS,ASUS ROG Zephyrus G16,Laptop,160000,76,New,1,1,137109
P009,Apple,iPad Air M3,Tablet,65000,59,Returning,1,1,58857
P004,Sony,PlayStation 5,Gaming Console,55000,64,Premium,2,0,49615
P005,Sony,Sony WH-1000XM6,Headphones,32000,19,Premium,3,0,26993
P006,Apple,Apple Watch Series 10,Smartwatch,50000,40,Premium,3,0,43780
P010,ASUS,ASUS ROG Zephyrus G16,Laptop,160000,62,Premium,1,1,134198
P007,Dell,Dell XPS 13,Laptop,120000,8,Returning,1,0,113168
P004,Sony,PlayStation 5,Gaming Console,55000,90,Premium,1,0,49327
P008,Canon,Canon EOS R50,Camera,75000,94,Returning,2,0,64022
P009,Apple,iPad Air M3,Tablet,65000,51,Returning,2,1,57706
P007,Dell,Dell XPS 13,Laptop,120000,51,New,3,1,105389
P004,Sony,PlayStation 5,Gaming Console,55000,90,Premium,2,0,48034
P006,Apple,Apple Watch Series 10,Smartwatch,50000,97,Premium,1,1,42968
P003,Apple,MacBook Air M4,Laptop,110000,74,New,2,1,99898
P003,Apple,MacBook Air M4,Laptop,110000,27,New,3,0,101452
P001,Apple,iPhone 16,Smartphone,80000,47,Premium,3,0,72994
P003,Apple,MacBook Air M4,Laptop,110000,49,Returning,3,0,100548
P001,Apple,iPhone 16,Smartphone,80000,13,Returning,2,0,77267
P001,Apple,iPhone 16,Smartphone,80000,16,Premium,3,1,73707
P007,Dell,Dell XPS 13,Laptop,120000,20,Premium,3,1,102950
P001,Apple,iPhone 16,Smartphone,80000,16,New,2,1,75809
P010,ASUS,ASUS ROG Zephyrus G16,Laptop,160000,23,Premium,3,1,131494
P002,Samsung,Samsung Galaxy S25 Ultra,Smartphone,95000,100,Returning,3,1,78631
P008,Canon,Canon EOS R50,Camera,75000,48,New,1,0,67084
P002,Samsung,Samsung Galaxy S25 Ultra,Smartphone,95000,63,Premium,3,0,81223
P010,ASUS,ASUS ROG Zephyrus G16,Laptop,160000,74,Premium,2,1,133010
P002,Samsung,Samsung Galaxy S25 Ultra,Smartphone,95000,76,New,2,1,82810
P007,Dell,Dell XPS 13,Laptop,120000,39,Premium,1,0,107833
P002,Samsung,Samsung Galaxy S25 Ultra,Smartphone,95000,92,Premium,1,1,80132
P001,Apple,iPhone 16,Smartphone,80000,51,Premium,3,1,70765
P009,Apple,iPad Air M3,Tablet,65000,75,Premium,3,0,58121
P004,Sony,PlayStation 5,Gaming Console,55000,85,New,1,0,49555
P009,Apple,iPad Air M3,Tablet,65000,58,Returning,1,0,59431
P010,ASUS,ASUS ROG Zephyrus G16,Laptop,160000,27,Premium,1,0,137675
P005,Sony,Sony WH-1000XM6,Headphones,32000,97,New,1,0,26578
P005,Sony,Sony WH-1000XM6,Headphones,32000,47,Premium,1,1,26420
P001,Apple,iPhone 16,Smartphone,80000,32,Returning,1,1,73774
P009,Apple,iPad Air M3,Tablet,65000,57,New,3,1,58061
P006,Apple,Apple Watch Series 10,Smartwatch,50000,67,Returning,3,0,44704
P002,Samsung,Samsung Galaxy S25 Ultra,Smartphone,95000,85,New,1,0,83292
P003,Apple,MacBook Air M4,Laptop,110000,39,New,1,0,103505
P006,Apple,Apple Watch Series 10,Smartwatch,50000,36,New,3,1,43576
P009,Apple,iPad Air M3,Tablet,65000,33,Returning,2,0,59059
P008,Canon,Canon EOS R50,Camera,75000,11,Returning,3,1,66462
P003,Apple,MacBook Air M4,Laptop,110000,69,New,1,1,101348
P004,Sony,PlayStation 5,Gaming Console,55000,92,Returning,3,0,48329
P003,Apple,MacBook Air M4,Laptop,110000,41,Returning,2,0,101687
P010,ASUS,ASUS ROG Zephyrus G16,Laptop,160000,32,New,2,0,139244
P002,Samsung,Samsung Galaxy S25 Ultra,Smartphone,95000,88,Premium,2,0,80587
P002,Samsung,Samsung Galaxy S25 Ultra,Smartphone,95000,47,Returning,2,0,83989
P004,Sony,PlayStation 5,Gaming Console,55000,36,New,1,1,50542
P004,Sony,PlayStation 5,Gaming Console,55000,49,New,1,0,51189
P005,Sony,Sony WH-1000XM6,Headphones,32000,76,Returning,1,1,26457
P010,ASUS,ASUS ROG Zephyrus G16,Laptop,160000,37,Premium,2,0,136418
P001,Apple,iPhone 16,Smartphone,80000,22,Returning,2,0,74253
P009,Apple,iPad Air M3,Tablet,65000,71,Premium,2,1,57306
P003,Apple,MacBook Air M4,Laptop,110000,34,New,3,0,101373
P003,Apple,MacBook Air M4,Laptop,110000,19,Returning,3,1,100754
P006,Apple,Apple Watch Series 10,Smartwatch,50000,91,New,3,1,43223
P008,Canon,Canon EOS R50,Camera,75000,24,Returning,2,1,64514
P005,Sony,Sony WH-1000XM6,Headphones,32000,36,Returning,3,0,26052
P002,Samsung,Samsung Galaxy S25 Ultra,Smartphone,95000,40,Returning,2,0,83749
P002,Samsung,Samsung Galaxy S25 Ultra,Smartphone,95000,10,Premium,1,0,86119
P010,ASUS,ASUS ROG Zephyrus G16,Laptop,160000,8,New,3,1,139267
P008,Canon,Canon EOS R50,Camera,75000,2,Returning,3,0,67491
P008,Canon,Canon EOS R50,Camera,75000,66,Premium,3,0,64415
P001,Apple,iPhone 16,Smartphone,80000,79,New,3,0,74631
P007,Dell,Dell XPS 13,Laptop,120000,90,Premium,3,1,100550
P009,Apple,iPad Air M3,Tablet,65000,88,Premium,1,1,57037
P003,Apple,MacBook Air M4,Laptop,110000,87,Premium,1,0,98576
P006,Apple,Apple Watch Series 10,Smartwatch,50000,18,Premium,2,0,45932
P008,Canon,Canon EOS R50,Camera,75000,49,New,2,0,66596
P004,Sony,PlayStation 5,Gaming Console,55000,70,New,2,1,49494
P005,Sony,Sony WH-1000XM6,Headphones,32000,34,New,1,1,26282
P005,Sony,Sony WH-1000XM6,Headphones,32000,83,Premium,1,1,25693
P010,ASUS,ASUS ROG Zephyrus G16,Laptop,160000,63,New,2,0,139330
P008,Canon,Canon EOS R50,Camera,75000,43,Returning,2,0,65505
P006,Apple,Apple Watch Series 10,Smartwatch,50000,93,New,2,1,43009
P002,Samsung,Samsung Galaxy S25 Ultra,Smartphone,95000,56,Returning,1,0,84591
P009,Apple,iPad Air M3,Tablet,65000,20,Returning,1,1,58007
P003,Apple,MacBook Air M4,Laptop,110000,99,Premium,2,0,97881
P007,Dell,Dell XPS 13,Laptop,120000,48,Returning,2,1,106013
P003,Apple,MacBook Air M4,Laptop,110000,69,Returning,1,1,100272
P008,Canon,Canon EOS R50,Camera,75000,21,New,2,1,64755
P006,Apple,Apple Watch Series 10,Smartwatch,50000,91,New,1,0,44791
P001,Apple,iPhone 16,Smartphone,80000,18,Returning,2,1,75622
P001,Apple,iPhone 16,Smartphone,80000,21,Premium,1,1,73282
P005,Sony,Sony WH-1000XM6,Headphones,32000,16,Returning,2,1,27199
P003,Apple,MacBook Air M4,Laptop,110000,42,Returning,3,1,97534
P002,Samsung,Samsung Galaxy S25 Ultra,Smartphone,95000,14,New,1,0,88202
P009,Apple,iPad Air M3,Tablet,65000,2,Premium,1,0,61294
P006,Apple,Apple Watch Series 10,Smartwatch,50000,55,Premium,3,0,43944
P008,Canon,Canon EOS R50,Camera,75000,38,Returning,2,0,66279
P007,Dell,Dell XPS 13,Laptop,120000,32,Premium,1,0,107755
P005,Sony,Sony WH-1000XM6,Headphones,32000,99,New,2,0,26422
P007,Dell,Dell XPS 13,Laptop,120000,26,Returning,3,0,107017
P009,Apple,iPad Air M3,Tablet,65000,79,New,1,0,60184
P002,Samsung,Samsung Galaxy S25 Ultra,Smartphone,95000,17,Returning,1,1,85196
P003,Apple,MacBook Air M4,Laptop,110000,55,New,3,0,100793
P001,Apple,iPhone 16,Smartphone,80000,49,Returning,3,1,72216
P004,Sony,PlayStation 5,Gaming Console,55000,29,Returning,2,1,48512
P009,Apple,iPad Air M3,Tablet,65000,55,Premium,1,1,57462
P005,Sony,Sony WH-1000XM6,Headphones,32000,47,Returning,2,1,25672
P006,Apple,Apple Watch Series 10,Smartwatch,50000,7,New,1,0,47053
P006,Apple,Apple Watch Series 10,Smartwatch,50000,28,Returning,2,1,44430
P010,ASUS,ASUS ROG Zephyrus G16,Laptop,160000,13,Returning,1,1,141271
P008,Canon,Canon EOS R50,Camera,75000,47,Returning,2,0,65599
P001,Apple,iPhone 16,Smartphone,80000,88,Premium,1,1,71069
P006,Apple,Apple Watch Series 10,Smartwatch,50000,96,Premium,3,1,41743
P005,Sony,Sony WH-1000XM6,Headphones,32000,27,Premium,2,0,26648
P002,Samsung,Samsung Galaxy S25 Ultra,Smartphone,95000,17,Premium,3,0,84092
P010,ASUS,ASUS ROG Zephyrus G16,Laptop,160000,84,New,1,1,134847
P002,Samsung,Samsung Galaxy S25 Ultra,Smartphone,95000,10,Premium,3,1,82458
P008,Canon,Canon EOS R50,Camera,75000,98,New,3,0,64044
P003,Apple,MacBook Air M4,Laptop,110000,25,Returning,3,1,98312
P009,Apple,iPad Air M3,Tablet,65000,45,Returning,2,0,59582
P007,Dell,Dell XPS 13,Laptop,120000,9,Returning,2,0,111270
P010,ASUS,ASUS ROG Zephyrus G16,Laptop,160000,36,Premium,1,1,133946
P010,ASUS,ASUS ROG Zephyrus G16,Laptop,160000,8,Premium,1,1,139206
P009,Apple,iPad Air M3,Tablet,65000,66,New,1,1,59418
P009,Apple,iPad Air M3,Tablet,65000,50,Premium,2,1,57321
P005,Sony,Sony WH-1000XM6,Headphones,32000,27,New,1,0,27285
P004,Sony,PlayStation 5,Gaming Console,55000,76,Premium,1,1,48965
P009,Apple,iPad Air M3,Tablet,65000,34,Returning,1,1,58725
P005,Sony,Sony WH-1000XM6,Headphones,32000,71,New,1,0,26746
P009,Apple,iPad Air M3,Tablet,65000,31,Returning,1,0,60264
P005,Sony,Sony WH-1000XM6,Headphones,32000,18,Returning,1,0,28183
P004,Sony,PlayStation 5,Gaming Console,55000,69,New,1,1,50197
P010,ASUS,ASUS ROG Zephyrus G16,Laptop,160000,48,Returning,1,1,136239
P003,Apple,MacBook Air M4,Laptop,110000,53,Premium,2,1,97458
P001,Apple,iPhone 16,Smartphone,80000,46,New,3,1,72480
P005,Sony,Sony WH-1000XM6,Headphones,32000,3,Premium,3,0,27119
P007,Dell,Dell XPS 13,Laptop,120000,84,Returning,3,0,104736
P008,Canon,Canon EOS R50,Camera,75000,29,Returning,2,0,66095
P007,Dell,Dell XPS 13,Laptop,120000,20,Returning,1,1,106677
P003,Apple,MacBook Air M4,Laptop,110000,62,New,2,0,102270
P003,Apple,MacBook Air M4,Laptop,110000,23,New,3,1,99465
P003,Apple,MacBook Air M4,Laptop,110000,83,Returning,1,1,97566
P003,Apple,MacBook Air M4,Laptop,110000,51,Premium,3,0,98571
P003,Apple,MacBook Air M4,Laptop,110000,10,Returning,1,1,103830
P007,Dell,Dell XPS 13,Laptop,120000,13,Premium,3,0,109444
P001,Apple,iPhone 16,Smartphone,80000,78,New,2,1,73121
P002,Samsung,Samsung Galaxy S25 Ultra,Smartphone,95000,2,Premium,1,0,86204
P002,Samsung,Samsung Galaxy S25 Ultra,Smartphone,95000,35,New,3,0,83911
P001,Apple,iPhone 16,Smartphone,80000,14,Premium,3,1,73973
P002,Samsung,Samsung Galaxy S25 Ultra,Smartphone,95000,26,New,2,1,82985
P003,Apple,MacBook Air M4,Laptop,110000,40,Returning,2,0,100949
P001,Apple,iPhone 16,Smartphone,80000,70,Premium,2,0,73121
P001,Apple,iPhone 16,Smartphone,80000,14,Premium,2,0,76023
P007,Dell,Dell XPS 13,Laptop,120000,19,New,1,0,113732
P007,Dell,Dell XPS 13,Laptop,120000,50,New,2,1,106531
P007,Dell,Dell XPS 13,Laptop,120000,88,Premium,1,1,102873
P002,Samsung,Samsung Galaxy S25 Ultra,Smartphone,95000,29,New,2,1,82228
P010,ASUS,ASUS ROG Zephyrus G16,Laptop,160000,43,New,2,0,139617
P001,Apple,iPhone 16,Smartphone,80000,78,New,1,1,74443
P006,Apple,Apple Watch Series 10,Smartwatch,50000,77,New,3,1,43653
P005,Sony,Sony WH-1000XM6,Headphones,32000,80,Returning,2,0,26337
P008,Canon,Canon EOS R50,Camera,75000,85,Returning,2,0,64807
P001,Apple,iPhone 16,Smartphone,80000,20,Premium,1,1,72451
P007,Dell,Dell XPS 13,Laptop,120000,58,Premium,2,0,106415
P010,ASUS,ASUS ROG Zephyrus G16,Laptop,160000,55,Premium,2,0,135592
P006,Apple,Apple Watch Series 10,Smartwatch,50000,17,New,2,1,45826
P008,Canon,Canon EOS R50,Camera,75000,55,Returning,3,1,63866
P006,Apple,Apple Watch Series 10,Smartwatch,50000,18,Premium,1,1,45428
P009,Apple,iPad Air M3,Tablet,65000,64,Premium,3,1,56595
P009,Apple,iPad Air M3,Tablet,65000,30,Returning,1,1,58539
P010,ASUS,ASUS ROG Zephyrus G16,Laptop,160000,100,Premium,3,0,131419
P002,Samsung,Samsung Galaxy S25 Ultra,Smartphone,95000,31,Returning,1,0,84921
P001,Apple,iPhone 16,Smartphone,80000,47,Premium,2,0,74043
P002,Samsung,Samsung Galaxy S25 Ultra,Smartphone,95000,8,Returning,2,0,86251
P008,Canon,Canon EOS R50,Camera,75000,19,Premium,2,0,67215
P004,Sony,PlayStation 5,Gaming Console,55000,8,Premium,1,0,52185
P003,Apple,MacBook Air M4,Laptop,110000,49,Premium,1,1,98880
P001,Apple,iPhone 16,Smartphone,80000,90,New,3,0,72788
P010,ASUS,ASUS ROG Zephyrus G16,Laptop,160000,21,New,1,1,137244
P002,Samsung,Samsung Galaxy S25 Ultra,Smartphone,95000,32,New,1,1,83253
P003,Apple,MacBook Air M4,Laptop,110000,61,Premium,1,1,98981
P007,Dell,Dell XPS 13,Laptop,120000,93,Returning,2,0,105393
P002,Samsung,Samsung Galaxy S25 Ultra,Smartphone,95000,20,New,3,0,83718
P003,Apple,MacBook Air M4,Laptop,110000,65,New,1,1,101552
P007,Dell,Dell XPS 13,Laptop,120000,88,Returning,3,1,102441
P010,ASUS,ASUS ROG Zephyrus G16,Laptop,160000,65,Returning,3,0,135933
P003,Apple,MacBook Air M4,Laptop,110000,35,New,3,1,99473
P003,Apple,MacBook Air M4,Laptop,110000,96,New,2,0,99824
P007,Dell,Dell XPS 13,Laptop,120000,24,Premium,3,0,105936
P008,Canon,Canon EOS R50,Camera,75000,62,Returning,3,1,64097
P007,Dell,Dell XPS 13,Laptop,120000,22,New,2,1,106499
P005,Sony,Sony WH-1000XM6,Headphones,32000,14,New,1,1,27637
P006,Apple,Apple Watch Series 10,Smartwatch,50000,4,New,2,0,47054
P002,Samsung,Samsung Galaxy S25 Ultra,Smartphone,95000,9,New,3,0,86724
P005,Sony,Sony WH-1000XM6,Headphones,32000,25,Premium,1,0,26306
P005,Sony,Sony WH-1000XM6,Headphones,32000,11,Premium,3,0,26957
P008,Canon,Canon EOS R50,Camera,75000,6,New,2,0,69466
P005,Sony,Sony WH-1000XM6,Headphones,32000,2,Returning,2,1,26892
P004,Sony,PlayStation 5,Gaming Console,55000,41,Returning,3,1,48897
P003,Apple,MacBook Air M4,Laptop,110000,90,Premium,1,1,96717
P009,Apple,iPad Air M3,Tablet,65000,13,Premium,1,0,61201
P007,Dell,Dell XPS 13,Laptop,120000,62,Premium,1,1,105265
P003,Apple,MacBook Air M4,Laptop,110000,88,Returning,1,0,100575
P004,Sony,PlayStation 5,Gaming Console,55000,28,Premium,3,0,49237
P003,Apple,MacBook Air M4,Laptop,110000,65,Premium,3,1,96758
P003,Apple,MacBook Air M4,Laptop,110000,44,Returning,2,1,98540
P007,Dell,Dell XPS 13,Laptop,120000,31,New,3,0,108481
P003,Apple,MacBook Air M4,Laptop,110000,73,Premium,2,0,100424
P001,Apple,iPhone 16,Smartphone,80000,19,Returning,3,0,76010
P002,Samsung,Samsung Galaxy S25 Ultra,Smartphone,95000,59,Returning,1,1,82315
P002,Samsung,Samsung Galaxy S25 Ultra,Smartphone,95000,36,Premium,2,1,80341
P002,Samsung,Samsung Galaxy S25 Ultra,Smartphone,95000,23,Premium,2,1,80734
P005,Sony,Sony WH-1000XM6,Headphones,32000,98,Returning,3,0,26062
P002,Samsung,Samsung Galaxy S25 Ultra,Smartphone,95000,73,Returning,1,1,83029
P005,Sony,Sony WH-1000XM6,Headphones,32000,52,Returning,3,0,26191
P006,Apple,Apple Watch Series 10,Smartwatch,50000,66,Premium,2,1,43085
P007,Dell,Dell XPS 13,Laptop,120000,65,Returning,2,0,108135
P001,Apple,iPhone 16,Smartphone,80000,95,New,3,0,72458
P002,Samsung,Samsung Galaxy S25 Ultra,Smartphone,95000,38,Returning,1,1,83024
P002,Samsung,Samsung Galaxy S25 Ultra,Smartphone,95000,29,Returning,2,0,83457
P008,Canon,Canon EOS R50,Camera,75000,60,Premium,3,1,62611
P002,Samsung,Samsung Galaxy S25 Ultra,Smartphone,95000,24,Premium,1,1,81986
P007,Dell,Dell XPS 13,Laptop,120000,26,Returning,2,0,107824
P006,Apple,Apple Watch Series 10,Smartwatch,50000,78,Returning,1,1,44117
P005,Sony,Sony WH-1000XM6,Headphones,32000,59,New,3,0,27031
P008,Canon,Canon EOS R50,Camera,75000,19,Premium,1,1,66831
P001,Apple,iPhone 16,Smartphone,80000,77,Returning,1,1,73908
P007,Dell,Dell XPS 13,Laptop,120000,61,New,1,0,110788
P001,Apple,iPhone 16,Smartphone,80000,98,Premium,2,1,70158
P003,Apple,MacBook Air M4,Laptop,110000,11,New,1,1,104414
P002,Samsung,Samsung Galaxy S25 Ultra,Smartphone,95000,39,Premium,2,1,80787
P004,Sony,PlayStation 5,Gaming Console,55000,86,Returning,1,0,49094
P007,Dell,Dell XPS 13,Laptop,120000,44,Returning,1,0,109057
P007,Dell,Dell XPS 13,Laptop,120000,62,Returning,3,0,107288
P007,Dell,Dell XPS 13,Laptop,120000,46,Premium,3,1,103542
P001,Apple,iPhone 16,Smartphone,80000,72,Premium,1,0,74640
P010,ASUS,ASUS ROG Zephyrus G16,Laptop,160000,79,New,2,1,135514
P003,Apple,MacBook Air M4,Laptop,110000,59,New,2,1,99716
P007,Dell,Dell XPS 13,Laptop,120000,34,Premium,3,0,105561
P003,Apple,MacBook Air M4,Laptop,110000,82,Returning,3,0,97437
P004,Sony,PlayStation 5,Gaming Console,55000,96,New,2,0,49615
P007,Dell,Dell XPS 13,Laptop,120000,28,Returning,1,0,109695
P010,ASUS,ASUS ROG Zephyrus G16,Laptop,160000,2,Returning,2,0,142209
P005,Sony,Sony WH-1000XM6,Headphones,32000,65,New,3,1,26084
P008,Canon,Canon EOS R50,Camera,75000,53,Returning,2,1,64848
P009,Apple,iPad Air M3,Tablet,65000,55,Premium,2,0,58948
P003,Apple,MacBook Air M4,Laptop,110000,59,Returning,2,0,101266
P010,ASUS,ASUS ROG Zephyrus G16,Laptop,160000,21,Premium,2,1,132591
P007,Dell,Dell XPS 13,Laptop,120000,82,Returning,3,0,103989
P002,Samsung,Samsung Galaxy S25 Ultra,Smartphone,95000,12,Premium,1,1,84156
P008,Canon,Canon EOS R50,Camera,75000,96,Premium,3,0,63148
P008,Canon,Canon EOS R50,Camera,75000,65,Premium,1,1,64872
P007,Dell,Dell XPS 13,Laptop,120000,28,New,2,1,106417
P004,Sony,PlayStation 5,Gaming Console,55000,61,New,2,1,49422
P007,Dell,Dell XPS 13,Laptop,120000,1,Returning,1,1,110174
P005,Sony,Sony WH-1000XM6,Headphones,32000,40,Returning,3,0,25744
P007,Dell,Dell XPS 13,Laptop,120000,5,New,1,0,114309
P006,Apple,Apple Watch Series 10,Smartwatch,50000,67,Premium,3,1,42843
P003,Apple,MacBook Air M4,Laptop,110000,74,Returning,1,1,99797
P010,ASUS,ASUS ROG Zephyrus G16,Laptop,160000,83,Returning,1,1,132431
P007,Dell,Dell XPS 13,Laptop,120000,94,New,2,1,104429
P003,Apple,MacBook Air M4,Laptop,110000,56,New,1,0,103416
P002,Samsung,Samsung Galaxy S25 Ultra,Smartphone,95000,81,Premium,2,1,79207
P009,Apple,iPad Air M3,Tablet,65000,21,Returning,1,0,59395
P001,Apple,iPhone 16,Smartphone,80000,56,New,3,0,73928
P010,ASUS,ASUS ROG Zephyrus G16,Laptop,160000,91,Premium,1,1,130725
P003,Apple,MacBook Air M4,Laptop,110000,59,Premium,3,1,96491
P004,Sony,PlayStation 5,Gaming Console,55000,84,New,2,0,49548
P004,Sony,PlayStation 5,Gaming Console,55000,93,Returning,2,0,48731
P002,Samsung,Samsung Galaxy S25 Ultra,Smartphone,95000,19,Premium,1,0,86063
P008,Canon,Canon EOS R50,Camera,75000,77,New,1,0,67289
P005,Sony,Sony WH-1000XM6,Headphones,32000,24,New,1,1,26924
P006,Apple,Apple Watch Series 10,Smartwatch,50000,27,Returning,1,1,44814
P001,Apple,iPhone 16,Smartphone,80000,53,New,2,0,74915
P007,Dell,Dell XPS 13,Laptop,120000,49,Returning,3,1,104727
P003,Apple,MacBook Air M4,Laptop,110000,24,Returning,1,0,102475
P010,ASUS,ASUS ROG Zephyrus G16,Laptop,160000,81,Premium,1,0,134899
P006,Apple,Apple Watch Series 10,Smartwatch,50000,45,Returning,3,0,44162
P009,Apple,iPad Air M3,Tablet,65000,95,Returning,1,0,58620
P001,Apple,iPhone 16,Smartphone,80000,69,New,3,0,74121
P006,Apple,Apple Watch Series 10,Smartwatch,50000,15,New,1,1,46141
P004,Sony,PlayStation 5,Gaming Console,55000,11,Premium,3,0,50374
P005,Sony,Sony WH-1000XM6,Headphones,32000,62,New,1,1,26785
P009,Apple,iPad Air M3,Tablet,65000,84,Returning,2,1,56496
P009,Apple,iPad Air M3,Tablet,65000,52,New,2,0,59502
P005,Sony,Sony WH-1000XM6,Headphones,32000,51,New,3,1,25589
P004,Sony,PlayStation 5,Gaming Console,55000,93,Returning,2,1,47783
P010,ASUS,ASUS ROG Zephyrus G16,Laptop,160000,96,Returning,2,0,134521
P007,Dell,Dell XPS 13,Laptop,120000,55,New,3,1,105482
P002,Samsung,Samsung Galaxy S25 Ultra,Smartphone,95000,58,New,1,1,83700
P007,Dell,Dell XPS 13,Laptop,120000,38,Premium,3,1,103107
P001,Apple,iPhone 16,Smartphone,80000,15,New,2,1,76309
P003,Apple,MacBook Air M4,Laptop,110000,46,New,1,0,103572
P006,Apple,Apple Watch Series 10,Smartwatch,50000,48,New,2,0,45009
P006,Apple,Apple Watch Series 10,Smartwatch,50000,89,New,3,1,42718
P008,Canon,Canon EOS R50,Camera,75000,73,Returning,1,0,66644
P005,Sony,Sony WH-1000XM6,Headphones,32000,78,New,3,0,26165
P009,Apple,iPad Air M3,Tablet,65000,36,Premium,3,0,57937
P007,Dell,Dell XPS 13,Laptop,120000,88,Returning,2,1,102902
P004,Sony,PlayStation 5,Gaming Console,55000,7,Returning,2,0,51481
P007,Dell,Dell XPS 13,Laptop,120000,16,New,2,0,112915
P006,Apple,Apple Watch Series 10,Smartwatch,50000,76,Returning,1,0,45291
P001,Apple,iPhone 16,Smartphone,80000,83,Premium,1,1,70991
P003,Apple,MacBook Air M4,Laptop,110000,52,New,3,0,101045
P001,Apple,iPhone 16,Smartphone,80000,9,Returning,1,1,76240
P005,Sony,Sony WH-1000XM6,Headphones,32000,36,Returning,2,1,25501
P009,Apple,iPad Air M3,Tablet,65000,100,Returning,2,0,57752
P005,Sony,Sony WH-1000XM6,Headphones,32000,90,Returning,2,0,26283
P006,Apple,Apple Watch Series 10,Smartwatch,50000,80,New,1,0,45548
P001,Apple,iPhone 16,Smartphone,80000,18,New,2,1,75731
P003,Apple,MacBook Air M4,Laptop,110000,12,New,3,1,102635
P009,Apple,iPad Air M3,Tablet,65000,1,Premium,1,1,60204
P001,Apple,iPhone 16,Smartphone,80000,15,New,2,0,77370
P006,Apple,Apple Watch Series 10,Smartwatch,50000,89,Premium,2,1,42715
P003,Apple,MacBook Air M4,Laptop,110000,18,Premium,2,0,103029
P006,Apple,Apple Watch Series 10,Smartwatch,50000,19,Premium,2,1,45184
P002,Samsung,Samsung Galaxy S25 Ultra,Smartphone,95000,67,Premium,1,1,81877
P008,Canon,Canon EOS R50,Camera,75000,36,Returning,3,1,63481
P002,Samsung,Samsung Galaxy S25 Ultra,Smartphone,95000,34,Returning,3,0,82511
P009,Apple,iPad Air M3,Tablet,65000,32,Premium,3,0,58061
P002,Samsung,Samsung Galaxy S25 Ultra,Smartphone,95000,10,Returning,1,0,86913
P004,Sony,PlayStation 5,Gaming Console,55000,60,Returning,1,1,49107
P006,Apple,Apple Watch Series 10,Smartwatch,50000,27,Premium,3,1,43278
P005,Sony,Sony WH-1000XM6,Headphones,32000,91,Returning,3,0,25968
P009,Apple,iPad Air M3,Tablet,65000,14,New,1,1,60994
P008,Canon,Canon EOS R50,Camera,75000,80,Premium,1,1,64192
P002,Samsung,Samsung Galaxy S25 Ultra,Smartphone,95000,36,Returning,1,1,83124
P010,ASUS,ASUS ROG Zephyrus G16,Laptop,160000,83,New,1,1,134797
P002,Samsung,Samsung Galaxy S25 Ultra,Smartphone,95000,96,New,1,0,84015
P008,Canon,Canon EOS R50,Camera,75000,24,Returning,1,1,65427
P009,Apple,iPad Air M3,Tablet,65000,58,Returning,2,0,59599
P009,Apple,iPad Air M3,Tablet,65000,11,Returning,2,0,60754
P007,Dell,Dell XPS 13,Laptop,120000,65,Returning,3,1,103954
P008,Canon,Canon EOS R50,Camera,75000,35,Returning,1,0,66914
P007,Dell,Dell XPS 13,Laptop,120000,94,Returning,1,1,104093
P007,Dell,Dell XPS 13,Laptop,120000,23,Premium,2,1,104431
P007,Dell,Dell XPS 13,Laptop,120000,14,Premium,1,0,112081
P002,Samsung,Samsung Galaxy S25 Ultra,Smartphone,95000,29,New,1,0,85589
P005,Sony,Sony WH-1000XM6,Headphones,32000,31,New,3,0,26342
P004,Sony,PlayStation 5,Gaming Console,55000,80,Premium,3,1,47751
P007,Dell,Dell XPS 13,Laptop,120000,13,New,3,1,109207
P004,Sony,PlayStation 5,Gaming Console,55000,22,New,2,1,49722
P010,ASUS,ASUS ROG Zephyrus G16,Laptop,160000,37,Premium,1,0,137289
P009,Apple,iPad Air M3,Tablet,65000,90,Premium,2,1,56273
P004,Sony,PlayStation 5,Gaming Console,55000,22,Returning,3,0,49170
P003,Apple,MacBook Air M4,Laptop,110000,43,Returning,1,0,102482
P008,Canon,Canon EOS R50,Camera,75000,55,Returning,1,0,67247
P005,Sony,Sony WH-1000XM6,Headphones,32000,10,New,3,0,27628
P006,Apple,Apple Watch Series 10,Smartwatch,50000,61,Premium,1,1,44394
P004,Sony,PlayStation 5,Gaming Console,55000,61,New,1,0,51230
P005,Sony,Sony WH-1000XM6,Headphones,32000,30,Premium,3,0,26193
P003,Apple,MacBook Air M4,Laptop,110000,100,New,1,1,99323
P006,Apple,Apple Watch Series 10,Smartwatch,50000,58,Returning,3,1,43558
P005,Sony,Sony WH-1000XM6,Headphones,32000,85,Returning,2,1,25249
P001,Apple,iPhone 16,Smartphone,80000,46,Returning,3,1,72412
P009,Apple,iPad Air M3,Tablet,65000,100,Premium,3,1,54865
P005,Sony,Sony WH-1000XM6,Headphones,32000,88,Premium,3,0,24931
P007,Dell,Dell XPS 13,Laptop,120000,29,Premium,1,1,105609
P001,Apple,iPhone 16,Smartphone,80000,32,Premium,3,1,71068
P004,Sony,PlayStation 5,Gaming Console,55000,96,New,1,1,49104
P002,Samsung,Samsung Galaxy S25 Ultra,Smartphone,95000,36,Premium,3,1,80281
P009,Apple,iPad Air M3,Tablet,65000,23,Returning,3,1,57609
P006,Apple,Apple Watch Series 10,Smartwatch,50000,51,Premium,2,1,43316
P004,Sony,PlayStation 5,Gaming Console,55000,6,Premium,3,1,49854
P010,ASUS,ASUS ROG Zephyrus G16,Laptop,160000,16,Returning,2,1,138995
P002,Samsung,Samsung Galaxy S25 Ultra,Smartphone,95000,2,Returning,3,0,85477
P003,Apple,MacBook Air M4,Laptop,110000,67,Returning,3,0,99910
P008,Canon,Canon EOS R50,Camera,75000,37,New,2,0,66714
P001,Apple,iPhone 16,Smartphone,80000,28,Returning,3,0,73154
P008,Canon,Canon EOS R50,Camera,75000,40,New,2,1,65426
P001,Apple,iPhone 16,Smartphone,80000,7,Returning,1,1,76399
P005,Sony,Sony WH-1000XM6,Headphones,32000,65,Premium,3,0,26396
P002,Samsung,Samsung Galaxy S25 Ultra,Smartphone,95000,92,Returning,1,0,82592
P010,ASUS,ASUS ROG Zephyrus G16,Laptop,160000,11,Returning,1,0,143984
P006,Apple,Apple Watch Series 10,Smartwatch,50000,32,Premium,3,1,42932
P007,Dell,Dell XPS 13,Laptop,120000,13,Returning,2,1,108877
P010,ASUS,ASUS ROG Zephyrus G16,Laptop,160000,56,Premium,2,0,136199
P004,Sony,PlayStation 5,Gaming Console,55000,33,New,2,0,50408
P005,Sony,Sony WH-1000XM6,Headphones,32000,11,Returning,3,1,26618
P003,Apple,MacBook Air M4,Laptop,110000,49,Returning,1,0,102339
P008,Canon,Canon EOS R50,Camera,75000,89,Returning,3,1,62229
P006,Apple,Apple Watch Series 10,Smartwatch,50000,55,Returning,2,1,43972
P001,Apple,iPhone 16,Smartphone,80000,72,New,2,0,75473
P003,Apple,MacBook Air M4,Laptop,110000,79,Returning,1,1,99730
P010,ASUS,ASUS ROG Zephyrus G16,Laptop,160000,70,Premium,2,0,136273
P007,Dell,Dell XPS 13,Laptop,120000,17,Returning,3,0,110373
P009,Apple,iPad Air M3,Tablet,65000,59,New,1,0,60226
P002,Samsung,Samsung Galaxy S25 Ultra,Smartphone,95000,43,Premium,1,1,81779
P008,Canon,Canon EOS R50,Camera,75000,89,Returning,1,0,65508
P010,ASUS,ASUS ROG Zephyrus G16,Laptop,160000,87,Premium,3,0,131418
P004,Sony,PlayStation 5,Gaming Console,55000,67,New,3,1,48589
P004,Sony,PlayStation 5,Gaming Console,55000,87,Premium,1,1,47993
P005,Sony,Sony WH-1000XM6,Headphones,32000,93,New,2,0,25857
P002,Samsung,Samsung Galaxy S25 Ultra,Smartphone,95000,1,New,3,0,86482
P002,Samsung,Samsung Galaxy S25 Ultra,Smartphone,95000,32,New,1,1,83125
P009,Apple,iPad Air M3,Tablet,65000,57,Returning,1,0,59607
P007,Dell,Dell XPS 13,Laptop,120000,62,New,1,1,108341
P010,ASUS,ASUS ROG Zephyrus G16,Laptop,160000,88,Returning,3,0,132742
P003,Apple,MacBook Air M4,Laptop,110000,82,New,1,0,101538
P004,Sony,PlayStation 5,Gaming Console,55000,22,Premium,3,0,48937
P008,Canon,Canon EOS R50,Camera,75000,38,Returning,3,0,65732
P010,ASUS,ASUS ROG Zephyrus G16,Laptop,160000,64,Returning,3,1,132700
P007,Dell,Dell XPS 13,Laptop,120000,90,New,2,1,104733
P007,Dell,Dell XPS 13,Laptop,120000,19,New,2,1,110023
P010,ASUS,ASUS ROG Zephyrus G16,Laptop,160000,50,New,3,1,133934
P010,ASUS,ASUS ROG Zephyrus G16,Laptop,160000,57,New,2,0,139179
P008,Canon,Canon EOS R50,Camera,75000,36,New,1,1,66012
P009,Apple,iPad Air M3,Tablet,65000,27,Returning,3,1,57225
P002,Samsung,Samsung Galaxy S25 Ultra,Smartphone,95000,23,Premium,1,1,81871
P010,ASUS,ASUS ROG Zephyrus G16,Laptop,160000,44,Returning,3,0,135785
P005,Sony,Sony WH-1000XM6,Headphones,32000,51,New,3,1,25805
P008,Canon,Canon EOS R50,Camera,75000,78,Premium,1,1,64132
P006,Apple,Apple Watch Series 10,Smartwatch,50000,76,Premium,2,1,43069
P001,Apple,iPhone 16,Smartphone,80000,4,Premium,1,0,76398
P002,Samsung,Samsung Galaxy S25 Ultra,Smartphone,95000,64,Premium,2,1,81028
P004,Sony,PlayStation 5,Gaming Console,55000,99,Premium,1,0,49371
P003,Apple,MacBook Air M4,Laptop,110000,94,Returning,2,0,98563
P010,ASUS,ASUS ROG Zephyrus G16,Laptop,160000,33,New,1,0,140752
P006,Apple,Apple Watch Series 10,Smartwatch,50000,78,Premium,1,0,44828
P002,Samsung,Samsung Galaxy S25 Ultra,Smartphone,95000,90,Returning,2,0,81852
P010,ASUS,ASUS ROG Zephyrus G16,Laptop,160000,72,New,1,1,137602
P008,Canon,Canon EOS R50,Camera,75000,87,Returning,1,0,65509
P003,Apple,MacBook Air M4,Laptop,110000,56,Premium,1,0,101296
P001,Apple,iPhone 16,Smartphone,80000,81,Premium,1,0,72334
P003,Apple,MacBook Air M4,Laptop,110000,1,Returning,2,0,104348
P003,Apple,MacBook Air M4,Laptop,110000,88,Premium,3,1,94294
P004,Sony,PlayStation 5,Gaming Console,55000,74,Returning,3,1,48265
P010,ASUS,ASUS ROG Zephyrus G16,Laptop,160000,72,New,1,1,137537
P007,Dell,Dell XPS 13,Laptop,120000,10,Premium,1,0,111901
P009,Apple,iPad Air M3,Tablet,65000,39,New,1,1,58886
P001,Apple,iPhone 16,Smartphone,80000,77,Premium,2,0,73329
P005,Sony,Sony WH-1000XM6,Headphones,32000,33,Returning,3,1,25169
P003,Apple,MacBook Air M4,Laptop,110000,37,New,3,0,101573
P009,Apple,iPad Air M3,Tablet,65000,79,Premium,2,1,57333
P001,Apple,iPhone 16,Smartphone,80000,70,Premium,1,1,73259
P005,Sony,Sony WH-1000XM6,Headphones,32000,84,New,1,1,25851
P005,Sony,Sony WH-1000XM6,Headphones,32000,26,Returning,1,0,26589
P009,Apple,iPad Air M3,Tablet,65000,94,Returning,3,0,56941
P008,Canon,Canon EOS R50,Camera,75000,10,Premium,3,0,66604
P002,Samsung,Samsung Galaxy S25 Ultra,Smartphone,95000,54,Premium,3,0,82108
P009,Apple,iPad Air M3,Tablet,65000,62,New,2,0,59406
P001,Apple,iPhone 16,Smartphone,80000,64,Premium,1,1,72741
P008,Canon,Canon EOS R50,Camera,75000,39,New,1,0,67026
P004,Sony,PlayStation 5,Gaming Console,55000,69,Premium,2,0,49565
P008,Canon,Canon EOS R50,Camera,75000,7,Returning,2,0,68190
P007,Dell,Dell XPS 13,Laptop,120000,71,New,1,1,107620
P010,ASUS,ASUS ROG Zephyrus G16,Laptop,160000,48,Returning,1,1,135947
P001,Apple,iPhone 16,Smartphone,80000,31,New,1,0,75732
P007,Dell,Dell XPS 13,Laptop,120000,96,Premium,3,0,103521
P001,Apple,iPhone 16,Smartphone,80000,93,New,1,0,73958
P003,Apple,MacBook Air M4,Laptop,110000,57,New,2,0,102121
P006,Apple,Apple Watch Series 10,Smartwatch,50000,78,Premium,1,1,43632
P010,ASUS,ASUS ROG Zephyrus G16,Laptop,160000,51,Returning,3,0,136172
P002,Samsung,Samsung Galaxy S25 Ultra,Smartphone,95000,10,Returning,3,0,85506
P006,Apple,Apple Watch Series 10,Smartwatch,50000,29,Returning,3,1,43964
P006,Apple,Apple Watch Series 10,Smartwatch,50000,100,Premium,2,0,43539
P005,Sony,Sony WH-1000XM6,Headphones,32000,41,Premium,3,0,25475
P006,Apple,Apple Watch Series 10,Smartwatch,50000,53,Premium,3,1,42786
P002,Samsung,Samsung Galaxy S25 Ultra,Smartphone,95000,27,New,3,0,83412
P009,Apple,iPad Air M3,Tablet,65000,27,New,2,0,59336
P004,Sony,PlayStation 5,Gaming Console,55000,90,Returning,3,1,47775
P002,Samsung,Samsung Galaxy S25 Ultra,Smartphone,95000,3,Returning,1,1,85284
P010,ASUS,ASUS ROG Zephyrus G16,Laptop,160000,50,Returning,1,0,138985
P010,ASUS,ASUS ROG Zephyrus G16,Laptop,160000,50,Returning,1,1,135893
P008,Canon,Canon EOS R50,Camera,75000,6,New,1,1,67938
P007,Dell,Dell XPS 13,Laptop,120000,69,New,3,1,105132
P009,Apple,iPad Air M3,Tablet,65000,98,Returning,1,1,57644
P005,Sony,Sony WH-1000XM6,Headphones,32000,97,Premium,1,0,25769
P010,ASUS,ASUS ROG Zephyrus G16,Laptop,160000,56,Returning,3,0,136326
P002,Samsung,Samsung Galaxy S25 Ultra,Smartphone,95000,71,Returning,3,1,81129
P009,Apple,iPad Air M3,Tablet,65000,60,Returning,3,1,56866
P007,Dell,Dell XPS 13,Laptop,120000,60,Premium,1,0,108429
P001,Apple,iPhone 16,Smartphone,80000,36,Premium,2,0,73355
P009,Apple,iPad Air M3,Tablet,65000,38,Returning,3,1,56739
P010,ASUS,ASUS ROG Zephyrus G16,Laptop,160000,36,Returning,2,1,134701
P010,ASUS,ASUS ROG Zephyrus G16,Laptop,160000,2,New,2,1,141156
P005,Sony,Sony WH-1000XM6,Headphones,32000,23,Returning,2,0,26510
P001,Apple,iPhone 16,Smartphone,80000,60,New,2,1,73753
P009,Apple,iPad Air M3,Tablet,65000,28,Returning,1,0,59583
P010,ASUS,ASUS ROG Zephyrus G16,Laptop,160000,71,Returning,1,1,135684
P005,Sony,Sony WH-1000XM6,Headphones,32000,99,Returning,2,1,24910
P004,Sony,PlayStation 5,Gaming Console,55000,81,New,1,0,49788
P002,Samsung,Samsung Galaxy S25 Ultra,Smartphone,95000,84,New,1,1,81793
P006,Apple,Apple Watch Series 10,Smartwatch,50000,6,Premium,3,0,45062
P005,Sony,Sony WH-1000XM6,Headphones,32000,33,New,3,1,25973
P001,Apple,iPhone 16,Smartphone,80000,77,New,2,0,74779
P009,Apple,iPad Air M3,Tablet,65000,57,New,3,0,58892
P004,Sony,PlayStation 5,Gaming Console,55000,42,Premium,2,1,47973
P007,Dell,Dell XPS 13,Laptop,120000,37,New,1,1,108121
P006,Apple,Apple Watch Series 10,Smartwatch,50000,43,Returning,3,1,43481
P005,Sony,Sony WH-1000XM6,Headphones,32000,80,New,1,1,26105
P005,Sony,Sony WH-1000XM6,Headphones,32000,20,Premium,1,0,26683
P004,Sony,PlayStation 5,Gaming Console,55000,41,Premium,3,1,48312
P004,Sony,PlayStation 5,Gaming Console,55000,49,Premium,1,0,49940
P002,Samsung,Samsung Galaxy S25 Ultra,Smartphone,95000,10,New,3,1,84601
P002,Samsung,Samsung Galaxy S25 Ultra,Smartphone,95000,68,New,3,1,81875
P009,Apple,iPad Air M3,Tablet,65000,67,Returning,2,1,57549
P010,ASUS,ASUS ROG Zephyrus G16,Laptop,160000,38,New,2,0,139518
P006,Apple,Apple Watch Series 10,Smartwatch,50000,30,Returning,2,0,45209
P004,Sony,PlayStation 5,Gaming Console,55000,57,Premium,2,1,47981
P006,Apple,Apple Watch Series 10,Smartwatch,50000,72,Premium,1,1,44169
P008,Canon,Canon EOS R50,Camera,75000,78,New,2,1,64985
P010,ASUS,ASUS ROG Zephyrus G16,Laptop,160000,17,Premium,1,1,139390
P010,ASUS,ASUS ROG Zephyrus G16,Laptop,160000,86,New,3,1,131514
P005,Sony,Sony WH-1000XM6,Headphones,32000,44,Returning,1,0,26798
P007,Dell,Dell XPS 13,Laptop,120000,65,New,3,1,105747
P004,Sony,PlayStation 5,Gaming Console,55000,24,Returning,1,0,50223
P007,Dell,Dell XPS 13,Laptop,120000,34,Premium,3,1,103460
P002,Samsung,Samsung Galaxy S25 Ultra,Smartphone,95000,17,New,2,0,87606
P003,Apple,MacBook Air M4,Laptop,110000,10,New,3,1,102725
P007,Dell,Dell XPS 13,Laptop,120000,46,New,2,0,109429
P005,Sony,Sony WH-1000XM6,Headphones,32000,16,Returning,2,0,27759
P001,Apple,iPhone 16,Smartphone,80000,10,Premium,2,1,74832
P007,Dell,Dell XPS 13,Laptop,120000,81,Returning,3,1,101796
P008,Canon,Canon EOS R50,Camera,75000,90,New,3,0,64741
P010,ASUS,ASUS ROG Zephyrus G16,Laptop,160000,66,New,1,0,140907
P010,ASUS,ASUS ROG Zephyrus G16,Laptop,160000,48,Premium,3,1,131088
P006,Apple,Apple Watch Series 10,Smartwatch,50000,57,New,3,1,44467
P002,Samsung,Samsung Galaxy S25 Ultra,Smartphone,95000,30,Returning,2,1,81249
P010,ASUS,ASUS ROG Zephyrus G16,Laptop,160000,67,Premium,3,1,130992
P006,Apple,Apple Watch Series 10,Smartwatch,50000,50,Returning,1,0,45042
P004,Sony,PlayStation 5,Gaming Console,55000,56,Premium,2,1,48001
P006,Apple,Apple Watch Series 10,Smartwatch,50000,37,New,1,1,44780
P008,Canon,Canon EOS R50,Camera,75000,57,New,1,1,66461
P005,Sony,Sony WH-1000XM6,Headphones,32000,78,New,1,1,26204
P002,Samsung,Samsung Galaxy S25 Ultra,Smartphone,95000,27,Premium,3,0,81228
P010,ASUS,ASUS ROG Zephyrus G16,Laptop,160000,6,Premium,3,0,138706
P008,Canon,Canon EOS R50,Camera,75000,4,Returning,1,1,67964
P010,ASUS,ASUS ROG Zephyrus G16,Laptop,160000,55,Premium,2,0,136350
P008,Canon,Canon EOS R50,Camera,75000,38,New,3,0,65955
P007,Dell,Dell XPS 13,Laptop,120000,64,Returning,1,0,108985
P002,Samsung,Samsung Galaxy S25 Ultra,Smartphone,95000,46,New,3,0,83844
P002,Samsung,Samsung Galaxy S25 Ultra,Smartphone,95000,42,New,3,1,81482
P008,Canon,Canon EOS R50,Camera,75000,81,Premium,3,0,63223
P006,Apple,Apple Watch Series 10,Smartwatch,50000,5,Returning,1,1,45694
P009,Apple,iPad Air M3,Tablet,65000,85,Premium,1,0,57601
P003,Apple,MacBook Air M4,Laptop,110000,76,Returning,1,0,102071
P008,Canon,Canon EOS R50,Camera,75000,20,Returning,1,1,65039
P003,Apple,MacBook Air M4,Laptop,110000,26,Premium,1,0,100703
P007,Dell,Dell XPS 13,Laptop,120000,9,Returning,3,0,110627
P003,Apple,MacBook Air M4,Laptop,110000,5,Returning,3,1,101328
P007,Dell,Dell XPS 13,Laptop,120000,81,Premium,1,1,103195
P009,Apple,iPad Air M3,Tablet,65000,85,New,2,0,58896
P005,Sony,Sony WH-1000XM6,Headphones,32000,86,Returning,2,1,25392
P006,Apple,Apple Watch Series 10,Smartwatch,50000,70,Returning,2,0,44724
P002,Samsung,Samsung Galaxy S25 Ultra,Smartphone,95000,97,Returning,2,1,79633
P004,Sony,PlayStation 5,Gaming Console,55000,85,Returning,1,0,49475
P006,Apple,Apple Watch Series 10,Smartwatch,50000,85,New,2,1,43721
P003,Apple,MacBook Air M4,Laptop,110000,100,Returning,2,1,97003
P004,Sony,PlayStation 5,Gaming Console,55000,4,Returning,2,0,52111
P007,Dell,Dell XPS 13,Laptop,120000,8,Premium,2,1,108191
P006,Apple,Apple Watch Series 10,Smartwatch,50000,53,Returning,2,1,43908
P005,Sony,Sony WH-1000XM6,Headphones,32000,7,Returning,2,0,27367
P001,Apple,iPhone 16,Smartphone,80000,40,Returning,2,0,74486
P003,Apple,MacBook Air M4,Laptop,110000,69,New,3,0,101670
P010,ASUS,ASUS ROG Zephyrus G16,Laptop,160000,79,Returning,1,0,139673
P001,Apple,iPhone 16,Smartphone,80000,49,New,3,1,73234
P006,Apple,Apple Watch Series 10,Smartwatch,50000,99,Premium,1,0,44031
P004,Sony,PlayStation 5,Gaming Console,55000,47,Premium,1,0,50408
P009,Apple,iPad Air M3,Tablet,65000,51,Premium,1,1,58170
P003,Apple,MacBook Air M4,Laptop,110000,48,Returning,2,0,101266
P004,Sony,PlayStation 5,Gaming Console,55000,2,New,1,0,52813
P007,Dell,Dell XPS 13,Laptop,120000,63,New,1,1,107808
P001,Apple,iPhone 16,Smartphone,80000,30,Premium,3,0,72334
P005,Sony,Sony WH-1000XM6,Headphones,32000,96,New,2,1,25234
P005,Sony,Sony WH-1000XM6,Headphones,32000,11,New,1,1,27040
P001,Apple,iPhone 16,Smartphone,80000,96,Premium,3,0,70797
P010,ASUS,ASUS ROG Zephyrus G16,Laptop,160000,51,New,3,1,134703
P006,Apple,Apple Watch Series 10,Smartwatch,50000,55,Premium,3,0,43809
P005,Sony,Sony WH-1000XM6,Headphones,32000,59,New,1,1,27052
P010,ASUS,ASUS ROG Zephyrus G16,Laptop,160000,61,Returning,2,1,133995
P004,Sony,PlayStation 5,Gaming Console,55000,53,Premium,2,1,48191
P009,Apple,iPad Air M3,Tablet,65000,65,New,2,0,59808
P007,Dell,Dell XPS 13,Laptop,120000,48,Premium,3,0,105563
P004,Sony,PlayStation 5,Gaming Console,55000,74,New,2,0,50557
P006,Apple,Apple Watch Series 10,Smartwatch,50000,62,Premium,1,1,43840
P003,Apple,MacBook Air M4,Laptop,110000,81,New,1,0,100912
P008,Canon,Canon EOS R50,Camera,75000,76,New,1,0,67412
P010,ASUS,ASUS ROG Zephyrus G16,Laptop,160000,61,Premium,3,0,133960
P008,Canon,Canon EOS R50,Camera,75000,33,Returning,2,1,64854
P003,Apple,MacBook Air M4,Laptop,110000,5,Returning,3,1,101592
P001,Apple,iPhone 16,Smartphone,80000,35,Premium,1,1,72858
P008,Canon,Canon EOS R50,Camera,75000,41,Premium,1,1,64472
P008,Canon,Canon EOS R50,Camera,75000,66,Premium,3,0,64943
P002,Samsung,Samsung Galaxy S25 Ultra,Smartphone,95000,55,Premium,1,1,81330
P001,Apple,iPhone 16,Smartphone,80000,21,Premium,3,0,72470
P004,Sony,PlayStation 5,Gaming Console,55000,57,New,1,1,50057
P003,Apple,MacBook Air M4,Laptop,110000,81,Premium,2,0,98166
P009,Apple,iPad Air M3,Tablet,65000,54,Returning,1,1,58120
P007,Dell,Dell XPS 13,Laptop,120000,38,Premium,3,1,103235
P006,Apple,Apple Watch Series 10,Smartwatch,50000,79,Returning,3,0,44144
P005,Sony,Sony WH-1000XM6,Headphones,32000,67,Premium,1,1,25951
P010,ASUS,ASUS ROG Zephyrus G16,Laptop,160000,33,Returning,2,0,138058
P006,Apple,Apple Watch Series 10,Smartwatch,50000,96,Premium,1,0,44036
P008,Canon,Canon EOS R50,Camera,75000,2,Returning,2,0,67903
P008,Canon,Canon EOS R50,Camera,75000,9,New,2,0,68704
P002,Samsung,Samsung Galaxy S25 Ultra,Smartphone,95000,69,Returning,2,0,83162
P010,ASUS,ASUS ROG Zephyrus G16,Laptop,160000,60,Premium,1,0,137458
P009,Apple,iPad Air M3,Tablet,65000,29,Returning,3,0,58950
P004,Sony,PlayStation 5,Gaming Console,55000,36,Returning,2,1,48826
P010,ASUS,ASUS ROG Zephyrus G16,Laptop,160000,99,Returning,2,0,133979
P010,ASUS,ASUS ROG Zephyrus G16,Laptop,160000,20,New,3,0,137386
P003,Apple,MacBook Air M4,Laptop,110000,34,Premium,1,0,101516
P009,Apple,iPad Air M3,Tablet,65000,76,Premium,2,1,57289
P010,ASUS,ASUS ROG Zephyrus G16,Laptop,160000,78,Returning,3,1,132514
P003,Apple,MacBook Air M4,Laptop,110000,1,New,1,0,107151
P010,ASUS,ASUS ROG Zephyrus G16,Laptop,160000,19,New,1,1,142795
P001,Apple,iPhone 16,Smartphone,80000,42,New,1,0,76023
P008,Canon,Canon EOS R50,Camera,75000,55,Premium,2,1,63559
P009,Apple,iPad Air M3,Tablet,65000,98,New,1,1,57736
P007,Dell,Dell XPS 13,Laptop,120000,91,Returning,2,1,103558
P009,Apple,iPad Air M3,Tablet,65000,41,Premium,1,0,59628
P003,Apple,MacBook Air M4,Laptop,110000,82,Returning,3,0,98260
P007,Dell,Dell XPS 13,Laptop,120000,72,Returning,2,1,105801
P002,Samsung,Samsung Galaxy S25 Ultra,Smartphone,95000,72,Returning,3,1,80432
P001,Apple,iPhone 16,Smartphone,80000,47,Returning,3,1,72245
P007,Dell,Dell XPS 13,Laptop,120000,28,Premium,3,0,105491
P006,Apple,Apple Watch Series 10,Smartwatch,50000,23,Premium,1,0,44952
P006,Apple,Apple Watch Series 10,Smartwatch,50000,68,New,1,1,44836
P002,Samsung,Samsung Galaxy S25 Ultra,Smartphone,95000,48,Returning,3,0,82771
P005,Sony,Sony WH-1000XM6,Headphones,32000,5,Premium,2,1,26467
P001,Apple,iPhone 16,Smartphone,80000,90,Premium,2,1,70540
P001,Apple,iPhone 16,Smartphone,80000,74,New,3,1,72922
P008,Canon,Canon EOS R50,Camera,75000,63,New,2,0,66289
P006,Apple,Apple Watch Series 10,Smartwatch,50000,4,Premium,3,0,45722
P003,Apple,MacBook Air M4,Laptop,110000,17,New,2,0,105157
P008,Canon,Canon EOS R50,Camera,75000,82,Premium,1,1,62599
P009,Apple,iPad Air M3,Tablet,65000,36,New,3,0,58990
P006,Apple,Apple Watch Series 10,Smartwatch,50000,91,New,3,1,43028
P001,Apple,iPhone 16,Smartphone,80000,86,Returning,2,0,72366
P004,Sony,PlayStation 5,Gaming Console,55000,98,Premium,1,1,47435
P003,Apple,MacBook Air M4,Laptop,110000,57,New,2,0,102505
P009,Apple,iPad Air M3,Tablet,65000,53,New,3,0,58968
P005,Sony,Sony WH-1000XM6,Headphones,32000,72,Returning,1,1,26217
P010,ASUS,ASUS ROG Zephyrus G16,Laptop,160000,90,New,3,1,130790
P002,Samsung,Samsung Galaxy S25 Ultra,Smartphone,95000,12,New,3,0,86140
P006,Apple,Apple Watch Series 10,Smartwatch,50000,76,Premium,1,0,45307
P001,Apple,iPhone 16,Smartphone,80000,28,Premium,2,1,71583
P004,Sony,PlayStation 5,Gaming Console,55000,40,Premium,3,0,49215
P003,Apple,MacBook Air M4,Laptop,110000,40,New,2,1,99782
P005,Sony,Sony WH-1000XM6,Headphones,32000,18,Premium,2,1,26291
P004,Sony,PlayStation 5,Gaming Console,55000,35,New,1,1,49815
P008,Canon,Canon EOS R50,Camera,75000,34,New,2,1,65342
P006,Apple,Apple Watch Series 10,Smartwatch,50000,45,Premium,3,1,43349
P003,Apple,MacBook Air M4,Laptop,110000,5,Premium,2,0,103450
P010,ASUS,ASUS ROG Zephyrus G16,Laptop,160000,27,Premium,2,1,132961
P005,Sony,Sony WH-1000XM6,Headphones,32000,27,Returning,3,1,25192
P009,Apple,iPad Air M3,Tablet,65000,99,New,2,0,58478
P005,Sony,Sony WH-1000XM6,Headphones,32000,5,New,3,0,27506
P003,Apple,MacBook Air M4,Laptop,110000,60,Premium,2,1,97977
P007,Dell,Dell XPS 13,Laptop,120000,85,Premium,1,1,103418
P002,Samsung,Samsung Galaxy S25 Ultra,Smartphone,95000,81,Returning,1,0,82581
P008,Canon,Canon EOS R50,Camera,75000,43,Returning,3,0,64941
P006,Apple,Apple Watch Series 10,Smartwatch,50000,40,New,2,0,45770
P001,Apple,iPhone 16,Smartphone,80000,57,Premium,2,1,72248
P007,Dell,Dell XPS 13,Laptop,120000,61,New,2,1,106915
P006,Apple,Apple Watch Series 10,Smartwatch,50000,62,Premium,2,1,43041
P004,Sony,PlayStation 5,Gaming Console,55000,98,Premium,1,1,47786
P005,Sony,Sony WH-1000XM6,Headphones,32000,74,Returning,3,0,25907
P009,Apple,iPad Air M3,Tablet,65000,22,Returning,3,0,58974
P010,ASUS,ASUS ROG Zephyrus G16,Laptop,160000,97,New,1,1,134707
P001,Apple,iPhone 16,Smartphone,80000,12,Returning,1,1,75969
P007,Dell,Dell XPS 13,Laptop,120000,22,Returning,1,0,108905
P003,Apple,MacBook Air M4,Laptop,110000,39,Returning,1,0,102041
P004,Sony,PlayStation 5,Gaming Console,55000,56,New,3,0,49707
P009,Apple,iPad Air M3,Tablet,65000,100,Returning,1,1,56863
P006,Apple,Apple Watch Series 10,Smartwatch,50000,13,Returning,3,1,45215
P004,Sony,PlayStation 5,Gaming Console,55000,61,Premium,2,1,48623
P004,Sony,PlayStation 5,Gaming Console,55000,98,New,2,0,49325
P003,Apple,MacBook Air M4,Laptop,110000,52,Returning,2,1,99111
P007,Dell,Dell XPS 13,Laptop,120000,69,New,2,1,106985
P010,ASUS,ASUS ROG Zephyrus G16,Laptop,160000,4,New,3,0,142686
P004,Sony,PlayStation 5,Gaming Console,55000,48,Returning,2,0,50175
P010,ASUS,ASUS ROG Zephyrus G16,Laptop,160000,97,Returning,1,0,135641
P008,Canon,Canon EOS R50,Camera,75000,25,New,1,1,65945
P002,Samsung,Samsung Galaxy S25 Ultra,Smartphone,95000,44,Returning,3,0,82585
P003,Apple,MacBook Air M4,Laptop,110000,37,Returning,2,1,98535
P005,Sony,Sony WH-1000XM6,Headphones,32000,54,New,1,1,26758
P009,Apple,iPad Air M3,Tablet,65000,14,Returning,1,1,60652
P002,Samsung,Samsung Galaxy S25 Ultra,Smartphone,95000,84,Returning,1,0,82476
P003,Apple,MacBook Air M4,Laptop,110000,74,Premium,2,1,97411
P008,Canon,Canon EOS R50,Camera,75000,84,Premium,2,1,62539
P001,Apple,iPhone 16,Smartphone,80000,39,Returning,2,0,74518
P008,Canon,Canon EOS R50,Camera,75000,65,Returning,2,1,64864
P009,Apple,iPad Air M3,Tablet,65000,47,New,1,1,59194
P007,Dell,Dell XPS 13,Laptop,120000,87,New,1,0,107845
P010,ASUS,ASUS ROG Zephyrus G16,Laptop,160000,34,New,3,1,134345
P001,Apple,iPhone 16,Smartphone,80000,60,Returning,1,0,75588
P008,Canon,Canon EOS R50,Camera,75000,59,Returning,1,1,65008
P007,Dell,Dell XPS 13,Laptop,120000,44,Premium,2,0,106855
P005,Sony,Sony WH-1000XM6,Headphones,32000,23,Returning,2,1,25437
P008,Canon,Canon EOS R50,Camera,75000,42,Returning,3,0,65360
P002,Samsung,Samsung Galaxy S25 Ultra,Smartphone,95000,46,Premium,1,1,81454
P003,Apple,MacBook Air M4,Laptop,110000,11,Premium,1,0,104744
P003,Apple,MacBook Air M4,Laptop,110000,82,Returning,2,1,96653
P008,Canon,Canon EOS R50,Camera,75000,89,Premium,1,1,62541
P002,Samsung,Samsung Galaxy S25 Ultra,Smartphone,95000,42,Returning,1,0,84673
P002,Samsung,Samsung Galaxy S25 Ultra,Smartphone,95000,49,Premium,3,0,81545
P005,Sony,Sony WH-1000XM6,Headphones,32000,55,Returning,1,0,27353
P005,Sony,Sony WH-1000XM6,Headphones,32000,93,Premium,3,0,25636
P007,Dell,Dell XPS 13,Laptop,120000,15,New,3,1,109010
P010,ASUS,ASUS ROG Zephyrus G16,Laptop,160000,66,Premium,1,0,137483
P010,ASUS,ASUS ROG Zephyrus G16,Laptop,160000,61,New,2,1,136264
P003,Apple,MacBook Air M4,Laptop,110000,36,Premium,3,0,99119
P007,Dell,Dell XPS 13,Laptop,120000,24,Premium,2,1,103905
P007,Dell,Dell XPS 13,Laptop,120000,27,New,2,0,108981
P005,Sony,Sony WH-1000XM6,Headphones,32000,60,Premium,3,1,24879
P004,Sony,PlayStation 5,Gaming Console,55000,29,New,3,1,48676
P002,Samsung,Samsung Galaxy S25 Ultra,Smartphone,95000,79,Returning,3,1,80852
P007,Dell,Dell XPS 13,Laptop,120000,82,Premium,2,1,101987
P009,Apple,iPad Air M3,Tablet,65000,2,Returning,2,1,59654
P008,Canon,Canon EOS R50,Camera,75000,20,Returning,3,1,63465
P009,Apple,iPad Air M3,Tablet,65000,90,New,3,1,56311
P007,Dell,Dell XPS 13,Laptop,120000,5,Premium,3,0,109346
P008,Canon,Canon EOS R50,Camera,75000,72,Returning,1,0,67015
P009,Apple,iPad Air M3,Tablet,65000,48,Returning,2,1,57812
P008,Canon,Canon EOS R50,Camera,75000,4,New,3,0,68389
P006,Apple,Apple Watch Series 10,Smartwatch,50000,73,Returning,2,0,45269
P005,Sony,Sony WH-1000XM6,Headphones,32000,72,Premium,2,0,26124
P009,Apple,iPad Air M3,Tablet,65000,17,Returning,3,0,60049
P007,Dell,Dell XPS 13,Laptop,120000,28,New,1,1,107682
P003,Apple,MacBook Air M4,Laptop,110000,99,Premium,2,1,95560
P004,Sony,PlayStation 5,Gaming Console,55000,54,Premium,2,1,48688
P006,Apple,Apple Watch Series 10,Smartwatch,50000,81,New,3,1,43014
P009,Apple,iPad Air M3,Tablet,65000,69,Returning,1,1,58506
P008,Canon,Canon EOS R50,Camera,75000,37,Returning,1,0,66659
P005,Sony,Sony WH-1000XM6,Headphones,32000,1,Premium,2,1,26731
P003,Apple,MacBook Air M4,Laptop,110000,88,New,2,1,98397
P007,Dell,Dell XPS 13,Laptop,120000,53,New,3,0,108133
P004,Sony,PlayStation 5,Gaming Console,55000,18,Premium,3,0,50713
P010,ASUS,ASUS ROG Zephyrus G16,Laptop,160000,94,Returning,1,1,132924
P004,Sony,PlayStation 5,Gaming Console,55000,22,Premium,3,1,48050
P002,Samsung,Samsung Galaxy S25 Ultra,Smartphone,95000,48,New,3,1,81765
P009,Apple,iPad Air M3,Tablet,65000,25,New,2,1,58740
P004,Sony,PlayStation 5,Gaming Console,55000,23,Returning,3,0,49330
P003,Apple,MacBook Air M4,Laptop,110000,38,New,1,0,103491
P008,Canon,Canon EOS R50,Camera,75000,59,New,3,1,64247
P003,Apple,MacBook Air M4,Laptop,110000,60,Premium,3,0,99322
P010,ASUS,ASUS ROG Zephyrus G16,Laptop,160000,43,New,1,1,137839
P002,Samsung,Samsung Galaxy S25 Ultra,Smartphone,95000,1,Premium,1,1,84937
P009,Apple,iPad Air M3,Tablet,65000,61,Returning,1,1,58980
P005,Sony,Sony WH-1000XM6,Headphones,32000,92,Premium,1,0,25869
P008,Canon,Canon EOS R50,Camera,75000,93,New,2,1,64098
P001,Apple,iPhone 16,Smartphone,80000,47,Returning,3,1,71938
P002,Samsung,Samsung Galaxy S25 Ultra,Smartphone,95000,14,New,2,0,87639
P003,Apple,MacBook Air M4,Laptop,110000,47,Returning,3,1,97545
P004,Sony,PlayStation 5,Gaming Console,55000,62,New,2,0,50437
P002,Samsung,Samsung Galaxy S25 Ultra,Smartphone,95000,59,Premium,2,0,82925
P005,Sony,Sony WH-1000XM6,Headphones,32000,44,Returning,3,1,25438
P008,Canon,Canon EOS R50,Camera,75000,90,Returning,3,1,62358
P001,Apple,iPhone 16,Smartphone,80000,98,New,1,1,72326
P004,Sony,PlayStation 5,Gaming Console,55000,48,Premium,2,1,48214
P003,Apple,MacBook Air M4,Laptop,110000,73,Premium,2,1,98130
P008,Canon,Canon EOS R50,Camera,75000,87,Returning,1,0,64900
P010,ASUS,ASUS ROG Zephyrus G16,Laptop,160000,38,Returning,2,0,137128
P004,Sony,PlayStation 5,Gaming Console,55000,75,Returning,1,0,50365
P006,Apple,Apple Watch Series 10,Smartwatch,50000,93,Premium,3,1,41988
P010,ASUS,ASUS ROG Zephyrus G16,Laptop,160000,22,Returning,3,0,136101
P009,Apple,iPad Air M3,Tablet,65000,41,Premium,2,1,57586
P008,Canon,Canon EOS R50,Camera,75000,83,New,3,1,62679
P008,Canon,Canon EOS R50,Camera,75000,49,New,3,0,65850
P004,Sony,PlayStation 5,Gaming Console,55000,40,New,1,0,50934
P010,ASUS,ASUS ROG Zephyrus G16,Laptop,160000,100,Premium,1,0,134265
P008,Canon,Canon EOS R50,Camera,75000,59,Premium,3,0,64860
P009,Apple,iPad Air M3,Tablet,65000,30,Premium,1,1,58030
P001,Apple,iPhone 16,Smartphone,80000,52,Premium,1,1,72819
P002,Samsung,Samsung Galaxy S25 Ultra,Smartphone,95000,35,Premium,3,0,82193
P001,Apple,iPhone 16,Smartphone,80000,58,Premium,3,0,72550
P005,Sony,Sony WH-1000XM6,Headphones,32000,95,New,3,0,25653
P008,Canon,Canon EOS R50,Camera,75000,23,New,3,1,64565
P005,Sony,Sony WH-1000XM6,Headphones,32000,12,Premium,1,0,27947
P003,Apple,MacBook Air M4,Laptop,110000,67,Returning,1,0,102033
P004,Sony,PlayStation 5,Gaming Console,55000,75,Premium,2,1,48000
P009,Apple,iPad Air M3,Tablet,65000,7,Returning,3,0,60151
P008,Canon,Canon EOS R50,Camera,75000,15,Returning,1,1,67202
P002,Samsung,Samsung Galaxy S25 Ultra,Smartphone,95000,70,Premium,1,1,81507
P010,ASUS,ASUS ROG Zephyrus G16,Laptop,160000,2,Premium,2,0,141037
P008,Canon,Canon EOS R50,Camera,75000,100,Premium,1,1,62500
P005,Sony,Sony WH-1000XM6,Headphones,32000,97,Returning,3,1,24964
P003,Apple,MacBook Air M4,Laptop,110000,43,Premium,2,1,98374
P005,Sony,Sony WH-1000XM6,Headphones,32000,34,Premium,1,1,25701
P009,Apple,iPad Air M3,Tablet,65000,65,Returning,3,1,56814
P003,Apple,MacBook Air M4,Laptop,110000,63,New,2,1,100107
P003,Apple,MacBook Air M4,Laptop,110000,23,New,2,1,99696
P008,Canon,Canon EOS R50,Camera,75000,44,Premium,3,0,64198
P002,Samsung,Samsung Galaxy S25 Ultra,Smartphone,95000,98,New,1,1,81713
P005,Sony,Sony WH-1000XM6,Headphones,32000,41,Premium,2,0,26441
P005,Sony,Sony WH-1000XM6,Headphones,32000,79,New,3,0,26391
P003,Apple,MacBook Air M4,Laptop,110000,25,Returning,1,0,102424
P003,Apple,MacBook Air M4,Laptop,110000,42,Premium,2,1,98198
P005,Sony,Sony WH-1000XM6,Headphones,32000,30,Returning,2,1,25799
P003,Apple,MacBook Air M4,Laptop,110000,40,Returning,3,1,98249
P006,Apple,Apple Watch Series 10,Smartwatch,50000,58,Returning,2,1,44280
P007,Dell,Dell XPS 13,Laptop,120000,1,Returning,1,1,110262
P003,Apple,MacBook Air M4,Laptop,110000,59,Returning,1,0,102013
P005,Sony,Sony WH-1000XM6,Headphones,32000,38,Returning,1,1,26177
P007,Dell,Dell XPS 13,Laptop,120000,42,Premium,3,0,105916
P004,Sony,PlayStation 5,Gaming Console,55000,80,Premium,2,1,48009
P002,Samsung,Samsung Galaxy S25 Ultra,Smartphone,95000,32,New,2,1,83114
P010,ASUS,ASUS ROG Zephyrus G16,Laptop,160000,61,New,3,1,134604
P008,Canon,Canon EOS R50,Camera,75000,32,Returning,3,1,63310
P002,Samsung,Samsung Galaxy S25 Ultra,Smartphone,95000,8,Premium,2,1,83650
P006,Apple,Apple Watch Series 10,Smartwatch,50000,57,Returning,1,1,44137
P002,Samsung,Samsung Galaxy S25 Ultra,Smartphone,95000,42,Premium,2,0,83044
P003,Apple,MacBook Air M4,Laptop,110000,76,Returning,3,0,100175
P002,Samsung,Samsung Galaxy S25 Ultra,Smartphone,95000,57,New,2,1,82720
P009,Apple,iPad Air M3,Tablet,65000,38,Premium,1,0,59440
P002,Samsung,Samsung Galaxy S25 Ultra,Smartphone,95000,90,Premium,3,1,78380
P006,Apple,Apple Watch Series 10,Smartwatch,50000,99,Returning,3,0,43188
P006,Apple,Apple Watch Series 10,Smartwatch,50000,60,New,2,1,44341
P004,Sony,PlayStation 5,Gaming Console,55000,87,Premium,2,1,47418
P001,Apple,iPhone 16,Smartphone,80000,18,New,3,1,75137
P007,Dell,Dell XPS 13,Laptop,120000,63,New,3,0,108434
P009,Apple,iPad Air M3,Tablet,65000,48,New,3,1,57382
P009,Apple,iPad Air M3,Tablet,65000,42,Premium,2,1,57288
P006,Apple,Apple Watch Series 10,Smartwatch,50000,82,New,3,0,44078
P002,Samsung,Samsung Galaxy S25 Ultra,Smartphone,95000,72,New,3,0,83917
P009,Apple,iPad Air M3,Tablet,65000,12,Premium,2,0,60719
P002,Samsung,Samsung Galaxy S25 Ultra,Smartphone,95000,99,Premium,2,1,78826
P008,Canon,Canon EOS R50,Camera,75000,95,New,3,1,62574
P003,Apple,MacBook Air M4,Laptop,110000,83,Premium,2,1,95740
P007,Dell,Dell XPS 13,Laptop,120000,3,Returning,3,1,107506
P010,ASUS,ASUS ROG Zephyrus G16,Laptop,160000,50,New,1,0,140630
P007,Dell,Dell XPS 13,Laptop,120000,20,Returning,1,1,106845
P008,Canon,Canon EOS R50,Camera,75000,84,Premium,1,1,63414
P010,ASUS,ASUS ROG Zephyrus G16,Laptop,160000,20,New,1,0,140615
P003,Apple,MacBook Air M4,Laptop,110000,13,New,3,0,104798
P003,Apple,MacBook Air M4,Laptop,110000,70,Returning,1,1,100491
P006,Apple,Apple Watch Series 10,Smartwatch,50000,30,Premium,1,0,44810
P003,Apple,MacBook Air M4,Laptop,110000,55,Returning,1,0,102590
P006,Apple,Apple Watch Series 10,Smartwatch,50000,4,New,2,0,47354
P007,Dell,Dell XPS 13,Laptop,120000,4,Returning,3,0,110289
P001,Apple,iPhone 16,Smartphone,80000,58,Returning,2,0,74110
P007,Dell,Dell XPS 13,Laptop,120000,76,New,1,0,110418
P010,ASUS,ASUS ROG Zephyrus G16,Laptop,160000,93,Premium,1,0,134674
P004,Sony,PlayStation 5,Gaming Console,55000,16,Returning,3,1,50317
P006,Apple,Apple Watch Series 10,Smartwatch,50000,54,New,1,0,46318
P009,Apple,iPad Air M3,Tablet,65000,47,Returning,2,0,59617
P008,Canon,Canon EOS R50,Camera,75000,3,New,2,1,67409
P002,Samsung,Samsung Galaxy S25 Ultra,Smartphone,95000,46,Returning,2,0,83544
P005,Sony,Sony WH-1000XM6,Headphones,32000,30,Premium,1,1,26316
P008,Canon,Canon EOS R50,Camera,75000,3,Returning,3,1,65546
P003,Apple,MacBook Air M4,Laptop,110000,32,New,3,0,100831
P009,Apple,iPad Air M3,Tablet,65000,20,New,3,1,58130
P001,Apple,iPhone 16,Smartphone,80000,8,Premium,1,1,75080
P010,ASUS,ASUS ROG Zephyrus G16,Laptop,160000,54,New,2,0,138878
P009,Apple,iPad Air M3,Tablet,65000,20,Premium,3,0,57723
P002,Samsung,Samsung Galaxy S25 Ultra,Smartphone,95000,21,New,2,0,84363
P007,Dell,Dell XPS 13,Laptop,120000,81,Returning,2,1,102729
P001,Apple,iPhone 16,Smartphone,80000,43,New,2,0,75452
P003,Apple,MacBook Air M4,Laptop,110000,53,New,3,1,99280
P010,ASUS,ASUS ROG Zephyrus G16,Laptop,160000,93,Premium,1,0,134002
P001,Apple,iPhone 16,Smartphone,80000,45,New,1,1,73967
P002,Samsung,Samsung Galaxy S25 Ultra,Smartphone,95000,61,Returning,2,1,81337
P010,ASUS,ASUS ROG Zephyrus G16,Laptop,160000,82,New,2,1,132780
P005,Sony,Sony WH-1000XM6,Headphones,32000,17,Returning,3,1,27039
P010,ASUS,ASUS ROG Zephyrus G16,Laptop,160000,86,Premium,1,1,131204
P010,ASUS,ASUS ROG Zephyrus G16,Laptop,160000,26,New,1,0,141124
P003,Apple,MacBook Air M4,Laptop,110000,29,Premium,1,0,101434
P007,Dell,Dell XPS 13,Laptop,120000,37,Premium,1,0,107731
P005,Sony,Sony WH-1000XM6,Headphones,32000,24,Premium,3,1,25116
P008,Canon,Canon EOS R50,Camera,75000,86,Premium,3,1,61778
P003,Apple,MacBook Air M4,Laptop,110000,42,Returning,2,0,101293
P001,Apple,iPhone 16,Smartphone,80000,96,Returning,3,0,72313
P004,Sony,PlayStation 5,Gaming Console,55000,24,New,1,0,51505
P004,Sony,PlayStation 5,Gaming Console,55000,21,Returning,2,0,50135
P008,Canon,Canon EOS R50,Camera,75000,62,Returning,1,1,65212
P004,Sony,PlayStation 5,Gaming Console,55000,59,Premium,2,1,48020
P005,Sony,Sony WH-1000XM6,Headphones,32000,84,Premium,2,1,25373
P003,Apple,MacBook Air M4,Laptop,110000,33,Returning,2,1,99179
P002,Samsung,Samsung Galaxy S25 Ultra,Smartphone,95000,86,Returning,3,1,78414
P006,Apple,Apple Watch Series 10,Smartwatch,50000,55,Premium,1,0,44596
P004,Sony,PlayStation 5,Gaming Console,55000,59,New,1,1,49679
P006,Apple,Apple Watch Series 10,Smartwatch,50000,40,Returning,2,0,45489
P009,Apple,iPad Air M3,Tablet,65000,24,Returning,3,0,58145
P004,Sony,PlayStation 5,Gaming Console,55000,100,New,1,1,48988
P010,ASUS,ASUS ROG Zephyrus G16,Laptop,160000,100,New,3,0,134719
P009,Apple,iPad Air M3,Tablet,65000,47,Premium,1,0,59033
P003,Apple,MacBook Air M4,Laptop,110000,13,Premium,1,0,104863
P003,Apple,MacBook Air M4,Laptop,110000,70,Premium,2,0,99885
P001,Apple,iPhone 16,Smartphone,80000,52,Returning,2,1,73215
P008,Canon,Canon EOS R50,Camera,75000,60,Returning,1,1,64750
P002,Samsung,Samsung Galaxy S25 Ultra,Smartphone,95000,33,Premium,3,1,79513
P010,ASUS,ASUS ROG Zephyrus G16,Laptop,160000,77,New,1,1,137243
P003,Apple,MacBook Air M4,Laptop,110000,62,New,1,1,101505
P003,Apple,MacBook Air M4,Laptop,110000,83,Returning,2,0,98754
P006,Apple,Apple Watch Series 10,Smartwatch,50000,10,New,2,0,47414
P007,Dell,Dell XPS 13,Laptop,120000,16,Premium,3,0,108910
P008,Canon,Canon EOS R50,Camera,75000,19,Premium,2,1,65511
P002,Samsung,Samsung Galaxy S25 Ultra,Smartphone,95000,67,Returning,3,0,82940
P010,ASUS,ASUS ROG Zephyrus G16,Laptop,160000,61,New,3,1,134205
P002,Samsung,Samsung Galaxy S25 Ultra,Smartphone,95000,70,Premium,3,1,79457
P002,Samsung,Samsung Galaxy S25 Ultra,Smartphone,95000,97,Premium,2,1,79322
P001,Apple,iPhone 16,Smartphone,80000,49,Returning,1,1,73536
P010,ASUS,ASUS ROG Zephyrus G16,Laptop,160000,22,Premium,3,1,131476
P005,Sony,Sony WH-1000XM6,Headphones,32000,29,Premium,1,0,26809
P010,ASUS,ASUS ROG Zephyrus G16,Laptop,160000,77,Returning,1,1,136356
P007,Dell,Dell XPS 13,Laptop,120000,54,New,3,0,108385
P005,Sony,Sony WH-1000XM6,Headphones,32000,93,Premium,2,1,25115
P009,Apple,iPad Air M3,Tablet,65000,43,Returning,3,1,57065
P002,Samsung,Samsung Galaxy S25 Ultra,Smartphone,95000,2,New,3,1,84298
P010,ASUS,ASUS ROG Zephyrus G16,Laptop,160000,64,New,3,1,134581
P005,Sony,Sony WH-1000XM6,Headphones,32000,14,Premium,2,1,26681
P009,Apple,iPad Air M3,Tablet,65000,86,Returning,1,0,58604
P002,Samsung,Samsung Galaxy S25 Ultra,Smartphone,95000,74,New,1,0,85369
P010,ASUS,ASUS ROG Zephyrus G16,Laptop,160000,87,Premium,3,1,128334
P007,Dell,Dell XPS 13,Laptop,120000,92,Premium,1,1,103362
P008,Canon,Canon EOS R50,Camera,75000,59,Premium,3,0,64962
P007,Dell,Dell XPS 13,Laptop,120000,81,Premium,2,0,104121
P010,ASUS,ASUS ROG Zephyrus G16,Laptop,160000,24,New,3,1,134001
P005,Sony,Sony WH-1000XM6,Headphones,32000,53,New,3,1,26289
P005,Sony,Sony WH-1000XM6,Headphones,32000,46,Premium,2,1,26096
P004,Sony,PlayStation 5,Gaming Console,55000,36,Returning,1,1,49469
P005,Sony,Sony WH-1000XM6,Headphones,32000,99,New,1,1,26178
P007,Dell,Dell XPS 13,Laptop,120000,97,Returning,1,1,104777
P002,Samsung,Samsung Galaxy S25 Ultra,Smartphone,95000,43,Returning,3,0,82474
P005,Sony,Sony WH-1000XM6,Headphones,32000,13,Premium,1,1,26700
P010,ASUS,ASUS ROG Zephyrus G16,Laptop,160000,64,Premium,1,1,134107
P005,Sony,Sony WH-1000XM6,Headphones,32000,91,Returning,2,1,25605
P008,Canon,Canon EOS R50,Camera,75000,47,New,1,1,65516
P002,Samsung,Samsung Galaxy S25 Ultra,Smartphone,95000,25,Premium,2,1,81024
P009,Apple,iPad Air M3,Tablet,65000,69,New,2,0,59503
P002,Samsung,Samsung Galaxy S25 Ultra,Smartphone,95000,12,Premium,3,1,83022
P005,Sony,Sony WH-1000XM6,Headphones,32000,19,Premium,2,1,26466
P003,Apple,MacBook Air M4,Laptop,110000,50,New,3,1,99128
P010,ASUS,ASUS ROG Zephyrus G16,Laptop,160000,11,Returning,1,1,141145
P001,Apple,iPhone 16,Smartphone,80000,32,Premium,1,1,72326
P008,Canon,Canon EOS R50,Camera,75000,29,Premium,1,0,66396
P004,Sony,PlayStation 5,Gaming Console,55000,57,Premium,1,0,49562
P005,Sony,Sony WH-1000XM6,Headphones,32000,32,New,3,1,26278
P008,Canon,Canon EOS R50,Camera,75000,54,Premium,3,0,64422
P003,Apple,MacBook Air M4,Laptop,110000,67,Premium,2,1,98164
P005,Sony,Sony WH-1000XM6,Headphones,32000,91,Returning,2,1,25159
P006,Apple,Apple Watch Series 10,Smartwatch,50000,31,Returning,3,1,43078
P003,Apple,MacBook Air M4,Laptop,110000,42,Premium,1,0,100798
P009,Apple,iPad Air M3,Tablet,65000,91,Returning,3,1,55507
P010,ASUS,ASUS ROG Zephyrus G16,Laptop,160000,30,Premium,2,0,135976
P005,Sony,Sony WH-1000XM6,Headphones,32000,74,New,2,1,26249
P010,ASUS,ASUS ROG Zephyrus G16,Laptop,160000,56,New,1,0,140873
P008,Canon,Canon EOS R50,Camera,75000,72,Premium,1,1,64488
P003,Apple,MacBook Air M4,Laptop,110000,9,Premium,2,0,103877
P005,Sony,Sony WH-1000XM6,Headphones,32000,73,Returning,3,0,26470
P010,ASUS,ASUS ROG Zephyrus G16,Laptop,160000,63,Returning,3,0,135905
P004,Sony,PlayStation 5,Gaming Console,55000,85,Returning,2,1,47688
P004,Sony,PlayStation 5,Gaming Console,55000,73,Premium,2,0,49784
P009,Apple,iPad Air M3,Tablet,65000,88,Premium,2,0,57694
P010,ASUS,ASUS ROG Zephyrus G16,Laptop,160000,7,Premium,2,0,141093
P002,Samsung,Samsung Galaxy S25 Ultra,Smartphone,95000,79,New,3,1,81947
P003,Apple,MacBook Air M4,Laptop,110000,94,New,1,0,101555
P003,Apple,MacBook Air M4,Laptop,110000,4,Premium,2,0,103239
P002,Samsung,Samsung Galaxy S25 Ultra,Smartphone,95000,13,Returning,3,1,83924
P007,Dell,Dell XPS 13,Laptop,120000,49,Premium,2,0,107167
P006,Apple,Apple Watch Series 10,Smartwatch,50000,24,New,2,1,44181
P007,Dell,Dell XPS 13,Laptop,120000,33,Returning,1,0,108966
P007,Dell,Dell XPS 13,Laptop,120000,26,New,2,0,109047
P008,Canon,Canon EOS R50,Camera,75000,97,New,3,1,62520
P010,ASUS,ASUS ROG Zephyrus G16,Laptop,160000,8,Premium,1,1,138797
P003,Apple,MacBook Air M4,Laptop,110000,1,Premium,1,0,104334
P007,Dell,Dell XPS 13,Laptop,120000,40,New,3,1,105979
P002,Samsung,Samsung Galaxy S25 Ultra,Smartphone,95000,23,New,3,1,81386
P009,Apple,iPad Air M3,Tablet,65000,28,Returning,1,0,59914
P006,Apple,Apple Watch Series 10,Smartwatch,50000,74,New,2,0,45519
P003,Apple,MacBook Air M4,Laptop,110000,57,New,3,0,101657
P009,Apple,iPad Air M3,Tablet,65000,16,Returning,2,0,60957
P003,Apple,MacBook Air M4,Laptop,110000,76,Premium,1,0,101209
P004,Sony,PlayStation 5,Gaming Console,55000,78,New,3,1,49410
P008,Canon,Canon EOS R50,Camera,75000,85,Premium,2,1,62716
P002,Samsung,Samsung Galaxy S25 Ultra,Smartphone,95000,86,Premium,1,1,79552
P006,Apple,Apple Watch Series 10,Smartwatch,50000,19,New,2,0,47313
P007,Dell,Dell XPS 13,Laptop,120000,6,Returning,1,1,110730
P010,ASUS,ASUS ROG Zephyrus G16,Laptop,160000,13,Premium,1,1,139633
P009,Apple,iPad Air M3,Tablet,65000,73,Premium,3,1,56825
P009,Apple,iPad Air M3,Tablet,65000,83,New,2,1,56838
P008,Canon,Canon EOS R50,Camera,75000,98,New,2,1,63663
P007,Dell,Dell XPS 13,Laptop,120000,49,New,2,0,109203
P002,Samsung,Samsung Galaxy S25 Ultra,Smartphone,95000,42,Premium,2,1,80563
P008,Canon,Canon EOS R50,Camera,75000,99,Returning,3,0,63790
P001,Apple,iPhone 16,Smartphone,80000,25,New,2,0,75356
P006,Apple,Apple Watch Series 10,Smartwatch,50000,95,New,3,0,43548
P005,Sony,Sony WH-1000XM6,Headphones,32000,50,New,2,0,27223
P007,Dell,Dell XPS 13,Laptop,120000,95,Premium,3,0,103220
P006,Apple,Apple Watch Series 10,Smartwatch,50000,88,Premium,1,0,43601
P008,Canon,Canon EOS R50,Camera,75000,24,New,3,1,64074
P004,Sony,PlayStation 5,Gaming Console,55000,64,New,3,0,49596
P007,Dell,Dell XPS 13,Laptop,120000,27,Premium,1,1,105104
P004,Sony,PlayStation 5,Gaming Console,55000,85,Returning,1,1,48746
P004,Sony,PlayStation 5,Gaming Console,55000,48,Returning,1,0,50245
P010,ASUS,ASUS ROG Zephyrus G16,Laptop,160000,32,Premium,3,1,131603
P007,Dell,Dell XPS 13,Laptop,120000,88,Premium,3,1,100509
P005,Sony,Sony WH-1000XM6,Headphones,32000,53,Premium,1,1,26263
P007,Dell,Dell XPS 13,Laptop,120000,49,Returning,1,1,106559
P010,ASUS,ASUS ROG Zephyrus G16,Laptop,160000,2,Premium,3,1,135542
P008,Canon,Canon EOS R50,Camera,75000,17,Premium,3,0,66322
P002,Samsung,Samsung Galaxy S25 Ultra,Smartphone,95000,15,New,2,0,87087
P009,Apple,iPad Air M3,Tablet,65000,42,New,3,1,58328
P007,Dell,Dell XPS 13,Laptop,120000,37,Premium,2,1,104776
P010,ASUS,ASUS ROG Zephyrus G16,Laptop,160000,34,New,1,1,137942
P004,Sony,PlayStation 5,Gaming Console,55000,12,Premium,2,0,50780
P009,Apple,iPad Air M3,Tablet,65000,5,Returning,2,0,60714
P004,Sony,PlayStation 5,Gaming Console,55000,5,Returning,1,0,52530
P002,Samsung,Samsung Galaxy S25 Ultra,Smartphone,95000,31,Returning,3,1,80698
P003,Apple,MacBook Air M4,Laptop,110000,57,Premium,1,0,101486
P004,Sony,PlayStation 5,Gaming Console,55000,93,Returning,1,0,49971
P003,Apple,MacBook Air M4,Laptop,110000,44,Returning,1,1,100073
P004,Sony,PlayStation 5,Gaming Console,55000,83,New,2,1,48056
P005,Sony,Sony WH-1000XM6,Headphones,32000,65,New,1,0,27342
P004,Sony,PlayStation 5,Gaming Console,55000,43,Premium,3,1,47375
P008,Canon,Canon EOS R50,Camera,75000,9,New,3,1,66820
P003,Apple,MacBook Air M4,Laptop,110000,19,Premium,2,0,103014
P002,Samsung,Samsung Galaxy S25 Ultra,Smartphone,95000,53,Premium,3,0,81833
P003,Apple,MacBook Air M4,Laptop,110000,93,Returning,2,0,98646
P002,Samsung,Samsung Galaxy S25 Ultra,Smartphone,95000,88,New,1,1,81203
P010,ASUS,ASUS ROG Zephyrus G16,Laptop,160000,8,Returning,3,0,141177
P004,Sony,PlayStation 5,Gaming Console,55000,98,Premium,1,0,48470
P008,Canon,Canon EOS R50,Camera,75000,74,Premium,2,1,63952
P010,ASUS,ASUS ROG Zephyrus G16,Laptop,160000,50,Returning,3,0,136199
P008,Canon,Canon EOS R50,Camera,75000,79,Returning,2,1,64490
P003,Apple,MacBook Air M4,Laptop,110000,59,Premium,2,0,99747
P005,Sony,Sony WH-1000XM6,Headphones,32000,82,Premium,1,1,25043
P003,Apple,MacBook Air M4,Laptop,110000,48,Premium,1,1,99324
P005,Sony,Sony WH-1000XM6,Headphones,32000,19,New,2,1,27427
P009,Apple,iPad Air M3,Tablet,65000,30,Returning,1,1,58213
P007,Dell,Dell XPS 13,Laptop,120000,54,Returning,2,1,105554
P007,Dell,Dell XPS 13,Laptop,120000,60,Returning,2,1,105781
P007,Dell,Dell XPS 13,Laptop,120000,18,Premium,3,0,108951
P004,Sony,PlayStation 5,Gaming Console,55000,92,New,3,0,49420
P010,ASUS,ASUS ROG Zephyrus G16,Laptop,160000,47,Returning,3,1,132683
P005,Sony,Sony WH-1000XM6,Headphones,32000,28,Returning,1,1,25851
P009,Apple,iPad Air M3,Tablet,65000,84,Returning,2,1,56102
P004,Sony,PlayStation 5,Gaming Console,55000,28,Returning,3,0,49675
P007,Dell,Dell XPS 13,Laptop,120000,67,Returning,1,1,106324
P004,Sony,PlayStation 5,Gaming Console,55000,50,Premium,3,0,48729
P010,ASUS,ASUS ROG Zephyrus G16,Laptop,160000,99,New,3,1,131288
P004,Sony,PlayStation 5,Gaming Console,55000,20,Returning,2,1,48701
P003,Apple,MacBook Air M4,Laptop,110000,98,Returning,2,0,99192
P002,Samsung,Samsung Galaxy S25 Ultra,Smartphone,95000,9,New,1,0,88792
P001,Apple,iPhone 16,Smartphone,80000,43,New,2,1,73307
P003,Apple,MacBook Air M4,Laptop,110000,28,Returning,1,1,100238
P006,Apple,Apple Watch Series 10,Smartwatch,50000,75,Returning,2,1,44220
P003,Apple,MacBook Air M4,Laptop,110000,38,Returning,1,0,102722
P003,Apple,MacBook Air M4,Laptop,110000,21,Returning,1,1,99762
P009,Apple,iPad Air M3,Tablet,65000,71,Premium,2,1,57406
P004,Sony,PlayStation 5,Gaming Console,55000,15,Premium,1,1,50199
P001,Apple,iPhone 16,Smartphone,80000,18,Returning,2,1,75188
P003,Apple,MacBook Air M4,Laptop,110000,99,New,3,1,97253
P008,Canon,Canon EOS R50,Camera,75000,75,Premium,1,1,64915
P001,Apple,iPhone 16,Smartphone,80000,63,Premium,3,1,71606
P006,Apple,Apple Watch Series 10,Smartwatch,50000,11,Returning,1,0,46638
P010,ASUS,ASUS ROG Zephyrus G16,Laptop,160000,39,Premium,2,0,135613
P004,Sony,PlayStation 5,Gaming Console,55000,82,Returning,2,0,48813
P010,ASUS,ASUS ROG Zephyrus G16,Laptop,160000,64,New,3,1,134073
P006,Apple,Apple Watch Series 10,Smartwatch,50000,33,New,3,1,44032
P001,Apple,iPhone 16,Smartphone,80000,63,Returning,1,0,75364
P004,Sony,PlayStation 5,Gaming Console,55000,90,Returning,2,1,47793
P006,Apple,Apple Watch Series 10,Smartwatch,50000,6,Returning,3,1,45175
P002,Samsung,Samsung Galaxy S25 Ultra,Smartphone,95000,43,Premium,1,0,83992
P010,ASUS,ASUS ROG Zephyrus G16,Laptop,160000,2,Premium,3,0,139009
P007,Dell,Dell XPS 13,Laptop,120000,26,Returning,2,1,105136
P005,Sony,Sony WH-1000XM6,Headphones,32000,90,Returning,2,1,25602
P009,Apple,iPad Air M3,Tablet,65000,55,Returning,3,1,56835
P006,Apple,Apple Watch Series 10,Smartwatch,50000,93,Returning,3,0,43500
P005,Sony,Sony WH-1000XM6,Headphones,32000,35,New,2,0,27204
P006,Apple,Apple Watch Series 10,Smartwatch,50000,66,New,1,0,46325
P002,Samsung,Samsung Galaxy S25 Ultra,Smartphone,95000,32,New,1,1,83166
P003,Apple,MacBook Air M4,Laptop,110000,74,New,1,0,102909
P001,Apple,iPhone 16,Smartphone,80000,95,Returning,3,0,71659
P010,ASUS,ASUS ROG Zephyrus G16,Laptop,160000,81,Returning,3,1,129904
P002,Samsung,Samsung Galaxy S25 Ultra,Smartphone,95000,79,New,1,0,85204
P002,Samsung,Samsung Galaxy S25 Ultra,Smartphone,95000,24,New,3,0,83103
P007,Dell,Dell XPS 13,Laptop,120000,88,New,1,0,108234
P002,Samsung,Samsung Galaxy S25 Ultra,Smartphone,95000,50,Returning,3,0,82637
P004,Sony,PlayStation 5,Gaming Console,55000,91,Returning,3,0,48380
P005,Sony,Sony WH-1000XM6,Headphones,32000,94,Premium,3,0,25233
P003,Apple,MacBook Air M4,Laptop,110000,65,New,1,0,103897
P004,Sony,PlayStation 5,Gaming Console,55000,34,New,3,0,50266
P002,Samsung,Samsung Galaxy S25 Ultra,Smartphone,95000,90,New,1,0,83968
P006,Apple,Apple Watch Series 10,Smartwatch,50000,97,New,1,1,44150
P010,ASUS,ASUS ROG Zephyrus G16,Laptop,160000,38,Premium,2,1,132523
P007,Dell,Dell XPS 13,Laptop,120000,33,Returning,3,0,106843
P001,Apple,iPhone 16,Smartphone,80000,84,Premium,2,1,70672
P003,Apple,MacBook Air M4,Laptop,110000,9,New,1,1,104352
P001,Apple,iPhone 16,Smartphone,80000,80,Returning,1,1,73112
P002,Samsung,Samsung Galaxy S25 Ultra,Smartphone,95000,41,Premium,2,0,82732
P005,Sony,Sony WH-1000XM6,Headphones,32000,94,Returning,2,1,25540
P008,Canon,Canon EOS R50,Camera,75000,48,Returning,2,1,64320
P009,Apple,iPad Air M3,Tablet,65000,96,New,1,0,58693
P006,Apple,Apple Watch Series 10,Smartwatch,50000,53,Returning,2,1,44445
P007,Dell,Dell XPS 13,Laptop,120000,60,Returning,2,0,107645
P007,Dell,Dell XPS 13,Laptop,120000,54,New,1,1,107890
P003,Apple,MacBook Air M4,Laptop,110000,52,Returning,1,1,100410
P003,Apple,MacBook Air M4,Laptop,110000,20,Premium,1,0,100797
P001,Apple,iPhone 16,Smartphone,80000,51,Returning,1,1,73445
P004,Sony,PlayStation 5,Gaming Console,55000,3,Returning,2,0,51510
P009,Apple,iPad Air M3,Tablet,65000,36,New,1,1,59271
P008,Canon,Canon EOS R50,Camera,75000,56,Returning,1,1,65742
P001,Apple,iPhone 16,Smartphone,80000,46,New,1,1,74622
P008,Canon,Canon EOS R50,Camera,75000,78,Returning,1,0,66781
P008,Canon,Canon EOS R50,Camera,75000,28,Returning,2,0,66479
P005,Sony,Sony WH-1000XM6,Headphones,32000,81,New,2,1,25800
P010,ASUS,ASUS ROG Zephyrus G16,Laptop,160000,55,Premium,1,0,137642
P005,Sony,Sony WH-1000XM6,Headphones,32000,44,Premium,2,0,26118
P010,ASUS,ASUS ROG Zephyrus G16,Laptop,160000,61,New,1,1,137478
P007,Dell,Dell XPS 13,Laptop,120000,32,New,2,0,109631
P006,Apple,Apple Watch Series 10,Smartwatch,50000,82,Returning,2,1,43091
P006,Apple,Apple Watch Series 10,Smartwatch,50000,90,New,1,1,44300
P010,ASUS,ASUS ROG Zephyrus G16,Laptop,160000,30,Premium,3,0,134732
P004,Sony,PlayStation 5,Gaming Console,55000,63,Premium,2,0,49320
P009,Apple,iPad Air M3,Tablet,65000,13,Returning,1,1,60033
P009,Apple,iPad Air M3,Tablet,65000,63,Returning,3,1,56768
P008,Canon,Canon EOS R50,Camera,75000,50,New,2,0,66622
P001,Apple,iPhone 16,Smartphone,80000,61,New,1,0,75835
P006,Apple,Apple Watch Series 10,Smartwatch,50000,80,Returning,3,0,44802
P005,Sony,Sony WH-1000XM6,Headphones,32000,41,Returning,2,0,26903
P004,Sony,PlayStation 5,Gaming Console,55000,77,Premium,1,1,49201
P001,Apple,iPhone 16,Smartphone,80000,95,New,3,1,70954
P007,Dell,Dell XPS 13,Laptop,120000,55,Premium,1,1,105367
P004,Sony,PlayStation 5,Gaming Console,55000,19,Returning,1,0,52417
P007,Dell,Dell XPS 13,Laptop,120000,11,Returning,2,0,111557
P007,Dell,Dell XPS 13,Laptop,120000,72,New,3,1,105876
P006,Apple,Apple Watch Series 10,Smartwatch,50000,14,Returning,2,1,45202
P010,ASUS,ASUS ROG Zephyrus G16,Laptop,160000,59,Returning,1,0,139030
P001,Apple,iPhone 16,Smartphone,80000,16,New,2,1,75877
P003,Apple,MacBook Air M4,Laptop,110000,41,Premium,2,0,100243
P007,Dell,Dell XPS 13,Laptop,120000,83,Returning,2,0,105434
P010,ASUS,ASUS ROG Zephyrus G16,Laptop,160000,98,New,3,1,131031
P010,ASUS,ASUS ROG Zephyrus G16,Laptop,160000,97,Premium,1,0,134640
P003,Apple,MacBook Air M4,Laptop,110000,64,New,1,0,103055
P002,Samsung,Samsung Galaxy S25 Ultra,Smartphone,95000,67,New,3,0,83194
P006,Apple,Apple Watch Series 10,Smartwatch,50000,46,Returning,1,1,44351
P002,Samsung,Samsung Galaxy S25 Ultra,Smartphone,95000,64,Returning,3,0,82687
P007,Dell,Dell XPS 13,Laptop,120000,83,Returning,3,0,104461
P002,Samsung,Samsung Galaxy S25 Ultra,Smartphone,95000,27,Returning,1,0,84831
P005,Sony,Sony WH-1000XM6,Headphones,32000,30,New,1,0,26753
P004,Sony,PlayStation 5,Gaming Console,55000,62,New,1,0,51426
P004,Sony,PlayStation 5,Gaming Console,55000,20,New,3,1,48780
P007,Dell,Dell XPS 13,Laptop,120000,97,Premium,3,1,100319
P009,Apple,iPad Air M3,Tablet,65000,98,Returning,2,0,58035
P007,Dell,Dell XPS 13,Laptop,120000,71,New,1,0,110503
P001,Apple,iPhone 16,Smartphone,80000,27,New,3,1,72307
P006,Apple,Apple Watch Series 10,Smartwatch,50000,90,New,3,1,43021
P003,Apple,MacBook Air M4,Laptop,110000,51,New,1,0,103837
P010,ASUS,ASUS ROG Zephyrus G16,Laptop,160000,37,Returning,3,1,132823
P007,Dell,Dell XPS 13,Laptop,120000,21,New,3,1,105442
P004,Sony,PlayStation 5,Gaming Console,55000,42,Returning,2,0,50216
P005,Sony,Sony WH-1000XM6,Headphones,32000,58,New,2,1,25949
P003,Apple,MacBook Air M4,Laptop,110000,15,New,2,0,105860
P004,Sony,PlayStation 5,Gaming Console,55000,26,Premium,3,1,48202
P004,Sony,PlayStation 5,Gaming Console,55000,76,Returning,2,1,48505
P004,Sony,PlayStation 5,Gaming Console,55000,73,Returning,1,0,50417
P001,Apple,iPhone 16,Smartphone,80000,28,New,2,0,75211
P007,Dell,Dell XPS 13,Laptop,120000,93,Returning,2,1,103316
P003,Apple,MacBook Air M4,Laptop,110000,63,Returning,3,1,98214
P004,Sony,PlayStation 5,Gaming Console,55000,10,Premium,1,0,52073
P001,Apple,iPhone 16,Smartphone,80000,80,New,1,1,74852
P001,Apple,iPhone 16,Smartphone,80000,39,Returning,2,0,73999
P001,Apple,iPhone 16,Smartphone,80000,48,New,3,0,74894
P007,Dell,Dell XPS 13,Laptop,120000,95,Returning,1,1,104327
P001,Apple,iPhone 16,Smartphone,80000,39,New,1,1,74045
P005,Sony,Sony WH-1000XM6,Headphones,32000,59,New,1,0,27601
P008,Canon,Canon EOS R50,Camera,75000,23,New,1,0,67742
P004,Sony,PlayStation 5,Gaming Console,55000,59,Premium,3,1,47626
P001,Apple,iPhone 16,Smartphone,80000,90,Premium,2,0,72248
P003,Apple,MacBook Air M4,Laptop,110000,28,New,2,1,99630
P001,Apple,iPhone 16,Smartphone,80000,64,Returning,2,1,72479
P001,Apple,iPhone 16,Smartphone,80000,74,New,3,0,74882
P005,Sony,Sony WH-1000XM6,Headphones,32000,91,Returning,3,1,24667
P005,Sony,Sony WH-1000XM6,Headphones,32000,4,Premium,2,0,26940
P008,Canon,Canon EOS R50,Camera,75000,1,Premium,1,1,66822
P008,Canon,Canon EOS R50,Camera,75000,30,Premium,3,0,64293
P006,Apple,Apple Watch Series 10,Smartwatch,50000,12,Premium,2,1,45340
P008,Canon,Canon EOS R50,Camera,75000,70,New,2,1,65493
P009,Apple,iPad Air M3,Tablet,65000,70,New,2,1,58416
P003,Apple,MacBook Air M4,Laptop,110000,75,Returning,2,1,98855
P005,Sony,Sony WH-1000XM6,Headphones,32000,19,Premium,2,1,26428
P007,Dell,Dell XPS 13,Laptop,120000,12,Premium,2,0,110240
P006,Apple,Apple Watch Series 10,Smartwatch,50000,83,Returning,2,0,44411
P001,Apple,iPhone 16,Smartphone,80000,44,Premium,3,0,72913
P006,Apple,Apple Watch Series 10,Smartwatch,50000,70,Premium,3,0,44371
P010,ASUS,ASUS ROG Zephyrus G16,Laptop,160000,18,New,3,1,138783
P007,Dell,Dell XPS 13,Laptop,120000,15,Premium,3,0,109232
P002,Samsung,Samsung Galaxy S25 Ultra,Smartphone,95000,74,New,2,0,84807
P004,Sony,PlayStation 5,Gaming Console,55000,88,Premium,2,1,46919
P006,Apple,Apple Watch Series 10,Smartwatch,50000,94,Returning,3,1,42535
P007,Dell,Dell XPS 13,Laptop,120000,29,Premium,2,1,104604
P002,Samsung,Samsung Galaxy S25 Ultra,Smartphone,95000,29,Premium,3,1,79459
P004,Sony,PlayStation 5,Gaming Console,55000,92,New,3,0,48957
P003,Apple,MacBook Air M4,Laptop,110000,10,Premium,2,0,103673
P007,Dell,Dell XPS 13,Laptop,120000,39,New,3,0,108474
P004,Sony,PlayStation 5,Gaming Console,55000,4,New,1,1,51323
P004,Sony,PlayStation 5,Gaming Console,55000,24,Premium,1,0,49809
P008,Canon,Canon EOS R50,Camera,75000,16,Returning,2,1,66260
P010,ASUS,ASUS ROG Zephyrus G16,Laptop,160000,39,Returning,2,1,134113
P005,Sony,Sony WH-1000XM6,Headphones,32000,55,Premium,3,1,25430
P010,ASUS,ASUS ROG Zephyrus G16,Laptop,160000,76,New,3,1,134900
P001,Apple,iPhone 16,Smartphone,80000,64,Returning,2,0,74161
P008,Canon,Canon EOS R50,Camera,75000,50,Premium,1,1,64705
P010,ASUS,ASUS ROG Zephyrus G16,Laptop,160000,80,Returning,3,1,132327
P007,Dell,Dell XPS 13,Laptop,120000,5,Returning,1,1,110158
P009,Apple,iPad Air M3,Tablet,65000,12,New,1,0,62365
P007,Dell,Dell XPS 13,Laptop,120000,96,Returning,1,1,103935
P006,Apple,Apple Watch Series 10,Smartwatch,50000,40,Premium,3,1,42721
P010,ASUS,ASUS ROG Zephyrus G16,Laptop,160000,53,New,1,0,140907
P001,Apple,iPhone 16,Smartphone,80000,65,Returning,1,0,75174
P005,Sony,Sony WH-1000XM6,Headphones,32000,90,Premium,2,0,25359
P010,ASUS,ASUS ROG Zephyrus G16,Laptop,160000,16,Premium,3,1,135678
P008,Canon,Canon EOS R50,Camera,75000,38,New,1,1,66115
P006,Apple,Apple Watch Series 10,Smartwatch,50000,55,New,3,0,45491
P002,Samsung,Samsung Galaxy S25 Ultra,Smartphone,95000,26,Returning,2,0,83105
P007,Dell,Dell XPS 13,Laptop,120000,100,Premium,3,0,103491
P007,Dell,Dell XPS 13,Laptop,120000,6,Returning,1,0,112648
P010,ASUS,ASUS ROG Zephyrus G16,Laptop,160000,64,New,3,1,134727
P002,Samsung,Samsung Galaxy S25 Ultra,Smartphone,95000,13,New,1,0,88608
P010,ASUS,ASUS ROG Zephyrus G16,Laptop,160000,73,New,2,1,135875
P007,Dell,Dell XPS 13,Laptop,120000,3,Premium,3,1,106950
P009,Apple,iPad Air M3,Tablet,65000,14,Returning,2,0,60885
P007,Dell,Dell XPS 13,Laptop,120000,72,Premium,2,0,106366
P002,Samsung,Samsung Galaxy S25 Ultra,Smartphone,95000,34,Premium,2,1,80660
P009,Apple,iPad Air M3,Tablet,65000,32,New,1,0,60115
P002,Samsung,Samsung Galaxy S25 Ultra,Smartphone,95000,74,New,3,0,83556
P009,Apple,iPad Air M3,Tablet,65000,48,Premium,2,1,56768
P003,Apple,MacBook Air M4,Laptop,110000,75,Returning,1,0,102037
P004,Sony,PlayStation 5,Gaming Console,55000,19,Returning,1,1,50661
P006,Apple,Apple Watch Series 10,Smartwatch,50000,8,Premium,1,0,46537
P005,Sony,Sony WH-1000XM6,Headphones,32000,75,Premium,1,1,26321
P003,Apple,MacBook Air M4,Laptop,110000,41,New,2,0,101993
P008,Canon,Canon EOS R50,Camera,75000,62,Returning,1,0,66426
P007,Dell,Dell XPS 13,Laptop,120000,71,Premium,3,0,105249
P003,Apple,MacBook Air M4,Laptop,110000,66,New,1,1,101225
P002,Samsung,Samsung Galaxy S25 Ultra,Smartphone,95000,73,New,1,1,83959
P006,Apple,Apple Watch Series 10,Smartwatch,50000,29,Returning,2,0,45270
P007,Dell,Dell XPS 13,Laptop,120000,6,Returning,2,0,111297
P006,Apple,Apple Watch Series 10,Smartwatch,50000,51,Returning,3,0,44766
P003,Apple,MacBook Air M4,Laptop,110000,62,Premium,3,1,96961
P003,Apple,MacBook Air M4,Laptop,110000,31,Premium,3,1,96809
P002,Samsung,Samsung Galaxy S25 Ultra,Smartphone,95000,56,Premium,1,1,81267
P009,Apple,iPad Air M3,Tablet,65000,11,Premium,1,0,60978
P005,Sony,Sony WH-1000XM6,Headphones,32000,51,Returning,2,1,25730
P009,Apple,iPad Air M3,Tablet,65000,78,Returning,2,1,57873
P008,Canon,Canon EOS R50,Camera,75000,50,Premium,3,0,64480
P006,Apple,Apple Watch Series 10,Smartwatch,50000,12,Premium,2,1,45045
P009,Apple,iPad Air M3,Tablet,65000,79,Premium,1,1,57994
P005,Sony,Sony WH-1000XM6,Headphones,32000,35,Returning,3,0,26060
P006,Apple,Apple Watch Series 10,Smartwatch,50000,31,Premium,1,1,44495
P005,Sony,Sony WH-1000XM6,Headphones,32000,25,Returning,3,1,25385
P005,Sony,Sony WH-1000XM6,Headphones,32000,77,Returning,3,0,26526
P010,ASUS,ASUS ROG Zephyrus G16,Laptop,160000,18,Premium,2,0,141003
P006,Apple,Apple Watch Series 10,Smartwatch,50000,92,Premium,3,1,41709
P008,Canon,Canon EOS R50,Camera,75000,75,Premium,1,0,66241
P005,Sony,Sony WH-1000XM6,Headphones,32000,82,New,1,1,25607
P008,Canon,Canon EOS R50,Camera,75000,48,New,2,1,65484
P005,Sony,Sony WH-1000XM6,Headphones,32000,73,Returning,3,1,25249
P005,Sony,Sony WH-1000XM6,Headphones,32000,78,New,2,0,27369
P007,Dell,Dell XPS 13,Laptop,120000,71,Returning,1,0,108893
P005,Sony,Sony WH-1000XM6,Headphones,32000,64,Returning,3,1,25623
P010,ASUS,ASUS ROG Zephyrus G16,Laptop,160000,54,New,2,0,139137
P008,Canon,Canon EOS R50,Camera,75000,77,New,2,1,65146
P006,Apple,Apple Watch Series 10,Smartwatch,50000,16,New,1,0,47370
P001,Apple,iPhone 16,Smartphone,80000,6,New,2,0,77661
P009,Apple,iPad Air M3,Tablet,65000,35,New,1,1,58859
P001,Apple,iPhone 16,Smartphone,80000,85,Premium,1,0,72414
P006,Apple,Apple Watch Series 10,Smartwatch,50000,80,Premium,2,1,43440
P004,Sony,PlayStation 5,Gaming Console,55000,30,New,3,1,49400
P009,Apple,iPad Air M3,Tablet,65000,46,New,1,0,60516
P010,ASUS,ASUS ROG Zephyrus G16,Laptop,160000,41,New,1,1,137308
P009,Apple,iPad Air M3,Tablet,65000,79,New,1,0,60534
P010,ASUS,ASUS ROG Zephyrus G16,Laptop,160000,35,Returning,1,0,138952
P007,Dell,Dell XPS 13,Laptop,120000,29,New,2,0,109613
P003,Apple,MacBook Air M4,Laptop,110000,29,Returning,1,0,102044
P005,Sony,Sony WH-1000XM6,Headphones,32000,56,Premium,3,1,25236
P004,Sony,PlayStation 5,Gaming Console,55000,30,New,1,1,50279
P008,Canon,Canon EOS R50,Camera,75000,57,New,3,1,64871
P010,ASUS,ASUS ROG Zephyrus G16,Laptop,160000,97,Returning,1,1,132510
P008,Canon,Canon EOS R50,Camera,75000,56,Premium,2,1,63271
P008,Canon,Canon EOS R50,Camera,75000,65,Premium,2,1,63871
P004,Sony,PlayStation 5,Gaming Console,55000,48,New,3,0,50165
P007,Dell,Dell XPS 13,Laptop,120000,22,Returning,1,0,109021
P006,Apple,Apple Watch Series 10,Smartwatch,50000,52,Returning,1,1,44920
P004,Sony,PlayStation 5,Gaming Console,55000,49,Premium,2,0,49702
P010,ASUS,ASUS ROG Zephyrus G16,Laptop,160000,32,Premium,3,0,134363
P001,Apple,iPhone 16,Smartphone,80000,50,Premium,2,1,71890
P001,Apple,iPhone 16,Smartphone,80000,63,Returning,3,1,72431
P007,Dell,Dell XPS 13,Laptop,120000,12,Returning,2,1,108934
P005,Sony,Sony WH-1000XM6,Headphones,32000,47,Returning,2,0,26232
P004,Sony,PlayStation 5,Gaming Console,55000,75,Premium,3,0,49316
P001,Apple,iPhone 16,Smartphone,80000,49,Returning,1,0,74792
P003,Apple,MacBook Air M4,Laptop,110000,12,Premium,3,0,102056
P002,Samsung,Samsung Galaxy S25 Ultra,Smartphone,95000,68,Returning,2,0,83400
P003,Apple,MacBook Air M4,Laptop,110000,56,Returning,1,0,102219
P005,Sony,Sony WH-1000XM6,Headphones,32000,22,Premium,1,0,26952
P002,Samsung,Samsung Galaxy S25 Ultra,Smartphone,95000,80,New,3,0,83395
P009,Apple,iPad Air M3,Tablet,65000,61,Returning,1,0,59317
P004,Sony,PlayStation 5,Gaming Console,55000,78,Premium,1,0,50341
P002,Samsung,Samsung Galaxy S25 Ultra,Smartphone,95000,35,New,3,0,83897
P008,Canon,Canon EOS R50,Camera,75000,71,Returning,3,0,64906
P009,Apple,iPad Air M3,Tablet,65000,24,New,1,1,59525
P003,Apple,MacBook Air M4,Laptop,110000,99,Returning,3,0,97912
P009,Apple,iPad Air M3,Tablet,65000,8,Returning,1,0,61299
P008,Canon,Canon EOS R50,Camera,75000,20,New,1,1,66087
P005,Sony,Sony WH-1000XM6,Headphones,32000,60,New,2,0,27107
P002,Samsung,Samsung Galaxy S25 Ultra,Smartphone,95000,92,New,1,0,83168
P007,Dell,Dell XPS 13,Laptop,120000,18,New,2,1,110441
P008,Canon,Canon EOS R50,Camera,75000,87,Returning,3,1,62660
P009,Apple,iPad Air M3,Tablet,65000,60,Premium,3,1,56855
P010,ASUS,ASUS ROG Zephyrus G16,Laptop,160000,74,Premium,3,1,131469
P005,Sony,Sony WH-1000XM6,Headphones,32000,68,Returning,1,1,25869
P001,Apple,iPhone 16,Smartphone,80000,27,New,3,1,73162
P005,Sony,Sony WH-1000XM6,Headphones,32000,15,Premium,2,1,26444
P005,Sony,Sony WH-1000XM6,Headphones,32000,48,New,2,1,25943
P001,Apple,iPhone 16,Smartphone,80000,28,Returning,3,0,73560
P010,ASUS,ASUS ROG Zephyrus G16,Laptop,160000,98,Premium,1,1,131105
P004,Sony,PlayStation 5,Gaming Console,55000,19,New,1,1,51458
P008,Canon,Canon EOS R50,Camera,75000,52,Returning,3,1,63630
P004,Sony,PlayStation 5,Gaming Console,55000,60,New,2,0,50351
P003,Apple,MacBook Air M4,Laptop,110000,82,New,2,1,97454
P006,Apple,Apple Watch Series 10,Smartwatch,50000,60,Returning,3,1,43079
P010,ASUS,ASUS ROG Zephyrus G16,Laptop,160000,38,Returning,3,1,132341
P008,Canon,Canon EOS R50,Camera,75000,9,Returning,2,0,68067
P009,Apple,iPad Air M3,Tablet,65000,22,New,1,0,60712
P009,Apple,iPad Air M3,Tablet,65000,35,New,1,0,60595
P009,Apple,iPad Air M3,Tablet,65000,48,New,2,1,58342
P010,ASUS,ASUS ROG Zephyrus G16,Laptop,160000,59,Returning,3,1,132591
P006,Apple,Apple Watch Series 10,Smartwatch,50000,7,Premium,3,0,45904
P008,Canon,Canon EOS R50,Camera,75000,98,Returning,2,0,64682
P009,Apple,iPad Air M3,Tablet,65000,94,Premium,3,0,57041
P003,Apple,MacBook Air M4,Laptop,110000,49,Returning,3,1,98149
P005,Sony,Sony WH-1000XM6,Headphones,32000,19,New,1,0,28291
P007,Dell,Dell XPS 13,Laptop,120000,36,Returning,1,0,108745
P005,Sony,Sony WH-1000XM6,Headphones,32000,2,New,1,1,27602
P004,Sony,PlayStation 5,Gaming Console,55000,54,New,2,1,49938
P004,Sony,PlayStation 5,Gaming Console,55000,1,New,1,0,52571
P008,Canon,Canon EOS R50,Camera,75000,9,New,2,0,69447
P008,Canon,Canon EOS R50,Camera,75000,15,New,3,1,67081
P006,Apple,Apple Watch Series 10,Smartwatch,50000,79,Premium,2,1,43978
P005,Sony,Sony WH-1000XM6,Headphones,32000,74,Premium,3,1,25426
P006,Apple,Apple Watch Series 10,Smartwatch,50000,68,New,3,1,44325
P010,ASUS,ASUS ROG Zephyrus G16,Laptop,160000,100,New,1,0,137544
P008,Canon,Canon EOS R50,Camera,75000,35,Returning,3,1,63760
P007,Dell,Dell XPS 13,Laptop,120000,7,Premium,2,1,107609
P003,Apple,MacBook Air M4,Laptop,110000,72,New,1,0,103375
P003,Apple,MacBook Air M4,Laptop,110000,13,Premium,3,1,100022
P007,Dell,Dell XPS 13,Laptop,120000,54,Premium,2,1,103983
P004,Sony,PlayStation 5,Gaming Console,55000,21,Premium,2,0,49793
P006,Apple,Apple Watch Series 10,Smartwatch,50000,8,Returning,2,1,45157
P007,Dell,Dell XPS 13,Laptop,120000,61,New,2,1,106421
P005,Sony,Sony WH-1000XM6,Headphones,32000,31,Returning,2,1,26022
P004,Sony,PlayStation 5,Gaming Console,55000,52,Returning,1,1,49249
P010,ASUS,ASUS ROG Zephyrus G16,Laptop,160000,22,Returning,1,1,136107
P007,Dell,Dell XPS 13,Laptop,120000,11,New,1,0,114315
P001,Apple,iPhone 16,Smartphone,80000,20,Premium,2,1,72418
P002,Samsung,Samsung Galaxy S25 Ultra,Smartphone,95000,90,Premium,1,0,81202
P008,Canon,Canon EOS R50,Camera,75000,23,New,1,1,66363
P006,Apple,Apple Watch Series 10,Smartwatch,50000,87,Premium,3,1,42182
P010,ASUS,ASUS ROG Zephyrus G16,Laptop,160000,12,New,1,1,142238
P002,Samsung,Samsung Galaxy S25 Ultra,Smartphone,95000,5,Premium,1,0,86579
P001,Apple,iPhone 16,Smartphone,80000,25,New,2,1,73210
P005,Sony,Sony WH-1000XM6,Headphones,32000,76,Returning,3,0,26591
P010,ASUS,ASUS ROG Zephyrus G16,Laptop,160000,37,New,1,1,137720
P005,Sony,Sony WH-1000XM6,Headphones,32000,21,Premium,3,0,25928
P010,ASUS,ASUS ROG Zephyrus G16,Laptop,160000,29,Premium,2,0,135902
P006,Apple,Apple Watch Series 10,Smartwatch,50000,86,New,3,1,43329
P008,Canon,Canon EOS R50,Camera,75000,46,Premium,2,1,63919
P007,Dell,Dell XPS 13,Laptop,120000,54,New,2,1,106515
P004,Sony,PlayStation 5,Gaming Console,55000,60,New,3,0,49587
P002,Samsung,Samsung Galaxy S25 Ultra,Smartphone,95000,8,Premium,1,0,86060
P008,Canon,Canon EOS R50,Camera,75000,17,New,3,0,68039
P006,Apple,Apple Watch Series 10,Smartwatch,50000,89,Returning,3,0,43735
P008,Canon,Canon EOS R50,Camera,75000,56,Returning,1,1,65709
P004,Sony,PlayStation 5,Gaming Console,55000,61,Premium,1,1,48610
P007,Dell,Dell XPS 13,Laptop,120000,25,Returning,1,0,108732
P005,Sony,Sony WH-1000XM6,Headphones,32000,50,New,2,1,26414
P007,Dell,Dell XPS 13,Laptop,120000,91,Returning,2,0,105935
P006,Apple,Apple Watch Series 10,Smartwatch,50000,96,Premium,2,1,42981
P010,ASUS,ASUS ROG Zephyrus G16,Laptop,160000,90,New,1,0,138077
P005,Sony,Sony WH-1000XM6,Headphones,32000,54,New,2,1,25891
P001,Apple,iPhone 16,Smartphone,80000,18,New,3,1,75680
P005,Sony,Sony WH-1000XM6,Headphones,32000,26,Premium,1,1,25459
P001,Apple,iPhone 16,Smartphone,80000,81,Returning,3,1,70719
P010,ASUS,ASUS ROG Zephyrus G16,Laptop,160000,48,Returning,1,0,139194
P009,Apple,iPad Air M3,Tablet,65000,26,New,1,1,59346
P009,Apple,iPad Air M3,Tablet,65000,36,Premium,2,0,58445
P001,Apple,iPhone 16,Smartphone,80000,59,Premium,3,1,71251
P008,Canon,Canon EOS R50,Camera,75000,6,Returning,2,0,68167
P010,ASUS,ASUS ROG Zephyrus G16,Laptop,160000,81,New,2,1,133251
P008,Canon,Canon EOS R50,Camera,75000,78,Premium,1,1,64854
P010,ASUS,ASUS ROG Zephyrus G16,Laptop,160000,29,Returning,2,1,134812
P001,Apple,iPhone 16,Smartphone,80000,30,Premium,3,1,71104
P005,Sony,Sony WH-1000XM6,Headphones,32000,1,Premium,1,0,27247
P008,Canon,Canon EOS R50,Camera,75000,31,Returning,1,1,64798
P002,Samsung,Samsung Galaxy S25 Ultra,Smartphone,95000,36,Premium,3,1,79316
P009,Apple,iPad Air M3,Tablet,65000,94,Premium,2,0,57208
P010,ASUS,ASUS ROG Zephyrus G16,Laptop,160000,28,Premium,3,1,131498
P002,Samsung,Samsung Galaxy S25 Ultra,Smartphone,95000,31,Returning,3,1,80431
P009,Apple,iPad Air M3,Tablet,65000,84,New,1,1,57431
P006,Apple,Apple Watch Series 10,Smartwatch,50000,83,New,2,0,44101
P003,Apple,MacBook Air M4,Laptop,110000,96,Premium,2,0,98073
P005,Sony,Sony WH-1000XM6,Headphones,32000,86,Returning,2,0,26347
P007,Dell,Dell XPS 13,Laptop,120000,27,Premium,1,1,105199
P005,Sony,Sony WH-1000XM6,Headphones,32000,40,Premium,3,0,25498
P003,Apple,MacBook Air M4,Laptop,110000,16,New,1,0,106997
P005,Sony,Sony WH-1000XM6,Headphones,32000,23,New,2,1,25864
P009,Apple,iPad Air M3,Tablet,65000,99,Premium,2,0,57192
P010,ASUS,ASUS ROG Zephyrus G16,Laptop,160000,36,New,2,0,139061
P003,Apple,MacBook Air M4,Laptop,110000,50,New,3,1,99242
P001,Apple,iPhone 16,Smartphone,80000,80,New,1,0,75649
P006,Apple,Apple Watch Series 10,Smartwatch,50000,21,Premium,3,0,43990
P006,Apple,Apple Watch Series 10,Smartwatch,50000,4,Returning,2,1,45106
P009,Apple,iPad Air M3,Tablet,65000,100,Returning,1,0,58194
P010,ASUS,ASUS ROG Zephyrus G16,Laptop,160000,82,Returning,3,0,133299
P004,Sony,PlayStation 5,Gaming Console,55000,85,Returning,3,1,47196
P006,Apple,Apple Watch Series 10,Smartwatch,50000,83,Returning,1,0,44037
P008,Canon,Canon EOS R50,Camera,75000,25,New,3,1,64017
P006,Apple,Apple Watch Series 10,Smartwatch,50000,84,Returning,2,0,44492
P006,Apple,Apple Watch Series 10,Smartwatch,50000,60,New,1,0,46108
P009,Apple,iPad Air M3,Tablet,65000,72,New,3,0,59134
P008,Canon,Canon EOS R50,Camera,75000,71,Premium,3,1,62622
P010,ASUS,ASUS ROG Zephyrus G16,Laptop,160000,5,Premium,2,0,140619
P009,Apple,iPad Air M3,Tablet,65000,55,Returning,1,0,59356
P005,Sony,Sony WH-1000XM6,Headphones,32000,86,New,3,1,25615
P007,Dell,Dell XPS 13,Laptop,120000,20,Returning,2,1,105176
P009,Apple,iPad Air M3,Tablet,65000,47,New,2,1,58756
P005,Sony,Sony WH-1000XM6,Headphones,32000,53,New,1,1,26395
P003,Apple,MacBook Air M4,Laptop,110000,92,New,1,0,101071
P002,Samsung,Samsung Galaxy S25 Ultra,Smartphone,95000,13,Returning,2,1,84959
P002,Samsung,Samsung Galaxy S25 Ultra,Smartphone,95000,24,Premium,1,0,83337
P001,Apple,iPhone 16,Smartphone,80000,36,Returning,3,0,73931
P009,Apple,iPad Air M3,Tablet,65000,74,Premium,3,1,56978
P009,Apple,iPad Air M3,Tablet,65000,85,Returning,1,1,57470
P001,Apple,iPhone 16,Smartphone,80000,40,Returning,1,1,73375
P001,Apple,iPhone 16,Smartphone,80000,18,New,1,0,78009
P008,Canon,Canon EOS R50,Camera,75000,6,Returning,2,1,66804
P002,Samsung,Samsung Galaxy S25 Ultra,Smartphone,95000,34,New,3,0,83183
P006,Apple,Apple Watch Series 10,Smartwatch,50000,22,New,3,0,45145
P001,Apple,iPhone 16,Smartphone,80000,61,New,3,0,74073
P009,Apple,iPad Air M3,Tablet,65000,31,Returning,1,1,58590
P004,Sony,PlayStation 5,Gaming Console,55000,64,Premium,1,0,49990
P004,Sony,PlayStation 5,Gaming Console,55000,79,Premium,2,0,49844
P009,Apple,iPad Air M3,Tablet,65000,38,Returning,1,1,58997
P010,ASUS,ASUS ROG Zephyrus G16,Laptop,160000,53,Premium,2,1,132555
P010,ASUS,ASUS ROG Zephyrus G16,Laptop,160000,16,Premium,2,1,137763
P010,ASUS,ASUS ROG Zephyrus G16,Laptop,160000,64,New,1,1,137704
P004,Sony,PlayStation 5,Gaming Console,55000,96,Returning,3,0,48490
P003,Apple,MacBook Air M4,Laptop,110000,83,Premium,1,0,98635
P001,Apple,iPhone 16,Smartphone,80000,30,New,3,0,74648
P002,Samsung,Samsung Galaxy S25 Ultra,Smartphone,95000,88,Returning,1,0,82433
P002,Samsung,Samsung Galaxy S25 Ultra,Smartphone,95000,74,New,3,0,83834
P002,Samsung,Samsung Galaxy S25 Ultra,Smartphone,95000,90,New,2,0,82499
P004,Sony,PlayStation 5,Gaming Console,55000,58,New,1,0,51539
P006,Apple,Apple Watch Series 10,Smartwatch,50000,42,Returning,2,1,43954
P004,Sony,PlayStation 5,Gaming Console,55000,82,New,1,1,48811
P004,Sony,PlayStation 5,Gaming Console,55000,86,Premium,1,1,47850
P005,Sony,Sony WH-1000XM6,Headphones,32000,56,New,2,0,26823
P008,Canon,Canon EOS R50,Camera,75000,21,New,1,1,66036
P005,Sony,Sony WH-1000XM6,Headphones,32000,27,Returning,1,1,25884
P005,Sony,Sony WH-1000XM6,Headphones,32000,36,New,2,0,26864
P009,Apple,iPad Air M3,Tablet,65000,9,Premium,2,1,58960
P004,Sony,PlayStation 5,Gaming Console,55000,58,New,3,1,49309
P008,Canon,Canon EOS R50,Camera,75000,50,Returning,1,1,64975
P008,Canon,Canon EOS R50,Camera,75000,18,New,1,1,68143
P004,Sony,PlayStation 5,Gaming Console,55000,71,Premium,3,0,48562
P005,Sony,Sony WH-1000XM6,Headphones,32000,93,Returning,3,1,25166
P002,Samsung,Samsung Galaxy S25 Ultra,Smartphone,95000,35,Premium,3,1,80064
P007,Dell,Dell XPS 13,Laptop,120000,3,New,3,0,111347
P005,Sony,Sony WH-1000XM6,Headphones,32000,33,New,3,0,26702
P008,Canon,Canon EOS R50,Camera,75000,68,New,1,0,67335
P009,Apple,iPad Air M3,Tablet,65000,54,Premium,2,0,58492
P004,Sony,PlayStation 5,Gaming Console,55000,24,New,3,1,49188
P007,Dell,Dell XPS 13,Laptop,120000,33,Premium,2,0,106943
P007,Dell,Dell XPS 13,Laptop,120000,86,Premium,3,1,100398
P007,Dell,Dell XPS 13,Laptop,120000,61,Premium,1,0,107832
P001,Apple,iPhone 16,Smartphone,80000,44,Returning,2,0,74445
P006,Apple,Apple Watch Series 10,Smartwatch,50000,64,New,2,0,45706
P002,Samsung,Samsung Galaxy S25 Ultra,Smartphone,95000,14,Premium,1,0,86370
P001,Apple,iPhone 16,Smartphone,80000,27,Returning,2,0,74005
P009,Apple,iPad Air M3,Tablet,65000,57,Premium,1,0,59405
P004,Sony,PlayStation 5,Gaming Console,55000,28,Returning,1,0,50362
P001,Apple,iPhone 16,Smartphone,80000,76,Returning,1,1,73758
P010,ASUS,ASUS ROG Zephyrus G16,Laptop,160000,58,New,1,1,138045
P004,Sony,PlayStation 5,Gaming Console,55000,79,New,1,1,50360
P010,ASUS,ASUS ROG Zephyrus G16,Laptop,160000,69,Premium,3,0,133945
P008,Canon,Canon EOS R50,Camera,75000,89,Returning,3,0,63923
P001,Apple,iPhone 16,Smartphone,80000,63,New,2,1,73202
P002,Samsung,Samsung Galaxy S25 Ultra,Smartphone,95000,65,Premium,1,1,81200
P007,Dell,Dell XPS 13,Laptop,120000,90,Returning,2,1,103269
P003,Apple,MacBook Air M4,Laptop,110000,4,Premium,1,0,104683
P005,Sony,Sony WH-1000XM6,Headphones,32000,25,New,1,0,27455
P001,Apple,iPhone 16,Smartphone,80000,94,New,1,0,74102
P003,Apple,MacBook Air M4,Laptop,110000,38,Returning,1,1,99831
P010,ASUS,ASUS ROG Zephyrus G16,Laptop,160000,18,New,1,0,145475
P005,Sony,Sony WH-1000XM6,Headphones,32000,88,Returning,1,0,26593
P003,Apple,MacBook Air M4,Laptop,110000,61,Returning,1,0,102183
P001,Apple,iPhone 16,Smartphone,80000,69,New,3,1,72411
P002,Samsung,Samsung Galaxy S25 Ultra,Smartphone,95000,98,New,1,0,83257
P007,Dell,Dell XPS 13,Laptop,120000,14,Returning,1,0,112572
P009,Apple,iPad Air M3,Tablet,65000,92,Premium,3,1,55657
P008,Canon,Canon EOS R50,Camera,75000,21,Premium,3,0,64976
P008,Canon,Canon EOS R50,Camera,75000,55,New,3,1,64285
P006,Apple,Apple Watch Series 10,Smartwatch,50000,34,Premium,1,0,44700
P007,Dell,Dell XPS 13,Laptop,120000,38,Returning,3,1,104849
P002,Samsung,Samsung Galaxy S25 Ultra,Smartphone,95000,75,New,3,0,84022
P001,Apple,iPhone 16,Smartphone,80000,30,Premium,3,0,72873
P008,Canon,Canon EOS R50,Camera,75000,51,Premium,3,0,64054
P009,Apple,iPad Air M3,Tablet,65000,24,Premium,1,0,58896
P001,Apple,iPhone 16,Smartphone,80000,66,Premium,3,0,72547
P009,Apple,iPad Air M3,Tablet,65000,71,New,2,0,59565
P005,Sony,Sony WH-1000XM6,Headphones,32000,43,Premium,1,0,26105
P007,Dell,Dell XPS 13,Laptop,120000,63,New,1,0,110615
P002,Samsung,Samsung Galaxy S25 Ultra,Smartphone,95000,67,New,3,1,81273
P007,Dell,Dell XPS 13,Laptop,120000,93,Premium,3,0,103455
P006,Apple,Apple Watch Series 10,Smartwatch,50000,59,New,3,1,44367
P006,Apple,Apple Watch Series 10,Smartwatch,50000,4,New,1,0,47793
P001,Apple,iPhone 16,Smartphone,80000,93,New,1,1,72468
P010,ASUS,ASUS ROG Zephyrus G16,Laptop,160000,11,New,3,0,142392
P002,Samsung,Samsung Galaxy S25 Ultra,Smartphone,95000,57,Premium,3,1,79358
P010,ASUS,ASUS ROG Zephyrus G16,Laptop,160000,4,Premium,1,1,139020
P007,Dell,Dell XPS 13,Laptop,120000,87,New,3,1,103470
P005,Sony,Sony WH-1000XM6,Headphones,32000,34,New,1,0,27314
P010,ASUS,ASUS ROG Zephyrus G16,Laptop,160000,70,Returning,2,1,134434
P002,Samsung,Samsung Galaxy S25 Ultra,Smartphone,95000,20,New,2,0,84371
P007,Dell,Dell XPS 13,Laptop,120000,61,New,3,1,105578
P001,Apple,iPhone 16,Smartphone,80000,6,Premium,1,0,76977
P005,Sony,Sony WH-1000XM6,Headphones,32000,32,Returning,2,1,25510
P006,Apple,Apple Watch Series 10,Smartwatch,50000,93,Premium,2,0,43414
P007,Dell,Dell XPS 13,Laptop,120000,73,New,1,1,107652
P005,Sony,Sony WH-1000XM6,Headphones,32000,66,New,2,1,26417
P001,Apple,iPhone 16,Smartphone,80000,47,Returning,1,1,73847
P001,Apple,iPhone 16,Smartphone,80000,71,Premium,1,1,72354
P007,Dell,Dell XPS 13,Laptop,120000,27,New,2,1,106932
P006,Apple,Apple Watch Series 10,Smartwatch,50000,3,Premium,3,0,45128
P002,Samsung,Samsung Galaxy S25 Ultra,Smartphone,95000,8,Returning,1,0,87786
P007,Dell,Dell XPS 13,Laptop,120000,33,Premium,1,0,107767
P005,Sony,Sony WH-1000XM6,Headphones,32000,83,New,3,1,25290
P004,Sony,PlayStation 5,Gaming Console,55000,67,New,2,0,50641
P002,Samsung,Samsung Galaxy S25 Ultra,Smartphone,95000,52,Returning,1,0,84739
P002,Samsung,Samsung Galaxy S25 Ultra,Smartphone,95000,19,Premium,2,1,83843
P003,Apple,MacBook Air M4,Laptop,110000,67,Premium,3,1,96717
P005,Sony,Sony WH-1000XM6,Headphones,32000,21,New,1,1,26834
P003,Apple,MacBook Air M4,Laptop,110000,48,Premium,3,1,96519
P002,Samsung,Samsung Galaxy S25 Ultra,Smartphone,95000,40,Returning,1,1,83044
P001,Apple,iPhone 16,Smartphone,80000,50,Returning,3,1,71660
P006,Apple,Apple Watch Series 10,Smartwatch,50000,97,Returning,2,0,43691
P007,Dell,Dell XPS 13,Laptop,120000,30,Premium,3,1,103048
P009,Apple,iPad Air M3,Tablet,65000,88,New,2,0,58982
P001,Apple,iPhone 16,Smartphone,80000,86,New,2,1,71815
P007,Dell,Dell XPS 13,Laptop,120000,36,Returning,3,0,107090
P004,Sony,PlayStation 5,Gaming Console,55000,94,New,2,0,49569
P009,Apple,iPad Air M3,Tablet,65000,67,New,2,1,58742
P003,Apple,MacBook Air M4,Laptop,110000,60,Premium,3,0,99189
P006,Apple,Apple Watch Series 10,Smartwatch,50000,5,Returning,3,0,46373
P005,Sony,Sony WH-1000XM6,Headphones,32000,31,New,1,0,27693
P006,Apple,Apple Watch Series 10,Smartwatch,50000,25,Premium,2,1,43904
P002,Samsung,Samsung Galaxy S25 Ultra,Smartphone,95000,51,Premium,1,0,83925
P002,Samsung,Samsung Galaxy S25 Ultra,Smartphone,95000,12,New,3,1,84588
P008,Canon,Canon EOS R50,Camera,75000,93,New,3,0,64621
P004,Sony,PlayStation 5,Gaming Console,55000,31,Premium,1,0,50054
P004,Sony,PlayStation 5,Gaming Console,55000,18,Returning,3,1,49781
P001,Apple,iPhone 16,Smartphone,80000,53,New,3,0,74879
P002,Samsung,Samsung Galaxy S25 Ultra,Smartphone,95000,97,Premium,3,1,78176
P006,Apple,Apple Watch Series 10,Smartwatch,50000,50,New,2,1,44797
P009,Apple,iPad Air M3,Tablet,65000,93,Premium,1,0,58283
P003,Apple,MacBook Air M4,Laptop,110000,27,New,1,0,103242
P007,Dell,Dell XPS 13,Laptop,120000,15,Premium,1,0,111350
P007,Dell,Dell XPS 13,Laptop,120000,43,Returning,3,1,104170
P005,Sony,Sony WH-1000XM6,Headphones,32000,77,New,3,1,26358
P001,Apple,iPhone 16,Smartphone,80000,80,Premium,1,1,72676
P010,ASUS,ASUS ROG Zephyrus G16,Laptop,160000,45,New,1,0,140618
P010,ASUS,ASUS ROG Zephyrus G16,Laptop,160000,10,New,3,1,138811
P009,Apple,iPad Air M3,Tablet,65000,38,New,1,1,59192
P008,Canon,Canon EOS R50,Camera,75000,44,New,3,0,66274
P007,Dell,Dell XPS 13,Laptop,120000,25,New,3,0,108464
P004,Sony,PlayStation 5,Gaming Console,55000,78,Premium,3,0,48525
P004,Sony,PlayStation 5,Gaming Console,55000,58,Returning,2,1,48878
P002,Samsung,Samsung Galaxy S25 Ultra,Smartphone,95000,12,Returning,1,1,85133
P009,Apple,iPad Air M3,Tablet,65000,69,Returning,3,0,58849
P006,Apple,Apple Watch Series 10,Smartwatch,50000,81,New,2,0,44504
P007,Dell,Dell XPS 13,Laptop,120000,55,Returning,3,0,106831
P002,Samsung,Samsung Galaxy S25 Ultra,Smartphone,95000,15,Premium,1,1,84849
P001,Apple,iPhone 16,Smartphone,80000,6,New,1,0,78269
P007,Dell,Dell XPS 13,Laptop,120000,51,Premium,1,0,107895
P003,Apple,MacBook Air M4,Laptop,110000,88,Returning,1,1,98362
P004,Sony,PlayStation 5,Gaming Console,55000,13,New,1,1,52119
P006,Apple,Apple Watch Series 10,Smartwatch,50000,46,New,2,0,45446
P010,ASUS,ASUS ROG Zephyrus G16,Laptop,160000,14,Returning,3,1,137534
P009,Apple,iPad Air M3,Tablet,65000,83,New,3,0,57887
P005,Sony,Sony WH-1000XM6,Headphones,32000,38,Premium,1,0,26307
P005,Sony,Sony WH-1000XM6,Headphones,32000,71,New,3,1,26218
P004,Sony,PlayStation 5,Gaming Console,55000,44,Returning,1,1,49883
P009,Apple,iPad Air M3,Tablet,65000,95,Premium,1,1,56097
P004,Sony,PlayStation 5,Gaming Console,55000,30,Premium,2,0,49054
P002,Samsung,Samsung Galaxy S25 Ultra,Smartphone,95000,86,Returning,2,0,81820
P001,Apple,iPhone 16,Smartphone,80000,65,Returning,3,0,73922
P005,Sony,Sony WH-1000XM6,Headphones,32000,37,Premium,1,0,26791
P008,Canon,Canon EOS R50,Camera,75000,33,Premium,1,1,64774
P010,ASUS,ASUS ROG Zephyrus G16,Laptop,160000,91,Premium,3,1,128285
P010,ASUS,ASUS ROG Zephyrus G16,Laptop,160000,74,Returning,3,1,133150
P009,Apple,iPad Air M3,Tablet,65000,83,Premium,3,1,54841
P009,Apple,iPad Air M3,Tablet,65000,38,New,3,1,57943
P007,Dell,Dell XPS 13,Laptop,120000,82,Premium,1,0,105438
P010,ASUS,ASUS ROG Zephyrus G16,Laptop,160000,14,Returning,1,1,140883
P010,ASUS,ASUS ROG Zephyrus G16,Laptop,160000,25,New,1,0,140489
P004,Sony,PlayStation 5,Gaming Console,55000,38,New,2,1,49577
P009,Apple,iPad Air M3,Tablet,65000,8,Returning,3,0,60521
P008,Canon,Canon EOS R50,Camera,75000,20,Returning,3,0,65218
P007,Dell,Dell XPS 13,Laptop,120000,4,Premium,2,0,110667
P004,Sony,PlayStation 5,Gaming Console,55000,40,Premium,3,0,48982
P010,ASUS,ASUS ROG Zephyrus G16,Laptop,160000,29,Returning,3,1,132965
P004,Sony,PlayStation 5,Gaming Console,55000,67,New,3,0,50406
P005,Sony,Sony WH-1000XM6,Headphones,32000,1,Returning,2,0,27165
P010,ASUS,ASUS ROG Zephyrus G16,Laptop,160000,79,Returning,2,0,137662
P003,Apple,MacBook Air M4,Laptop,110000,52,Premium,2,0,100044
P005,Sony,Sony WH-1000XM6,Headphones,32000,12,Premium,2,1,26412
P007,Dell,Dell XPS 13,Laptop,120000,81,New,1,0,108075
P008,Canon,Canon EOS R50,Camera,75000,55,New,3,0,66284
P004,Sony,PlayStation 5,Gaming Console,55000,68,Returning,3,1,48845
P002,Samsung,Samsung Galaxy S25 Ultra,Smartphone,95000,33,New,2,1,82704
P003,Apple,MacBook Air M4,Laptop,110000,31,Premium,2,1,98041
P001,Apple,iPhone 16,Smartphone,80000,4,New,2,0,77101
P001,Apple,iPhone 16,Smartphone,80000,86,Premium,2,1,70829
P007,Dell,Dell XPS 13,Laptop,120000,9,New,1,1,111615
P004,Sony,PlayStation 5,Gaming Console,55000,10,New,3,0,52033
P010,ASUS,ASUS ROG Zephyrus G16,Laptop,160000,43,New,1,0,140684
P009,Apple,iPad Air M3,Tablet,65000,8,Premium,3,1,58082
P005,Sony,Sony WH-1000XM6,Headphones,32000,81,Premium,1,1,24835
P008,Canon,Canon EOS R50,Camera,75000,53,New,3,0,66392
P010,ASUS,ASUS ROG Zephyrus G16,Laptop,160000,57,Premium,2,0,135551
P006,Apple,Apple Watch Series 10,Smartwatch,50000,29,Premium,2,1,43017
P008,Canon,Canon EOS R50,Camera,75000,57,Returning,3,1,63650
P003,Apple,MacBook Air M4,Laptop,110000,8,Premium,2,0,103643
P007,Dell,Dell XPS 13,Laptop,120000,98,Returning,3,0,104510
P003,Apple,MacBook Air M4,Laptop,110000,45,New,3,0,101463
P008,Canon,Canon EOS R50,Camera,75000,93,Premium,2,1,62695
P001,Apple,iPhone 16,Smartphone,80000,21,Premium,3,0,73087
P005,Sony,Sony WH-1000XM6,Headphones,32000,3,Returning,3,1,26128
P004,Sony,PlayStation 5,Gaming Console,55000,26,New,2,0,50191
P003,Apple,MacBook Air M4,Laptop,110000,41,Returning,3,0,99807
P006,Apple,Apple Watch Series 10,Smartwatch,50000,52,New,2,0,45475
P001,Apple,iPhone 16,Smartphone,80000,27,New,3,0,73980
P010,ASUS,ASUS ROG Zephyrus G16,Laptop,160000,21,New,2,0,138924
P007,Dell,Dell XPS 13,Laptop,120000,31,Premium,3,1,102835
P008,Canon,Canon EOS R50,Camera,75000,64,Premium,3,1,62885
P002,Samsung,Samsung Galaxy S25 Ultra,Smartphone,95000,25,New,2,0,84962
P009,Apple,iPad Air M3,Tablet,65000,38,Returning,2,0,59393
P003,Apple,MacBook Air M4,Laptop,110000,75,Returning,1,0,102684
P007,Dell,Dell XPS 13,Laptop,120000,38,Premium,1,0,107941
P005,Sony,Sony WH-1000XM6,Headphones,32000,37,New,1,1,26269
P005,Sony,Sony WH-1000XM6,Headphones,32000,14,Returning,2,0,27969
P003,Apple,MacBook Air M4,Laptop,110000,60,Premium,2,0,100537
P003,Apple,MacBook Air M4,Laptop,110000,10,New,1,0,107099
P008,Canon,Canon EOS R50,Camera,75000,76,Premium,1,0,66143
P004,Sony,PlayStation 5,Gaming Console,55000,34,Premium,2,0,49586
P009,Apple,iPad Air M3,Tablet,65000,44,Premium,2,1,56939
P007,Dell,Dell XPS 13,Laptop,120000,30,Premium,1,0,108368
P009,Apple,iPad Air M3,Tablet,65000,23,Premium,3,1,56468
P001,Apple,iPhone 16,Smartphone,80000,44,New,3,1,73282
P001,Apple,iPhone 16,Smartphone,80000,64,Premium,3,1,71112
P002,Samsung,Samsung Galaxy S25 Ultra,Smartphone,95000,59,Returning,3,0,82562
P008,Canon,Canon EOS R50,Camera,75000,31,Returning,3,0,65630
P001,Apple,iPhone 16,Smartphone,80000,47,New,2,0,74786
P003,Apple,MacBook Air M4,Laptop,110000,24,New,3,1,98835
P003,Apple,MacBook Air M4,Laptop,110000,12,Returning,3,1,100715
P006,Apple,Apple Watch Series 10,Smartwatch,50000,70,Returning,1,1,44414
P010,ASUS,ASUS ROG Zephyrus G16,Laptop,160000,20,Premium,1,0,137174
P010,ASUS,ASUS ROG Zephyrus G16,Laptop,160000,18,Returning,3,1,138092
P008,Canon,Canon EOS R50,Camera,75000,97,Premium,1,1,62740
P007,Dell,Dell XPS 13,Laptop,120000,80,Premium,3,1,103502
P009,Apple,iPad Air M3,Tablet,65000,3,New,1,0,62771
P006,Apple,Apple Watch Series 10,Smartwatch,50000,5,Premium,3,0,45678
P009,Apple,iPad Air M3,Tablet,65000,56,Premium,3,1,56569
P005,Sony,Sony WH-1000XM6,Headphones,32000,83,New,2,1,25966
P010,ASUS,ASUS ROG Zephyrus G16,Laptop,160000,66,Premium,3,0,134562
P002,Samsung,Samsung Galaxy S25 Ultra,Smartphone,95000,37,Returning,2,1,82185
P001,Apple,iPhone 16,Smartphone,80000,89,Premium,2,0,71865
P003,Apple,MacBook Air M4,Laptop,110000,31,Premium,2,1,97799
P008,Canon,Canon EOS R50,Camera,75000,26,Premium,3,0,64026
P010,ASUS,ASUS ROG Zephyrus G16,Laptop,160000,58,Returning,2,0,138086
P010,ASUS,ASUS ROG Zephyrus G16,Laptop,160000,9,Premium,3,1,136006
P010,ASUS,ASUS ROG Zephyrus G16,Laptop,160000,69,Returning,2,0,137977
P010,ASUS,ASUS ROG Zephyrus G16,Laptop,160000,74,Returning,3,1,133035
P003,Apple,MacBook Air M4,Laptop,110000,17,Returning,3,0,103405
P001,Apple,iPhone 16,Smartphone,80000,83,Premium,2,0,71908
P003,Apple,MacBook Air M4,Laptop,110000,88,Premium,1,1,96353
P005,Sony,Sony WH-1000XM6,Headphones,32000,4,Premium,2,1,26450
P010,ASUS,ASUS ROG Zephyrus G16,Laptop,160000,43,Premium,2,0,135531
P002,Samsung,Samsung Galaxy S25 Ultra,Smartphone,95000,22,Returning,3,0,82947
P006,Apple,Apple Watch Series 10,Smartwatch,50000,48,Returning,2,0,45456
P009,Apple,iPad Air M3,Tablet,65000,51,Returning,3,1,56900
P003,Apple,MacBook Air M4,Laptop,110000,46,Premium,2,0,100253
P004,Sony,PlayStation 5,Gaming Console,55000,82,New,3,1,48158
P007,Dell,Dell XPS 13,Laptop,120000,29,New,3,0,107848
P007,Dell,Dell XPS 13,Laptop,120000,22,Returning,1,1,106491
P009,Apple,iPad Air M3,Tablet,65000,98,Returning,3,1,55582
P006,Apple,Apple Watch Series 10,Smartwatch,50000,50,New,3,0,44913
P010,ASUS,ASUS ROG Zephyrus G16,Laptop,160000,29,Premium,1,1,134442
P010,ASUS,ASUS ROG Zephyrus G16,Laptop,160000,88,Returning,1,0,136381
P009,Apple,iPad Air M3,Tablet,65000,14,Premium,3,1,58378
P006,Apple,Apple Watch Series 10,Smartwatch,50000,4,Premium,2,1,45479
P007,Dell,Dell XPS 13,Laptop,120000,72,Returning,1,1,107074
P008,Canon,Canon EOS R50,Camera,75000,99,Premium,2,1,61979
P001,Apple,iPhone 16,Smartphone,80000,25,Returning,3,0,73998
P009,Apple,iPad Air M3,Tablet,65000,74,New,1,1,59263
P008,Canon,Canon EOS R50,Camera,75000,22,New,1,1,66095
P004,Sony,PlayStation 5,Gaming Console,55000,35,New,1,1,49765
P007,Dell,Dell XPS 13,Laptop,120000,40,New,2,1,106764
P002,Samsung,Samsung Galaxy S25 Ultra,Smartphone,95000,42,Returning,1,0,84271
P003,Apple,MacBook Air M4,Laptop,110000,47,Premium,1,1,98987
P009,Apple,iPad Air M3,Tablet,65000,13,New,2,1,60821
P006,Apple,Apple Watch Series 10,Smartwatch,50000,6,New,3,1,45975
P003,Apple,MacBook Air M4,Laptop,110000,90,Premium,1,1,97273
P002,Samsung,Samsung Galaxy S25 Ultra,Smartphone,95000,5,Returning,1,1,85392
P010,ASUS,ASUS ROG Zephyrus G16,Laptop,160000,68,New,3,1,134474
P001,Apple,iPhone 16,Smartphone,80000,78,Premium,1,1,72306
P005,Sony,Sony WH-1000XM6,Headphones,32000,47,New,1,1,26471
P003,Apple,MacBook Air M4,Laptop,110000,18,Returning,3,1,101126
P001,Apple,iPhone 16,Smartphone,80000,42,Premium,3,1,71511
P008,Canon,Canon EOS R50,Camera,75000,69,Returning,2,1,64883
P003,Apple,MacBook Air M4,Laptop,110000,18,Returning,3,1,101222
P006,Apple,Apple Watch Series 10,Smartwatch,50000,95,Premium,2,1,42750
P010,ASUS,ASUS ROG Zephyrus G16,Laptop,160000,55,Returning,2,1,134082
P009,Apple,iPad Air M3,Tablet,65000,17,Returning,3,0,60940
P002,Samsung,Samsung Galaxy S25 Ultra,Smartphone,95000,89,Returning,2,0,81339
P001,Apple,iPhone 16,Smartphone,80000,6,New,1,1,76681
P004,Sony,PlayStation 5,Gaming Console,55000,76,Premium,1,0,50531
P004,Sony,PlayStation 5,Gaming Console,55000,17,Premium,1,1,50989
P006,Apple,Apple Watch Series 10,Smartwatch,50000,9,New,1,1,46348
P008,Canon,Canon EOS R50,Camera,75000,5,Premium,1,1,66818
P003,Apple,MacBook Air M4,Laptop,110000,88,New,2,1,97691
P009,Apple,iPad Air M3,Tablet,65000,68,Premium,2,1,57300
P010,ASUS,ASUS ROG Zephyrus G16,Laptop,160000,92,Returning,1,1,133286
P004,Sony,PlayStation 5,Gaming Console,55000,55,Returning,3,1,48636
P005,Sony,Sony WH-1000XM6,Headphones,32000,83,Returning,1,0,25872
P006,Apple,Apple Watch Series 10,Smartwatch,50000,66,Premium,3,0,44441
P006,Apple,Apple Watch Series 10,Smartwatch,50000,37,New,1,0,46324
P003,Apple,MacBook Air M4,Laptop,110000,91,Premium,1,0,98694
P002,Samsung,Samsung Galaxy S25 Ultra,Smartphone,95000,17,New,3,0,86849
P001,Apple,iPhone 16,Smartphone,80000,81,Returning,3,0,71560
P007,Dell,Dell XPS 13,Laptop,120000,95,New,1,0,107925
P005,Sony,Sony WH-1000XM6,Headphones,32000,63,New,1,1,26413
P001,Apple,iPhone 16,Smartphone,80000,69,New,2,1,73631
P002,Samsung,Samsung Galaxy S25 Ultra,Smartphone,95000,86,Returning,1,0,83071
P006,Apple,Apple Watch Series 10,Smartwatch,50000,62,Returning,2,1,44264
P006,Apple,Apple Watch Series 10,Smartwatch,50000,72,Premium,2,1,43138
P007,Dell,Dell XPS 13,Laptop,120000,20,Premium,1,1,105245
P010,ASUS,ASUS ROG Zephyrus G16,Laptop,160000,12,Premium,3,1,135891
P009,Apple,iPad Air M3,Tablet,65000,31,Premium,1,1,57404
P009,Apple,iPad Air M3,Tablet,65000,24,Premium,2,0,58660
P008,Canon,Canon EOS R50,Camera,75000,23,New,2,0,66453
P008,Canon,Canon EOS R50,Camera,75000,92,Premium,1,0,64979
P001,Apple,iPhone 16,Smartphone,80000,42,New,1,0,76090
P010,ASUS,ASUS ROG Zephyrus G16,Laptop,160000,79,New,3,1,134802
P003,Apple,MacBook Air M4,Laptop,110000,13,Premium,2,1,101373
P010,ASUS,ASUS ROG Zephyrus G16,Laptop,160000,10,Premium,2,0,140866
P009,Apple,iPad Air M3,Tablet,65000,19,New,1,1,61268
P006,Apple,Apple Watch Series 10,Smartwatch,50000,90,New,3,0,43827
P009,Apple,iPad Air M3,Tablet,65000,40,Returning,2,0,59150
P008,Canon,Canon EOS R50,Camera,75000,95,Premium,2,0,63415
P007,Dell,Dell XPS 13,Laptop,120000,38,New,1,1,107767
P005,Sony,Sony WH-1000XM6,Headphones,32000,74,Returning,3,0,25924
P008,Canon,Canon EOS R50,Camera,75000,78,Premium,2,0,64941
P010,ASUS,ASUS ROG Zephyrus G16,Laptop,160000,23,Returning,1,0,138756
P006,Apple,Apple Watch Series 10,Smartwatch,50000,32,Premium,3,1,43277
P009,Apple,iPad Air M3,Tablet,65000,64,Premium,1,0,59152
P006,Apple,Apple Watch Series 10,Smartwatch,50000,18,Premium,3,0,45133
P003,Apple,MacBook Air M4,Laptop,110000,4,Premium,1,0,104812
P006,Apple,Apple Watch Series 10,Smartwatch,50000,51,Premium,3,0,44061
P004,Sony,PlayStation 5,Gaming Console,55000,23,New,1,1,50329
P009,Apple,iPad Air M3,Tablet,65000,63,Premium,3,1,56581
P009,Apple,iPad Air M3,Tablet,65000,65,Premium,2,1,57400
P004,Sony,PlayStation 5,Gaming Console,55000,89,Premium,3,1,46933
P009,Apple,iPad Air M3,Tablet,65000,46,New,1,1,59596
P001,Apple,iPhone 16,Smartphone,80000,97,New,1,0,74184
P005,Sony,Sony WH-1000XM6,Headphones,32000,31,Returning,3,0,26574
P010,ASUS,ASUS ROG Zephyrus G16,Laptop,160000,74,Returning,1,1,135568
P006,Apple,Apple Watch Series 10,Smartwatch,50000,21,New,3,0,44523
P003,Apple,MacBook Air M4,Laptop,110000,83,Premium,1,1,96979
P001,Apple,iPhone 16,Smartphone,80000,12,Returning,1,1,75783
P009,Apple,iPad Air M3,Tablet,65000,25,New,3,0,59583
P001,Apple,iPhone 16,Smartphone,80000,74,Returning,2,0,74115
P010,ASUS,ASUS ROG Zephyrus G16,Laptop,160000,64,New,3,0,137248
P007,Dell,Dell XPS 13,Laptop,120000,7,Premium,1,0,111218
P004,Sony,PlayStation 5,Gaming Console,55000,21,New,3,1,48869
P008,Canon,Canon EOS R50,Camera,75000,97,Premium,1,0,64117
P010,ASUS,ASUS ROG Zephyrus G16,Laptop,160000,99,Premium,3,0,130818
P002,Samsung,Samsung Galaxy S25 Ultra,Smartphone,95000,49,Returning,1,0,84985
P003,Apple,MacBook Air M4,Laptop,110000,6,New,3,0,104457
P003,Apple,MacBook Air M4,Laptop,110000,93,Returning,3,1,96154
P004,Sony,PlayStation 5,Gaming Console,55000,26,Premium,3,0,48487
P005,Sony,Sony WH-1000XM6,Headphones,32000,74,New,2,1,26085
P004,Sony,PlayStation 5,Gaming Console,55000,69,New,3,0,50016
P005,Sony,Sony WH-1000XM6,Headphones,32000,100,Premium,1,0,26202
P005,Sony,Sony WH-1000XM6,Headphones,32000,23,New,1,1,26083
P009,Apple,iPad Air M3,Tablet,65000,88,Returning,3,0,57644
P006,Apple,Apple Watch Series 10,Smartwatch,50000,2,Premium,3,1,44137
P003,Apple,MacBook Air M4,Laptop,110000,77,Returning,2,0,100717
P010,ASUS,ASUS ROG Zephyrus G16,Laptop,160000,25,Premium,2,1,133038
P007,Dell,Dell XPS 13,Laptop,120000,9,Premium,3,0,109524
P004,Sony,PlayStation 5,Gaming Console,55000,92,Premium,3,1,46381
P010,ASUS,ASUS ROG Zephyrus G16,Laptop,160000,64,New,1,0,141292
P008,Canon,Canon EOS R50,Camera,75000,16,New,2,0,68934
P006,Apple,Apple Watch Series 10,Smartwatch,50000,71,Returning,3,1,43396
P005,Sony,Sony WH-1000XM6,Headphones,32000,98,New,1,0,26325
P002,Samsung,Samsung Galaxy S25 Ultra,Smartphone,95000,96,New,1,0,83593
P001,Apple,iPhone 16,Smartphone,80000,55,New,2,0,75190
P004,Sony,PlayStation 5,Gaming Console,55000,72,Returning,2,0,49720
P010,ASUS,ASUS ROG Zephyrus G16,Laptop,160000,80,New,2,0,139141
P007,Dell,Dell XPS 13,Laptop,120000,76,New,2,0,108833
P003,Apple,MacBook Air M4,Laptop,110000,37,Premium,3,0,98850
P006,Apple,Apple Watch Series 10,Smartwatch,50000,34,New,3,0,44727
P005,Sony,Sony WH-1000XM6,Headphones,32000,5,New,1,0,27677
P010,ASUS,ASUS ROG Zephyrus G16,Laptop,160000,47,Returning,2,1,134277
P007,Dell,Dell XPS 13,Laptop,120000,40,Premium,1,1,105553
P010,ASUS,ASUS ROG Zephyrus G16,Laptop,160000,87,Returning,2,1,131135
P003,Apple,MacBook Air M4,Laptop,110000,32,Returning,2,0,100840
P005,Sony,Sony WH-1000XM6,Headphones,32000,60,Returning,1,0,26425
P009,Apple,iPad Air M3,Tablet,65000,8,New,3,0,60639
P004,Sony,PlayStation 5,Gaming Console,55000,4,Premium,2,0,50752
P008,Canon,Canon EOS R50,Camera,75000,52,Returning,1,1,64915
P007,Dell,Dell XPS 13,Laptop,120000,67,New,3,0,108029
P002,Samsung,Samsung Galaxy S25 Ultra,Smartphone,95000,94,Premium,2,1,78459
P003,Apple,MacBook Air M4,Laptop,110000,76,New,3,0,101697
P006,Apple,Apple Watch Series 10,Smartwatch,50000,91,New,2,0,44200
P009,Apple,iPad Air M3,Tablet,65000,6,Returning,2,0,60852
P001,Apple,iPhone 16,Smartphone,80000,60,Premium,1,1,72381
P001,Apple,iPhone 16,Smartphone,80000,37,Returning,3,1,72003
P005,Sony,Sony WH-1000XM6,Headphones,32000,26,Returning,1,0,27100
P004,Sony,PlayStation 5,Gaming Console,55000,4,New,3,1,50286
P006,Apple,Apple Watch Series 10,Smartwatch,50000,69,Premium,3,1,42957
P007,Dell,Dell XPS 13,Laptop,120000,91,Returning,3,1,102008
P001,Apple,iPhone 16,Smartphone,80000,27,New,3,0,74241
P004,Sony,PlayStation 5,Gaming Console,55000,86,New,3,1,47510
P008,Canon,Canon EOS R50,Camera,75000,33,Returning,2,1,64842
P003,Apple,MacBook Air M4,Laptop,110000,11,Returning,3,0,103437
P004,Sony,PlayStation 5,Gaming Console,55000,18,Premium,2,0,50682
P001,Apple,iPhone 16,Smartphone,80000,35,Returning,2,1,72402
P005,Sony,Sony WH-1000XM6,Headphones,32000,43,Premium,3,0,26193
P002,Samsung,Samsung Galaxy S25 Ultra,Smartphone,95000,15,New,2,1,85682
P008,Canon,Canon EOS R50,Camera,75000,16,Returning,1,0,69266
P005,Sony,Sony WH-1000XM6,Headphones,32000,75,New,3,0,26900
P010,ASUS,ASUS ROG Zephyrus G16,Laptop,160000,97,Premium,3,1,128087
P001,Apple,iPhone 16,Smartphone,80000,41,New,3,0,74224
P003,Apple,MacBook Air M4,Laptop,110000,6,Returning,3,0,103727
P010,ASUS,ASUS ROG Zephyrus G16,Laptop,160000,39,Premium,3,1,131651
P007,Dell,Dell XPS 13,Laptop,120000,78,Premium,2,0,106963
P002,Samsung,Samsung Galaxy S25 Ultra,Smartphone,95000,26,Returning,3,1,80951
P002,Samsung,Samsung Galaxy S25 Ultra,Smartphone,95000,54,Returning,3,1,80354
P007,Dell,Dell XPS 13,Laptop,120000,49,New,1,0,110396
P005,Sony,Sony WH-1000XM6,Headphones,32000,7,Returning,2,1,26634
P004,Sony,PlayStation 5,Gaming Console,55000,23,Returning,2,0,49765
P009,Apple,iPad Air M3,Tablet,65000,86,Premium,3,1,55346
P010,ASUS,ASUS ROG Zephyrus G16,Laptop,160000,15,Premium,2,0,140368
P005,Sony,Sony WH-1000XM6,Headphones,32000,22,Returning,3,0,25766
P004,Sony,PlayStation 5,Gaming Console,55000,60,New,3,1,49289
P009,Apple,iPad Air M3,Tablet,65000,22,New,1,1,58706
P003,Apple,MacBook Air M4,Laptop,110000,85,Premium,3,0,96945
P005,Sony,Sony WH-1000XM6,Headphones,32000,13,Premium,1,0,27398
P010,ASUS,ASUS ROG Zephyrus G16,Laptop,160000,74,Premium,3,1,131622
P003,Apple,MacBook Air M4,Laptop,110000,15,New,2,0,105848
P009,Apple,iPad Air M3,Tablet,65000,65,Premium,3,1,57000
P009,Apple,iPad Air M3,Tablet,65000,4,New,3,1,60215
P005,Sony,Sony WH-1000XM6,Headphones,32000,39,Premium,1,0,26836
P002,Samsung,Samsung Galaxy S25 Ultra,Smartphone,95000,58,Returning,3,0,82734
P008,Canon,Canon EOS R50,Camera,75000,65,Returning,2,0,66052
P003,Apple,MacBook Air M4,Laptop,110000,8,New,2,0,105528
P008,Canon,Canon EOS R50,Camera,75000,41,Returning,3,0,65598
P003,Apple,MacBook Air M4,Laptop,110000,25,Returning,3,0,99906
P010,ASUS,ASUS ROG Zephyrus G16,Laptop,160000,52,New,3,0,138056
P003,Apple,MacBook Air M4,Laptop,110000,66,Returning,3,1,98210
P003,Apple,MacBook Air M4,Laptop,110000,77,Premium,2,0,100074
P007,Dell,Dell XPS 13,Laptop,120000,75,Premium,2,0,106573
P001,Apple,iPhone 16,Smartphone,80000,76,Returning,1,0,74964
P002,Samsung,Samsung Galaxy S25 Ultra,Smartphone,95000,75,Returning,1,1,82587
P001,Apple,iPhone 16,Smartphone,80000,64,Premium,3,0,72481
P008,Canon,Canon EOS R50,Camera,75000,37,Premium,3,0,64341
P007,Dell,Dell XPS 13,Laptop,120000,46,New,2,1,106486
P005,Sony,Sony WH-1000XM6,Headphones,32000,82,New,3,1,25498
P005,Sony,Sony WH-1000XM6,Headphones,32000,79,Returning,2,0,26797
P005,Sony,Sony WH-1000XM6,Headphones,32000,79,Returning,1,1,26203
P009,Apple,iPad Air M3,Tablet,65000,40,New,1,1,58661
P003,Apple,MacBook Air M4,Laptop,110000,72,Returning,1,1,99745
P003,Apple,MacBook Air M4,Laptop,110000,46,Premium,1,1,98781
P009,Apple,iPad Air M3,Tablet,65000,70,New,1,0,60222
P009,Apple,iPad Air M3,Tablet,65000,52,Premium,3,0,57978
P001,Apple,iPhone 16,Smartphone,80000,56,New,2,1,73591
P003,Apple,MacBook Air M4,Laptop,110000,97,Premium,2,0,97835
P001,Apple,iPhone 16,Smartphone,80000,80,New,1,1,73975
P004,Sony,PlayStation 5,Gaming Console,55000,15,Premium,3,0,50466
P010,ASUS,ASUS ROG Zephyrus G16,Laptop,160000,82,New,1,1,134010
P004,Sony,PlayStation 5,Gaming Console,55000,28,Returning,3,1,48815
P001,Apple,iPhone 16,Smartphone,80000,44,New,1,0,76440
P005,Sony,Sony WH-1000XM6,Headphones,32000,42,Premium,3,0,25830
P006,Apple,Apple Watch Series 10,Smartwatch,50000,100,Premium,1,0,43868
P005,Sony,Sony WH-1000XM6,Headphones,32000,97,Returning,2,0,25688
P002,Samsung,Samsung Galaxy S25 Ultra,Smartphone,95000,79,New,2,1,82815
P001,Apple,iPhone 16,Smartphone,80000,25,Premium,2,1,71528
P010,ASUS,ASUS ROG Zephyrus G16,Laptop,160000,54,Returning,1,1,136273
P008,Canon,Canon EOS R50,Camera,75000,96,New,3,0,64716
P005,Sony,Sony WH-1000XM6,Headphones,32000,77,Premium,3,0,25979
P009,Apple,iPad Air M3,Tablet,65000,94,New,2,1,57553
P009,Apple,iPad Air M3,Tablet,65000,19,New,2,0,61703
P005,Sony,Sony WH-1000XM6,Headphones,32000,53,Premium,1,0,26919
P006,Apple,Apple Watch Series 10,Smartwatch,50000,80,New,2,1,44969
P005,Sony,Sony WH-1000XM6,Headphones,32000,70,Returning,3,0,26455
P010,ASUS,ASUS ROG Zephyrus G16,Laptop,160000,51,Premium,3,1,131019
P009,Apple,iPad Air M3,Tablet,65000,49,Premium,2,0,58335
P006,Apple,Apple Watch Series 10,Smartwatch,50000,76,Returning,2,0,44613
P002,Samsung,Samsung Galaxy S25 Ultra,Smartphone,95000,79,New,3,0,83159
P008,Canon,Canon EOS R50,Camera,75000,47,New,3,1,64910
P001,Apple,iPhone 16,Smartphone,80000,45,New,1,1,73980
P007,Dell,Dell XPS 13,Laptop,120000,88,Premium,1,0,105952
P010,ASUS,ASUS ROG Zephyrus G16,Laptop,160000,69,Premium,2,0,135931
P006,Apple,Apple Watch Series 10,Smartwatch,50000,32,Returning,3,0,44102
P009,Apple,iPad Air M3,Tablet,65000,75,Returning,2,1,57963
P001,Apple,iPhone 16,Smartphone,80000,49,Returning,1,0,74725
P010,ASUS,ASUS ROG Zephyrus G16,Laptop,160000,84,Premium,3,1,128326
P003,Apple,MacBook Air M4,Laptop,110000,39,Premium,3,1,96483
P001,Apple,iPhone 16,Smartphone,80000,38,Returning,2,1,73104
P009,Apple,iPad Air M3,Tablet,65000,79,Returning,2,1,57770
P001,Apple,iPhone 16,Smartphone,80000,42,Returning,2,0,73914
P005,Sony,Sony WH-1000XM6,Headphones,32000,41,Returning,2,1,26194
P008,Canon,Canon EOS R50,Camera,75000,44,Premium,1,1,64801
P005,Sony,Sony WH-1000XM6,Headphones,32000,99,Returning,1,0,26540
P009,Apple,iPad Air M3,Tablet,65000,78,New,2,0,59548
P006,Apple,Apple Watch Series 10,Smartwatch,50000,34,Returning,2,0,45374
P003,Apple,MacBook Air M4,Laptop,110000,99,Returning,2,1,96355
P002,Samsung,Samsung Galaxy S25 Ultra,Smartphone,95000,51,Premium,2,1,80484
P001,Apple,iPhone 16,Smartphone,80000,2,Premium,3,1,73264
P003,Apple,MacBook Air M4,Laptop,110000,16,New,1,1,104185
P008,Canon,Canon EOS R50,Camera,75000,55,Returning,3,1,63568
P007,Dell,Dell XPS 13,Laptop,120000,18,Returning,3,0,110299
P001,Apple,iPhone 16,Smartphone,80000,14,New,1,1,77026
P002,Samsung,Samsung Galaxy S25 Ultra,Smartphone,95000,12,Returning,3,1,83646
P009,Apple,iPad Air M3,Tablet,65000,82,Returning,1,0,58778
P009,Apple,iPad Air M3,Tablet,65000,2,New,2,1,60442
P008,Canon,Canon EOS R50,Camera,75000,72,New,1,0,67177
P010,ASUS,ASUS ROG Zephyrus G16,Laptop,160000,77,Returning,2,0,138053
P005,Sony,Sony WH-1000XM6,Headphones,32000,58,New,3,1,26231
P005,Sony,Sony WH-1000XM6,Headphones,32000,22,Premium,2,0,25890
P002,Samsung,Samsung Galaxy S25 Ultra,Smartphone,95000,22,New,1,1,83334
P008,Canon,Canon EOS R50,Camera,75000,44,New,2,1,65463
P010,ASUS,ASUS ROG Zephyrus G16,Laptop,160000,94,Returning,3,0,132772
P009,Apple,iPad Air M3,Tablet,65000,45,Premium,1,1,57621
P009,Apple,iPad Air M3,Tablet,65000,23,Returning,1,0,59987
P009,Apple,iPad Air M3,Tablet,65000,89,New,3,1,56949
P005,Sony,Sony WH-1000XM6,Headphones,32000,47,Returning,1,0,27072
P007,Dell,Dell XPS 13,Laptop,120000,33,Returning,3,1,104192
P008,Canon,Canon EOS R50,Camera,75000,44,Premium,1,0,66365
P002,Samsung,Samsung Galaxy S25 Ultra,Smartphone,95000,15,New,1,0,88807
P008,Canon,Canon EOS R50,Camera,75000,37,Premium,3,1,63198
P010,ASUS,ASUS ROG Zephyrus G16,Laptop,160000,94,New,2,1,133222
P007,Dell,Dell XPS 13,Laptop,120000,98,New,1,1,105760
P003,Apple,MacBook Air M4,Laptop,110000,63,New,1,0,103788
P009,Apple,iPad Air M3,Tablet,65000,69,Returning,3,0,58839
P002,Samsung,Samsung Galaxy S25 Ultra,Smartphone,95000,61,Returning,3,0,82820
P009,Apple,iPad Air M3,Tablet,65000,8,New,3,1,60285
P004,Sony,PlayStation 5,Gaming Console,55000,6,Returning,2,0,51233
P007,Dell,Dell XPS 13,Laptop,120000,78,New,2,0,108973
P010,ASUS,ASUS ROG Zephyrus G16,Laptop,160000,30,Returning,1,1,135512
P001,Apple,iPhone 16,Smartphone,80000,90,Premium,3,0,71227
P002,Samsung,Samsung Galaxy S25 Ultra,Smartphone,95000,92,Returning,2,1,79817
P005,Sony,Sony WH-1000XM6,Headphones,32000,66,New,2,1,25916
P005,Sony,Sony WH-1000XM6,Headphones,32000,33,Returning,3,1,25367
P005,Sony,Sony WH-1000XM6,Headphones,32000,55,New,3,0,26899
P009,Apple,iPad Air M3,Tablet,65000,47,Premium,1,1,57967
P010,ASUS,ASUS ROG Zephyrus G16,Laptop,160000,28,Returning,3,0,135515
P006,Apple,Apple Watch Series 10,Smartwatch,50000,31,Premium,3,0,43650
P009,Apple,iPad Air M3,Tablet,65000,59,Premium,3,1,56945
P009,Apple,iPad Air M3,Tablet,65000,95,Returning,3,1,56000
P009,Apple,iPad Air M3,Tablet,65000,66,New,3,0,58963
P006,Apple,Apple Watch Series 10,Smartwatch,50000,62,Premium,3,0,44357
P008,Canon,Canon EOS R50,Camera,75000,14,Returning,2,0,68009
P007,Dell,Dell XPS 13,Laptop,120000,30,New,1,1,108227
P005,Sony,Sony WH-1000XM6,Headphones,32000,23,Returning,1,0,27231
P009,Apple,iPad Air M3,Tablet,65000,84,New,3,1,56216
P009,Apple,iPad Air M3,Tablet,65000,31,New,3,0,58804
P002,Samsung,Samsung Galaxy S25 Ultra,Smartphone,95000,83,Premium,3,1,77430
P007,Dell,Dell XPS 13,Laptop,120000,21,Premium,1,0,108029
P009,Apple,iPad Air M3,Tablet,65000,7,Premium,3,0,59471
P003,Apple,MacBook Air M4,Laptop,110000,16,New,1,0,106389
P004,Sony,PlayStation 5,Gaming Console,55000,23,New,1,0,51358
P009,Apple,iPad Air M3,Tablet,65000,50,Returning,2,1,57467
P001,Apple,iPhone 16,Smartphone,80000,4,Premium,3,1,73832
P007,Dell,Dell XPS 13,Laptop,120000,16,New,3,0,111937
P005,Sony,Sony WH-1000XM6,Headphones,32000,25,Returning,2,0,26355
P001,Apple,iPhone 16,Smartphone,80000,93,New,3,1,71650
P006,Apple,Apple Watch Series 10,Smartwatch,50000,84,New,3,0,44103
P009,Apple,iPad Air M3,Tablet,65000,97,New,2,1,57131
P009,Apple,iPad Air M3,Tablet,65000,83,New,1,1,57666
P007,Dell,Dell XPS 13,Laptop,120000,76,Returning,3,0,106335
P001,Apple,iPhone 16,Smartphone,80000,26,Premium,1,1,73155
P007,Dell,Dell XPS 13,Laptop,120000,24,New,2,1,107266
P006,Apple,Apple Watch Series 10,Smartwatch,50000,96,Premium,2,1,42854
P002,Samsung,Samsung Galaxy S25 Ultra,Smartphone,95000,43,New,3,0,83546
P007,Dell,Dell XPS 13,Laptop,120000,86,Returning,2,1,102794
P002,Samsung,Samsung Galaxy S25 Ultra,Smartphone,95000,2,Premium,2,1,83406
P002,Samsung,Samsung Galaxy S25 Ultra,Smartphone,95000,91,New,3,0,81488
P001,Apple,iPhone 16,Smartphone,80000,58,Premium,2,0,73508
P010,ASUS,ASUS ROG Zephyrus G16,Laptop,160000,76,Returning,3,1,132342
P009,Apple,iPad Air M3,Tablet,65000,79,New,2,0,59740
P007,Dell,Dell XPS 13,Laptop,120000,71,New,2,0,109086
P009,Apple,iPad Air M3,Tablet,65000,93,Premium,3,1,54913
P007,Dell,Dell XPS 13,Laptop,120000,78,Returning,1,0,109252
P007,Dell,Dell XPS 13,Laptop,120000,72,Premium,3,0,105583
P009,Apple,iPad Air M3,Tablet,65000,88,Premium,3,1,55550
P010,ASUS,ASUS ROG Zephyrus G16,Laptop,160000,10,Returning,1,1,141122
P010,ASUS,ASUS ROG Zephyrus G16,Laptop,160000,55,New,2,1,136364
P002,Samsung,Samsung Galaxy S25 Ultra,Smartphone,95000,73,Returning,2,0,83809
P010,ASUS,ASUS ROG Zephyrus G16,Laptop,160000,31,New,1,0,140435
P007,Dell,Dell XPS 13,Laptop,120000,90,Returning,2,0,105489
P001,Apple,iPhone 16,Smartphone,80000,39,New,3,0,74679
P010,ASUS,ASUS ROG Zephyrus G16,Laptop,160000,48,New,1,1,137469
P006,Apple,Apple Watch Series 10,Smartwatch,50000,66,Returning,1,1,44498
P008,Canon,Canon EOS R50,Camera,75000,38,Premium,1,0,65999
P005,Sony,Sony WH-1000XM6,Headphones,32000,50,Premium,1,0,26158
P009,Apple,iPad Air M3,Tablet,65000,87,Premium,3,0,56337
P002,Samsung,Samsung Galaxy S25 Ultra,Smartphone,95000,78,Premium,3,1,80262
P003,Apple,MacBook Air M4,Laptop,110000,56,Returning,1,0,101944
P010,ASUS,ASUS ROG Zephyrus G16,Laptop,160000,62,Returning,3,0,135960
P001,Apple,iPhone 16,Smartphone,80000,91,Returning,3,1,70172
P003,Apple,MacBook Air M4,Laptop,110000,14,Premium,2,1,101081
P008,Canon,Canon EOS R50,Camera,75000,6,Returning,2,0,67752
P010,ASUS,ASUS ROG Zephyrus G16,Laptop,160000,19,New,2,1,141150
P001,Apple,iPhone 16,Smartphone,80000,91,Premium,1,0,72364
P007,Dell,Dell XPS 13,Laptop,120000,29,Premium,2,1,104181
P001,Apple,iPhone 16,Smartphone,80000,59,New,1,0,75785
P008,Canon,Canon EOS R50,Camera,75000,23,Premium,1,1,64908
P005,Sony,Sony WH-1000XM6,Headphones,32000,1,New,1,1,27552
P009,Apple,iPad Air M3,Tablet,65000,24,New,3,1,58084
P008,Canon,Canon EOS R50,Camera,75000,31,New,1,1,65574
P007,Dell,Dell XPS 13,Laptop,120000,70,Returning,1,1,106367
P001,Apple,iPhone 16,Smartphone,80000,45,Premium,3,0,72393
P002,Samsung,Samsung Galaxy S25 Ultra,Smartphone,95000,74,Returning,1,0,84914
P008,Canon,Canon EOS R50,Camera,75000,14,Premium,1,1,66440
P007,Dell,Dell XPS 13,Laptop,120000,11,Premium,1,1,108932
P008,Canon,Canon EOS R50,Camera,75000,7,Premium,1,0,67794
P001,Apple,iPhone 16,Smartphone,80000,60,New,2,1,73796
P001,Apple,iPhone 16,Smartphone,80000,1,Returning,2,0,77198
P009,Apple,iPad Air M3,Tablet,65000,74,Returning,3,1,57415
P005,Sony,Sony WH-1000XM6,Headphones,32000,30,Premium,1,1,25843
P010,ASUS,ASUS ROG Zephyrus G16,Laptop,160000,72,Premium,1,1,134252
P003,Apple,MacBook Air M4,Laptop,110000,77,Returning,2,1,99284
P002,Samsung,Samsung Galaxy S25 Ultra,Smartphone,95000,53,Premium,1,0,84100
P008,Canon,Canon EOS R50,Camera,75000,26,Returning,3,0,64968
P002,Samsung,Samsung Galaxy S25 Ultra,Smartphone,95000,5,Returning,2,0,86107
P006,Apple,Apple Watch Series 10,Smartwatch,50000,100,Premium,3,1,41727
P003,Apple,MacBook Air M4,Laptop,110000,9,Returning,2,0,104994
P006,Apple,Apple Watch Series 10,Smartwatch,50000,57,Returning,3,0,44345
P003,Apple,MacBook Air M4,Laptop,110000,54,Premium,1,1,99382
P005,Sony,Sony WH-1000XM6,Headphones,32000,70,Returning,1,1,26198
P004,Sony,PlayStation 5,Gaming Console,55000,76,Premium,1,1,49362
P005,Sony,Sony WH-1000XM6,Headphones,32000,70,Premium,1,1,26410
P003,Apple,MacBook Air M4,Laptop,110000,41,New,2,1,100015
P003,Apple,MacBook Air M4,Laptop,110000,70,New,2,1,99654
P008,Canon,Canon EOS R50,Camera,75000,57,Returning,3,0,65152
P006,Apple,Apple Watch Series 10,Smartwatch,50000,58,Premium,2,1,43081
P006,Apple,Apple Watch Series 10,Smartwatch,50000,51,New,1,0,46246
P001,Apple,iPhone 16,Smartphone,80000,77,New,3,1,73223
P006,Apple,Apple Watch Series 10,Smartwatch,50000,14,New,2,1,46248
P001,Apple,iPhone 16,Smartphone,80000,86,Premium,1,0,72402
P002,Samsung,Samsung Galaxy S25 Ultra,Smartphone,95000,13,Returning,3,1,83197
P010,ASUS,ASUS ROG Zephyrus G16,Laptop,160000,88,New,1,1,134724
P005,Sony,Sony WH-1000XM6,Headphones,32000,91,Returning,3,1,24515
P003,Apple,MacBook Air M4,Laptop,110000,22,Premium,1,1,99234
P010,ASUS,ASUS ROG Zephyrus G16,Laptop,160000,48,New,2,1,136215
P002,Samsung,Samsung Galaxy S25 Ultra,Smartphone,95000,88,New,1,0,83782
P003,Apple,MacBook Air M4,Laptop,110000,24,Returning,2,1,99392
P001,Apple,iPhone 16,Smartphone,80000,2,New,2,0,77180
P006,Apple,Apple Watch Series 10,Smartwatch,50000,15,Returning,1,0,47428
P006,Apple,Apple Watch Series 10,Smartwatch,50000,84,Premium,3,1,41950
P010,ASUS,ASUS ROG Zephyrus G16,Laptop,160000,44,New,2,1,135544
P008,Canon,Canon EOS R50,Camera,75000,13,Returning,3,0,67864
P003,Apple,MacBook Air M4,Laptop,110000,60,Premium,3,0,99453
P006,Apple,Apple Watch Series 10,Smartwatch,50000,91,Premium,3,1,42159
P001,Apple,iPhone 16,Smartphone,80000,30,Premium,1,0,73909
P007,Dell,Dell XPS 13,Laptop,120000,37,Premium,3,0,106093
P005,Sony,Sony WH-1000XM6,Headphones,32000,99,Premium,1,0,26126
P010,ASUS,ASUS ROG Zephyrus G16,Laptop,160000,16,New,2,1,140429
P001,Apple,iPhone 16,Smartphone,80000,28,Returning,1,1,73165
P002,Samsung,Samsung Galaxy S25 Ultra,Smartphone,95000,70,Returning,3,0,83128
P004,Sony,PlayStation 5,Gaming Console,55000,84,Returning,3,0,48882
P009,Apple,iPad Air M3,Tablet,65000,46,Returning,1,1,58702
P010,ASUS,ASUS ROG Zephyrus G16,Laptop,160000,44,New,1,1,137497
P002,Samsung,Samsung Galaxy S25 Ultra,Smartphone,95000,5,New,2,1,85583
P010,ASUS,ASUS ROG Zephyrus G16,Laptop,160000,2,Premium,1,1,139284
P007,Dell,Dell XPS 13,Laptop,120000,71,New,1,1,108234
P008,Canon,Canon EOS R50,Camera,75000,62,Returning,1,0,66740
P009,Apple,iPad Air M3,Tablet,65000,35,Premium,3,0,58083
P004,Sony,PlayStation 5,Gaming Console,55000,85,New,3,1,47664
P010,ASUS,ASUS ROG Zephyrus G16,Laptop,160000,90,Returning,1,0,135502
P007,Dell,Dell XPS 13,Laptop,120000,63,Returning,2,0,107842
P006,Apple,Apple Watch Series 10,Smartwatch,50000,2,New,1,1,46848
P001,Apple,iPhone 16,Smartphone,80000,10,Returning,1,1,75820
P005,Sony,Sony WH-1000XM6,Headphones,32000,17,Returning,1,1,26808
P008,Canon,Canon EOS R50,Camera,75000,69,Returning,1,0,66892
P003,Apple,MacBook Air M4,Laptop,110000,85,Premium,3,0,96524
P004,Sony,PlayStation 5,Gaming Console,55000,40,Returning,1,0,50115
P001,Apple,iPhone 16,Smartphone,80000,74,New,3,1,73159
P001,Apple,iPhone 16,Smartphone,80000,46,New,1,1,74422
P005,Sony,Sony WH-1000XM6,Headphones,32000,32,New,1,0,26790
P007,Dell,Dell XPS 13,Laptop,120000,51,Returning,1,0,109331
P001,Apple,iPhone 16,Smartphone,80000,37,Premium,2,1,71842
P010,ASUS,ASUS ROG Zephyrus G16,Laptop,160000,72,Premium,2,1,133177
P010,ASUS,ASUS ROG Zephyrus G16,Laptop,160000,24,New,1,1,137419
P003,Apple,MacBook Air M4,Laptop,110000,51,New,1,0,103329
P003,Apple,MacBook Air M4,Laptop,110000,2,Premium,1,1,102178
P006,Apple,Apple Watch Series 10,Smartwatch,50000,67,New,1,1,44973
P008,Canon,Canon EOS R50,Camera,75000,4,Premium,3,0,66251
P008,Canon,Canon EOS R50,Camera,75000,15,New,2,0,68731
P009,Apple,iPad Air M3,Tablet,65000,1,New,1,1,61317
P003,Apple,MacBook Air M4,Laptop,110000,13,Premium,3,0,101869
P006,Apple,Apple Watch Series 10,Smartwatch,50000,68,New,3,1,44240
P001,Apple,iPhone 16,Smartphone,80000,88,Returning,3,0,71944
P002,Samsung,Samsung Galaxy S25 Ultra,Smartphone,95000,99,New,3,1,79516
P009,Apple,iPad Air M3,Tablet,65000,48,Returning,3,0,58747
P010,ASUS,ASUS ROG Zephyrus G16,Laptop,160000,41,Premium,3,1,131406
P008,Canon,Canon EOS R50,Camera,75000,22,Premium,3,0,64390
P009,Apple,iPad Air M3,Tablet,65000,67,New,3,0,59418
P006,Apple,Apple Watch Series 10,Smartwatch,50000,31,Returning,3,0,44068
P009,Apple,iPad Air M3,Tablet,65000,49,Premium,1,1,58270
P003,Apple,MacBook Air M4,Laptop,110000,66,Returning,2,1,99387
P001,Apple,iPhone 16,Smartphone,80000,85,New,3,0,72472
P008,Canon,Canon EOS R50,Camera,75000,21,New,1,0,67564
P004,Sony,PlayStation 5,Gaming Console,55000,79,Returning,3,0,49640
P004,Sony,PlayStation 5,Gaming Console,55000,18,Premium,1,0,51458
P002,Samsung,Samsung Galaxy S25 Ultra,Smartphone,95000,36,Returning,2,1,81870
P004,Sony,PlayStation 5,Gaming Console,55000,94,New,3,0,48517
P007,Dell,Dell XPS 13,Laptop,120000,47,Premium,3,0,105817
P001,Apple,iPhone 16,Smartphone,80000,87,New,3,0,72430
P001,Apple,iPhone 16,Smartphone,80000,82,New,1,1,73259
P003,Apple,MacBook Air M4,Laptop,110000,29,New,1,1,101209
P006,Apple,Apple Watch Series 10,Smartwatch,50000,17,Premium,1,0,46381
P004,Sony,PlayStation 5,Gaming Console,55000,6,New,3,0,51627
P006,Apple,Apple Watch Series 10,Smartwatch,50000,7,Returning,2,1,45201
P001,Apple,iPhone 16,Smartphone,80000,88,New,2,0,74057
P008,Canon,Canon EOS R50,Camera,75000,59,Returning,2,1,64924
P010,ASUS,ASUS ROG Zephyrus G16,Laptop,160000,13,Premium,3,0,138835
P002,Samsung,Samsung Galaxy S25 Ultra,Smartphone,95000,88,New,3,0,81812
P002,Samsung,Samsung Galaxy S25 Ultra,Smartphone,95000,54,Premium,3,0,81680
P005,Sony,Sony WH-1000XM6,Headphones,32000,49,Premium,1,0,26656
P009,Apple,iPad Air M3,Tablet,65000,28,New,1,1,58903
P009,Apple,iPad Air M3,Tablet,65000,36,New,3,1,57751
P003,Apple,MacBook Air M4,Laptop,110000,20,Premium,1,0,101661
P002,Samsung,Samsung Galaxy S25 Ultra,Smartphone,95000,54,Returning,1,0,84425
P007,Dell,Dell XPS 13,Laptop,120000,72,Returning,2,1,105571
P001,Apple,iPhone 16,Smartphone,80000,50,New,3,1,73252
P003,Apple,MacBook Air M4,Laptop,110000,11,Premium,3,1,99970
P006,Apple,Apple Watch Series 10,Smartwatch,50000,8,Returning,3,1,45297
P005,Sony,Sony WH-1000XM6,Headphones,32000,39,Premium,1,1,26408
P007,Dell,Dell XPS 13,Laptop,120000,51,New,3,1,105719
P004,Sony,PlayStation 5,Gaming Console,55000,92,New,3,1,47702
P001,Apple,iPhone 16,Smartphone,80000,39,Premium,3,1,70871
P008,Canon,Canon EOS R50,Camera,75000,25,New,1,1,65637
P007,Dell,Dell XPS 13,Laptop,120000,16,New,2,0,112561
P004,Sony,PlayStation 5,Gaming Console,55000,53,Premium,1,1,49413
P009,Apple,iPad Air M3,Tablet,65000,90,Returning,2,0,57453
P009,Apple,iPad Air M3,Tablet,65000,66,Premium,1,1,58321
P010,ASUS,ASUS ROG Zephyrus G16,Laptop,160000,88,Premium,1,1,130851
P004,Sony,PlayStation 5,Gaming Console,55000,93,Returning,3,0,48573
P010,ASUS,ASUS ROG Zephyrus G16,Laptop,160000,74,Premium,2,1,132525
P004,Sony,PlayStation 5,Gaming Console,55000,72,Returning,1,0,50837
P005,Sony,Sony WH-1000XM6,Headphones,32000,59,New,2,0,26753
P009,Apple,iPad Air M3,Tablet,65000,31,New,1,1,59622
P004,Sony,PlayStation 5,Gaming Console,55000,5,Premium,1,0,51280
P006,Apple,Apple Watch Series 10,Smartwatch,50000,86,Premium,2,1,42028
P006,Apple,Apple Watch Series 10,Smartwatch,50000,93,Returning,2,1,43297
P007,Dell,Dell XPS 13,Laptop,120000,89,Premium,3,1,100811
P006,Apple,Apple Watch Series 10,Smartwatch,50000,59,Returning,3,1,43739
P006,Apple,Apple Watch Series 10,Smartwatch,50000,26,Returning,1,1,44379
P010,ASUS,ASUS ROG Zephyrus G16,Laptop,160000,61,Returning,2,1,134853
P010,ASUS,ASUS ROG Zephyrus G16,Laptop,160000,100,Premium,2,0,132741
P004,Sony,PlayStation 5,Gaming Console,55000,36,New,1,0,51001
P005,Sony,Sony WH-1000XM6,Headphones,32000,48,New,3,0,26646
P006,Apple,Apple Watch Series 10,Smartwatch,50000,80,Returning,3,0,44834
P006,Apple,Apple Watch Series 10,Smartwatch,50000,24,Returning,3,0,44330
P006,Apple,Apple Watch Series 10,Smartwatch,50000,74,Returning,2,1,44364
P008,Canon,Canon EOS R50,Camera,75000,24,New,1,0,67464
P005,Sony,Sony WH-1000XM6,Headphones,32000,18,New,2,0,27612
P003,Apple,MacBook Air M4,Laptop,110000,50,New,2,0,102483
P005,Sony,Sony WH-1000XM6,Headphones,32000,84,Premium,3,0,25033
P003,Apple,MacBook Air M4,Laptop,110000,54,New,2,1,100507
P005,Sony,Sony WH-1000XM6,Headphones,32000,28,Premium,1,1,26000
P007,Dell,Dell XPS 13,Laptop,120000,29,Premium,2,0,106406
P001,Apple,iPhone 16,Smartphone,80000,4,Premium,3,0,75207
P009,Apple,iPad Air M3,Tablet,65000,46,New,1,0,60031
P006,Apple,Apple Watch Series 10,Smartwatch,50000,94,Premium,2,0,43938
P009,Apple,iPad Air M3,Tablet,65000,36,Returning,1,0,59671
P005,Sony,Sony WH-1000XM6,Headphones,32000,95,New,2,1,25365
P005,Sony,Sony WH-1000XM6,Headphones,32000,88,Premium,3,1,24189
P002,Samsung,Samsung Galaxy S25 Ultra,Smartphone,95000,64,New,3,0,83990
P001,Apple,iPhone 16,Smartphone,80000,89,Premium,2,1,70796
P003,Apple,MacBook Air M4,Laptop,110000,29,Returning,2,1,98635
P010,ASUS,ASUS ROG Zephyrus G16,Laptop,160000,56,Returning,3,1,132716
P004,Sony,PlayStation 5,Gaming Console,55000,25,Returning,1,0,50385
P001,Apple,iPhone 16,Smartphone,80000,83,New,3,1,71534
P003,Apple,MacBook Air M4,Laptop,110000,57,Premium,1,0,101649
P006,Apple,Apple Watch Series 10,Smartwatch,50000,42,Premium,3,0,43537
P001,Apple,iPhone 16,Smartphone,80000,20,Returning,3,0,73846
P003,Apple,MacBook Air M4,Laptop,110000,9,Returning,1,1,103374
P004,Sony,PlayStation 5,Gaming Console,55000,16,Returning,1,1,50882
P010,ASUS,ASUS ROG Zephyrus G16,Laptop,160000,89,New,1,1,134441
P002,Samsung,Samsung Galaxy S25 Ultra,Smartphone,95000,64,New,1,0,85124
P004,Sony,PlayStation 5,Gaming Console,55000,49,Premium,2,1,48626
P003,Apple,MacBook Air M4,Laptop,110000,67,Returning,1,0,102415
P003,Apple,MacBook Air M4,Laptop,110000,74,Premium,3,1,97102
P004,Sony,PlayStation 5,Gaming Console,55000,45,New,3,1,49439
P010,ASUS,ASUS ROG Zephyrus G16,Laptop,160000,46,Premium,3,0,134831
P004,Sony,PlayStation 5,Gaming Console,55000,19,New,1,1,51432
P010,ASUS,ASUS ROG Zephyrus G16,Laptop,160000,25,Premium,3,0,133901
P005,Sony,Sony WH-1000XM6,Headphones,32000,47,Returning,3,0,26540
P006,Apple,Apple Watch Series 10,Smartwatch,50000,29,New,1,1,44937
P002,Samsung,Samsung Galaxy S25 Ultra,Smartphone,95000,65,Returning,1,1,82556
P002,Samsung,Samsung Galaxy S25 Ultra,Smartphone,95000,7,Premium,2,0,85523
P003,Apple,MacBook Air M4,Laptop,110000,50,Premium,2,0,100382
P009,Apple,iPad Air M3,Tablet,65000,21,New,2,0,59401
P001,Apple,iPhone 16,Smartphone,80000,63,New,1,1,74002
P006,Apple,Apple Watch Series 10,Smartwatch,50000,83,Premium,1,0,44223
P002,Samsung,Samsung Galaxy S25 Ultra,Smartphone,95000,64,Premium,3,1,80245
P005,Sony,Sony WH-1000XM6,Headphones,32000,69,Returning,2,1,25625
P006,Apple,Apple Watch Series 10,Smartwatch,50000,57,Returning,1,0,45214
P004,Sony,PlayStation 5,Gaming Console,55000,89,New,1,0,50491
P009,Apple,iPad Air M3,Tablet,65000,3,Premium,1,1,59559
P003,Apple,MacBook Air M4,Laptop,110000,45,Premium,3,0,99234
P003,Apple,MacBook Air M4,Laptop,110000,23,Premium,2,1,97458
P007,Dell,Dell XPS 13,Laptop,120000,24,Premium,2,0,106680
P001,Apple,iPhone 16,Smartphone,80000,50,New,3,1,73185
P004,Sony,PlayStation 5,Gaming Console,55000,9,Premium,1,0,51478
P007,Dell,Dell XPS 13,Laptop,120000,88,Returning,2,0,105947
P004,Sony,PlayStation 5,Gaming Console,55000,1,Returning,3,1,49784
P009,Apple,iPad Air M3,Tablet,65000,40,New,3,1,57502
P001,Apple,iPhone 16,Smartphone,80000,85,New,1,1,72478
P007,Dell,Dell XPS 13,Laptop,120000,85,New,3,1,103379
P007,Dell,Dell XPS 13,Laptop,120000,30,Premium,3,1,103372
P006,Apple,Apple Watch Series 10,Smartwatch,50000,50,New,2,1,44809
P008,Canon,Canon EOS R50,Camera,75000,6,Returning,2,1,66832
P002,Samsung,Samsung Galaxy S25 Ultra,Smartphone,95000,23,Premium,3,0,81577
P002,Samsung,Samsung Galaxy S25 Ultra,Smartphone,95000,55,Premium,2,0,82229
P010,ASUS,ASUS ROG Zephyrus G16,Laptop,160000,99,Premium,2,1,129538
P005,Sony,Sony WH-1000XM6,Headphones,32000,3,Premium,3,0,26970
P007,Dell,Dell XPS 13,Laptop,120000,76,New,3,1,105561
P009,Apple,iPad Air M3,Tablet,65000,64,Returning,1,0,59788
P001,Apple,iPhone 16,Smartphone,80000,18,New,2,0,77545
P003,Apple,MacBook Air M4,Laptop,110000,86,New,1,1,98598
P003,Apple,MacBook Air M4,Laptop,110000,94,Premium,1,0,98814
P002,Samsung,Samsung Galaxy S25 Ultra,Smartphone,95000,26,Premium,1,1,82127
P010,ASUS,ASUS ROG Zephyrus G16,Laptop,160000,52,Returning,3,1,132715
P001,Apple,iPhone 16,Smartphone,80000,73,Premium,2,0,73175
P003,Apple,MacBook Air M4,Laptop,110000,55,Returning,2,0,100781
P010,ASUS,ASUS ROG Zephyrus G16,Laptop,160000,99,New,1,1,134567
P007,Dell,Dell XPS 13,Laptop,120000,87,New,2,1,104612
P010,ASUS,ASUS ROG Zephyrus G16,Laptop,160000,68,Premium,3,1,131364
P009,Apple,iPad Air M3,Tablet,65000,54,Returning,1,0,60263
P010,ASUS,ASUS ROG Zephyrus G16,Laptop,160000,90,Premium,2,0,132418
P010,ASUS,ASUS ROG Zephyrus G16,Laptop,160000,12,Premium,2,1,137416
P004,Sony,PlayStation 5,Gaming Console,55000,4,Premium,3,1,49186
P004,Sony,PlayStation 5,Gaming Console,55000,16,New,1,0,52423
P010,ASUS,ASUS ROG Zephyrus G16,Laptop,160000,9,Returning,1,1,140797
P007,Dell,Dell XPS 13,Laptop,120000,35,Returning,3,1,104718
P005,Sony,Sony WH-1000XM6,Headphones,32000,62,New,3,0,26061
P003,Apple,MacBook Air M4,Laptop,110000,54,Premium,2,1,97713
P005,Sony,Sony WH-1000XM6,Headphones,32000,70,Premium,2,1,25510
P005,Sony,Sony WH-1000XM6,Headphones,32000,74,Returning,3,1,26045
P005,Sony,Sony WH-1000XM6,Headphones,32000,12,Returning,1,1,27611
P006,Apple,Apple Watch Series 10,Smartwatch,50000,55,Premium,1,1,44378
P006,Apple,Apple Watch Series 10,Smartwatch,50000,5,New,2,0,46861
P006,Apple,Apple Watch Series 10,Smartwatch,50000,90,New,2,0,44038
P010,ASUS,ASUS ROG Zephyrus G16,Laptop,160000,95,Returning,2,1,131331
P003,Apple,MacBook Air M4,Laptop,110000,60,Returning,1,0,102703
P010,ASUS,ASUS ROG Zephyrus G16,Laptop,160000,84,Returning,1,1,132528
P006,Apple,Apple Watch Series 10,Smartwatch,50000,27,New,3,1,44107
P008,Canon,Canon EOS R50,Camera,75000,93,New,1,1,64358
P002,Samsung,Samsung Galaxy S25 Ultra,Smartphone,95000,21,Premium,1,1,81623
P004,Sony,PlayStation 5,Gaming Console,55000,55,Returning,1,0,50973
P006,Apple,Apple Watch Series 10,Smartwatch,50000,79,Returning,3,1,43626
P007,Dell,Dell XPS 13,Laptop,120000,45,Returning,2,1,105353
P005,Sony,Sony WH-1000XM6,Headphones,32000,43,Returning,2,0,26374
P005,Sony,Sony WH-1000XM6,Headphones,32000,10,Returning,3,0,27105
P010,ASUS,ASUS ROG Zephyrus G16,Laptop,160000,78,Premium,1,0,137953
P005,Sony,Sony WH-1000XM6,Headphones,32000,36,Premium,2,1,25331
P010,ASUS,ASUS ROG Zephyrus G16,Laptop,160000,35,Returning,2,0,137638
P009,Apple,iPad Air M3,Tablet,65000,22,New,1,0,60557
P006,Apple,Apple Watch Series 10,Smartwatch,50000,65,Returning,1,1,44740
P004,Sony,PlayStation 5,Gaming Console,55000,74,Premium,3,1,47452
P004,Sony,PlayStation 5,Gaming Console,55000,21,New,1,1,49682
P001,Apple,iPhone 16,Smartphone,80000,89,New,1,1,73079
P001,Apple,iPhone 16,Smartphone,80000,62,Returning,2,1,72497
P005,Sony,Sony WH-1000XM6,Headphones,32000,81,Premium,2,1,24804
P008,Canon,Canon EOS R50,Camera,75000,75,New,1,0,67250
P001,Apple,iPhone 16,Smartphone,80000,6,Returning,2,1,75568
P005,Sony,Sony WH-1000XM6,Headphones,32000,49,New,1,0,27280
P001,Apple,iPhone 16,Smartphone,80000,4,New,3,1,74809
P003,Apple,MacBook Air M4,Laptop,110000,100,New,1,1,98841
P007,Dell,Dell XPS 13,Laptop,120000,46,Premium,3,1,102894
P006,Apple,Apple Watch Series 10,Smartwatch,50000,75,Returning,3,1,43986
P001,Apple,iPhone 16,Smartphone,80000,72,Returning,1,0,75667
P002,Samsung,Samsung Galaxy S25 Ultra,Smartphone,95000,34,Premium,2,1,80443
P005,Sony,Sony WH-1000XM6,Headphones,32000,90,Returning,2,1,25006
P002,Samsung,Samsung Galaxy S25 Ultra,Smartphone,95000,10,New,3,1,84099
P004,Sony,PlayStation 5,Gaming Console,55000,38,New,1,1,49711
P003,Apple,MacBook Air M4,Laptop,110000,5,New,1,1,104468
P005,Sony,Sony WH-1000XM6,Headphones,32000,24,Returning,2,0,26731
P002,Samsung,Samsung Galaxy S25 Ultra,Smartphone,95000,3,Returning,1,1,85731
P010,ASUS,ASUS ROG Zephyrus G16,Laptop,160000,54,Premium,3,1,131500
P009,Apple,iPad Air M3,Tablet,65000,4,New,3,1,60027
P003,Apple,MacBook Air M4,Laptop,110000,73,Returning,2,0,100856
P002,Samsung,Samsung Galaxy S25 Ultra,Smartphone,95000,83,Premium,2,1,79260
P005,Sony,Sony WH-1000XM6,Headphones,32000,9,Returning,2,0,27058
P005,Sony,Sony WH-1000XM6,Headphones,32000,27,Returning,1,0,26613
P009,Apple,iPad Air M3,Tablet,65000,47,New,1,0,60784
P009,Apple,iPad Air M3,Tablet,65000,79,Returning,2,1,57696
P003,Apple,MacBook Air M4,Laptop,110000,58,Returning,3,0,99803
P004,Sony,PlayStation 5,Gaming Console,55000,18,Premium,1,0,51209
P003,Apple,MacBook Air M4,Laptop,110000,3,New,2,1,103487
P002,Samsung,Samsung Galaxy S25 Ultra,Smartphone,95000,28,New,1,0,85022
P004,Sony,PlayStation 5,Gaming Console,55000,26,Returning,2,1,48901
P002,Samsung,Samsung Galaxy S25 Ultra,Smartphone,95000,94,Premium,1,1,80102
P008,Canon,Canon EOS R50,Camera,75000,47,New,2,1,64895
P008,Canon,Canon EOS R50,Camera,75000,79,Premium,2,1,63505
P001,Apple,iPhone 16,Smartphone,80000,23,Returning,3,1,71715
P001,Apple,iPhone 16,Smartphone,80000,11,New,1,1,77135
P008,Canon,Canon EOS R50,Camera,75000,22,New,1,0,67277
P003,Apple,MacBook Air M4,Laptop,110000,6,New,3,1,102269
P002,Samsung,Samsung Galaxy S25 Ultra,Smartphone,95000,75,Premium,1,0,83565
P003,Apple,MacBook Air M4,Laptop,110000,21,Premium,1,1,98553
P006,Apple,Apple Watch Series 10,Smartwatch,50000,8,Returning,3,1,45438
P005,Sony,Sony WH-1000XM6,Headphones,32000,85,Premium,2,0,25951
P008,Canon,Canon EOS R50,Camera,75000,83,Premium,3,1,61328
P005,Sony,Sony WH-1000XM6,Headphones,32000,53,New,3,0,27007
P005,Sony,Sony WH-1000XM6,Headphones,32000,7,Returning,2,0,27569
P008,Canon,Canon EOS R50,Camera,75000,20,Premium,2,0,65097
P009,Apple,iPad Air M3,Tablet,65000,9,New,1,1,61213
P001,Apple,iPhone 16,Smartphone,80000,75,Premium,2,1,71903
P009,Apple,iPad Air M3,Tablet,65000,37,Premium,2,0,58969
P004,Sony,PlayStation 5,Gaming Console,55000,63,New,3,0,50012
P010,ASUS,ASUS ROG Zephyrus G16,Laptop,160000,99,New,1,0,137233
P002,Samsung,Samsung Galaxy S25 Ultra,Smartphone,95000,12,New,1,1,86939
P009,Apple,iPad Air M3,Tablet,65000,6,New,3,1,60004
P009,Apple,iPad Air M3,Tablet,65000,54,Premium,3,0,58035
P002,Samsung,Samsung Galaxy S25 Ultra,Smartphone,95000,59,New,2,1,82860
P001,Apple,iPhone 16,Smartphone,80000,81,New,3,0,72660
P002,Samsung,Samsung Galaxy S25 Ultra,Smartphone,95000,76,Premium,3,1,80011
P006,Apple,Apple Watch Series 10,Smartwatch,50000,23,Premium,2,0,44505
P002,Samsung,Samsung Galaxy S25 Ultra,Smartphone,95000,23,New,1,1,84068
P007,Dell,Dell XPS 13,Laptop,120000,96,Returning,1,0,106870
P008,Canon,Canon EOS R50,Camera,75000,24,New,1,1,66377
P005,Sony,Sony WH-1000XM6,Headphones,32000,20,New,1,1,26240
P007,Dell,Dell XPS 13,Laptop,120000,87,Returning,3,1,102105
P007,Dell,Dell XPS 13,Laptop,120000,25,New,3,0,108208
P009,Apple,iPad Air M3,Tablet,65000,26,New,2,1,58309
P008,Canon,Canon EOS R50,Camera,75000,3,Returning,3,1,66020
P010,ASUS,ASUS ROG Zephyrus G16,Laptop,160000,75,Returning,1,1,135975
P001,Apple,iPhone 16,Smartphone,80000,22,New,2,1,73884
P009,Apple,iPad Air M3,Tablet,65000,88,Returning,1,1,56894
P008,Canon,Canon EOS R50,Camera,75000,64,Returning,3,0,65156
P007,Dell,Dell XPS 13,Laptop,120000,82,Premium,1,0,106070
P010,ASUS,ASUS ROG Zephyrus G16,Laptop,160000,95,Returning,2,0,134174
P003,Apple,MacBook Air M4,Laptop,110000,58,Returning,2,1,99313
P003,Apple,MacBook Air M4,Laptop,110000,21,Returning,3,0,99617
P007,Dell,Dell XPS 13,Laptop,120000,11,Returning,2,0,111245
P010,ASUS,ASUS ROG Zephyrus G16,Laptop,160000,18,New,3,1,139286
P003,Apple,MacBook Air M4,Laptop,110000,20,Premium,2,0,99673
P006,Apple,Apple Watch Series 10,Smartwatch,50000,99,Returning,1,0,44155
P010,ASUS,ASUS ROG Zephyrus G16,Laptop,160000,41,Returning,3,1,132538
P007,Dell,Dell XPS 13,Laptop,120000,32,Returning,3,0,106961
P007,Dell,Dell XPS 13,Laptop,120000,23,Premium,3,1,103380
P003,Apple,MacBook Air M4,Laptop,110000,6,Returning,2,0,104343
P005,Sony,Sony WH-1000XM6,Headphones,32000,80,Premium,1,1,25519
P004,Sony,PlayStation 5,Gaming Console,55000,27,Premium,1,0,50220
P009,Apple,iPad Air M3,Tablet,65000,98,New,1,1,57937
P009,Apple,iPad Air M3,Tablet,65000,29,Premium,1,0,59488
P002,Samsung,Samsung Galaxy S25 Ultra,Smartphone,95000,23,New,1,0,85800
P002,Samsung,Samsung Galaxy S25 Ultra,Smartphone,95000,48,Premium,2,0,82878
P006,Apple,Apple Watch Series 10,Smartwatch,50000,69,New,2,1,44548
P008,Canon,Canon EOS R50,Camera,75000,52,Returning,1,0,67031
P010,ASUS,ASUS ROG Zephyrus G16,Laptop,160000,15,Premium,2,1,137669
P009,Apple,iPad Air M3,Tablet,65000,8,Returning,2,1,60068
P003,Apple,MacBook Air M4,Laptop,110000,87,New,1,1,98681
P010,ASUS,ASUS ROG Zephyrus G16,Laptop,160000,65,Returning,2,1,134150
P006,Apple,Apple Watch Series 10,Smartwatch,50000,67,Returning,3,1,43653
P007,Dell,Dell XPS 13,Laptop,120000,37,Returning,3,1,104693
P002,Samsung,Samsung Galaxy S25 Ultra,Smartphone,95000,77,Returning,3,0,82372
P005,Sony,Sony WH-1000XM6,Headphones,32000,85,New,1,0,26792
P007,Dell,Dell XPS 13,Laptop,120000,19,New,1,0,113687
P001,Apple,iPhone 16,Smartphone,80000,40,Premium,1,0,74191
P003,Apple,MacBook Air M4,Laptop,110000,79,Returning,3,0,100414
P002,Samsung,Samsung Galaxy S25 Ultra,Smartphone,95000,37,Premium,2,0,82242
P008,Canon,Canon EOS R50,Camera,75000,79,Returning,1,1,65352
P010,ASUS,ASUS ROG Zephyrus G16,Laptop,160000,77,Premium,2,0,136167
P003,Apple,MacBook Air M4,Laptop,110000,66,Premium,1,0,101453
P009,Apple,iPad Air M3,Tablet,65000,3,New,1,1,61032
P007,Dell,Dell XPS 13,Laptop,120000,3,Premium,3,0,109423
P001,Apple,iPhone 16,Smartphone,80000,8,New,2,0,77865
P003,Apple,MacBook Air M4,Laptop,110000,70,Returning,1,1,99793
P002,Samsung,Samsung Galaxy S25 Ultra,Smartphone,95000,1,Returning,3,0,85334
P003,Apple,MacBook Air M4,Laptop,110000,35,New,3,0,101263
P001,Apple,iPhone 16,Smartphone,80000,46,Premium,3,0,73247
P007,Dell,Dell XPS 13,Laptop,120000,79,New,3,0,107561
P008,Canon,Canon EOS R50,Camera,75000,51,Premium,3,1,62667
P008,Canon,Canon EOS R50,Camera,75000,97,Returning,1,0,64931
P009,Apple,iPad Air M3,Tablet,65000,27,Premium,3,1,56739
P004,Sony,PlayStation 5,Gaming Console,55000,28,Returning,2,0,50067
P006,Apple,Apple Watch Series 10,Smartwatch,50000,82,New,3,1,42681
P007,Dell,Dell XPS 13,Laptop,120000,59,New,1,1,108065
P005,Sony,Sony WH-1000XM6,Headphones,32000,100,New,1,0,26254
P003,Apple,MacBook Air M4,Laptop,110000,85,Premium,1,0,99421
P004,Sony,PlayStation 5,Gaming Console,55000,92,Premium,1,0,49139
P009,Apple,iPad Air M3,Tablet,65000,66,Premium,1,1,58269
P003,Apple,MacBook Air M4,Laptop,110000,60,Premium,3,0,99041
P008,Canon,Canon EOS R50,Camera,75000,42,Premium,3,0,64415
P008,Canon,Canon EOS R50,Camera,75000,64,Returning,1,0,66682
P006,Apple,Apple Watch Series 10,Smartwatch,50000,75,New,1,0,46376
P005,Sony,Sony WH-1000XM6,Headphones,32000,32,New,3,0,26538
P010,ASUS,ASUS ROG Zephyrus G16,Laptop,160000,57,Returning,1,1,136440
P009,Apple,iPad Air M3,Tablet,65000,89,New,2,1,57293
P009,Apple,iPad Air M3,Tablet,65000,83,New,3,1,56408
P008,Canon,Canon EOS R50,Camera,75000,23,Premium,3,0,64733
P003,Apple,MacBook Air M4,Laptop,110000,90,Returning,2,1,97012
P007,Dell,Dell XPS 13,Laptop,120000,69,Returning,1,1,106888
P002,Samsung,Samsung Galaxy S25 Ultra,Smartphone,95000,18,Returning,2,0,86265
P010,ASUS,ASUS ROG Zephyrus G16,Laptop,160000,65,Premium,3,0,134251
P006,Apple,Apple Watch Series 10,Smartwatch,50000,29,Premium,2,1,43643
P001,Apple,iPhone 16,Smartphone,80000,98,Returning,3,1,70807
P003,Apple,MacBook Air M4,Laptop,110000,75,Premium,1,1,98774
P008,Canon,Canon EOS R50,Camera,75000,19,Premium,2,1,66104
P005,Sony,Sony WH-1000XM6,Headphones,32000,9,Returning,3,1,26556
P001,Apple,iPhone 16,Smartphone,80000,72,New,3,1,72614
P008,Canon,Canon EOS R50,Camera,75000,33,Premium,2,1,63665
P005,Sony,Sony WH-1000XM6,Headphones,32000,10,Premium,1,1,26495
P007,Dell,Dell XPS 13,Laptop,120000,60,New,2,1,106831
P006,Apple,Apple Watch Series 10,Smartwatch,50000,27,Returning,3,0,44389
P005,Sony,Sony WH-1000XM6,Headphones,32000,100,Premium,3,0,25051
P005,Sony,Sony WH-1000XM6,Headphones,32000,41,New,3,0,26738
P009,Apple,iPad Air M3,Tablet,65000,51,New,2,0,59421
P001,Apple,iPhone 16,Smartphone,80000,21,Returning,1,1,73140
P007,Dell,Dell XPS 13,Laptop,120000,52,Returning,3,0,106318
P009,Apple,iPad Air M3,Tablet,65000,23,Returning,3,1,57067
P009,Apple,iPad Air M3,Tablet,65000,14,New,1,0,62795
P001,Apple,iPhone 16,Smartphone,80000,43,Returning,2,0,74533
P010,ASUS,ASUS ROG Zephyrus G16,Laptop,160000,95,Returning,2,0,134466
P006,Apple,Apple Watch Series 10,Smartwatch,50000,54,New,1,0,46447
P008,Canon,Canon EOS R50,Camera,75000,48,New,1,0,67217
P001,Apple,iPhone 16,Smartphone,80000,87,Returning,3,1,70678
P007,Dell,Dell XPS 13,Laptop,120000,14,Premium,3,1,106960
P004,Sony,PlayStation 5,Gaming Console,55000,3,Returning,2,1,50199
P009,Apple,iPad Air M3,Tablet,65000,34,Premium,1,1,57904
P005,Sony,Sony WH-1000XM6,Headphones,32000,56,Returning,3,0,26254
P008,Canon,Canon EOS R50,Camera,75000,93,New,3,0,64543
P008,Canon,Canon EOS R50,Camera,75000,21,Returning,3,0,64781
P002,Samsung,Samsung Galaxy S25 Ultra,Smartphone,95000,81,New,2,1,81159
P002,Samsung,Samsung Galaxy S25 Ultra,Smartphone,95000,7,New,2,1,85310
P005,Sony,Sony WH-1000XM6,Headphones,32000,17,Premium,3,0,26782
P008,Canon,Canon EOS R50,Camera,75000,36,Premium,2,1,63822
P007,Dell,Dell XPS 13,Laptop,120000,48,New,2,0,109086
P003,Apple,MacBook Air M4,Laptop,110000,100,New,1,1,99432
P006,Apple,Apple Watch Series 10,Smartwatch,50000,79,Premium,2,1,43140
P006,Apple,Apple Watch Series 10,Smartwatch,50000,55,New,1,0,45627
P010,ASUS,ASUS ROG Zephyrus G16,Laptop,160000,2,Returning,1,0,144454
P005,Sony,Sony WH-1000XM6,Headphones,32000,57,New,2,1,26054
P008,Canon,Canon EOS R50,Camera,75000,50,Returning,3,1,63951
P006,Apple,Apple Watch Series 10,Smartwatch,50000,48,Premium,1,1,43834
P003,Apple,MacBook Air M4,Laptop,110000,13,New,3,0,104320
P001,Apple,iPhone 16,Smartphone,80000,63,New,1,1,74241
P006,Apple,Apple Watch Series 10,Smartwatch,50000,28,New,1,0,45503
P004,Sony,PlayStation 5,Gaming Console,55000,51,New,3,0,50519
P002,Samsung,Samsung Galaxy S25 Ultra,Smartphone,95000,9,Premium,2,0,85945
P003,Apple,MacBook Air M4,Laptop,110000,82,Returning,2,0,98935
P005,Sony,Sony WH-1000XM6,Headphones,32000,69,Premium,3,0,26052
P006,Apple,Apple Watch Series 10,Smartwatch,50000,72,Returning,3,1,43567
P006,Apple,Apple Watch Series 10,Smartwatch,50000,22,New,3,1,43674
P006,Apple,Apple Watch Series 10,Smartwatch,50000,18,Premium,2,0,45915
P002,Samsung,Samsung Galaxy S25 Ultra,Smartphone,95000,65,Returning,2,1,81829
P002,Samsung,Samsung Galaxy S25 Ultra,Smartphone,95000,58,New,1,1,84038
P001,Apple,iPhone 16,Smartphone,80000,68,Premium,1,1,72615
P010,ASUS,ASUS ROG Zephyrus G16,Laptop,160000,12,Returning,2,1,139014
P005,Sony,Sony WH-1000XM6,Headphones,32000,61,New,2,0,26745
P003,Apple,MacBook Air M4,Laptop,110000,39,Returning,3,1,97514
P008,Canon,Canon EOS R50,Camera,75000,16,Returning,3,1,66219
P010,ASUS,ASUS ROG Zephyrus G16,Laptop,160000,59,New,2,1,136367
P010,ASUS,ASUS ROG Zephyrus G16,Laptop,160000,27,New,2,0,139200
P009,Apple,iPad Air M3,Tablet,65000,69,New,1,0,60077
P009,Apple,iPad Air M3,Tablet,65000,28,Returning,1,0,60004
P004,Sony,PlayStation 5,Gaming Console,55000,31,Premium,3,0,48887
P001,Apple,iPhone 16,Smartphone,80000,66,Returning,3,0,73931
P009,Apple,iPad Air M3,Tablet,65000,9,Returning,1,1,60506
P008,Canon,Canon EOS R50,Camera,75000,26,New,2,1,64938
P006,Apple,Apple Watch Series 10,Smartwatch,50000,88,New,2,0,44125
P008,Canon,Canon EOS R50,Camera,75000,89,Returning,2,1,63351
P004,Sony,PlayStation 5,Gaming Console,55000,42,Premium,1,1,49281
P009,Apple,iPad Air M3,Tablet,65000,7,New,3,0,60964
P007,Dell,Dell XPS 13,Laptop,120000,88,Returning,1,1,104185
P007,Dell,Dell XPS 13,Laptop,120000,64,New,3,1,105553
P007,Dell,Dell XPS 13,Laptop,120000,21,Premium,2,0,106617
P004,Sony,PlayStation 5,Gaming Console,55000,27,Returning,1,1,49909
P007,Dell,Dell XPS 13,Laptop,120000,81,Returning,2,1,102753
P010,ASUS,ASUS ROG Zephyrus G16,Laptop,160000,76,Premium,3,0,134606
P001,Apple,iPhone 16,Smartphone,80000,15,New,3,1,75191
P004,Sony,PlayStation 5,Gaming Console,55000,74,New,3,0,50402
P006,Apple,Apple Watch Series 10,Smartwatch,50000,21,New,3,0,45053
P010,ASUS,ASUS ROG Zephyrus G16,Laptop,160000,53,Premium,3,1,131626
P005,Sony,Sony WH-1000XM6,Headphones,32000,22,Premium,2,1,25383
P009,Apple,iPad Air M3,Tablet,65000,100,Premium,2,1,55996
P006,Apple,Apple Watch Series 10,Smartwatch,50000,57,New,3,1,44343
P008,Canon,Canon EOS R50,Camera,75000,43,Premium,3,1,63272
P009,Apple,iPad Air M3,Tablet,65000,17,Premium,3,0,60162
P010,ASUS,ASUS ROG Zephyrus G16,Laptop,160000,7,New,1,0,145551
P010,ASUS,ASUS ROG Zephyrus G16,Laptop,160000,60,Premium,3,0,134739
P003,Apple,MacBook Air M4,Laptop,110000,39,Premium,3,0,99154
P010,ASUS,ASUS ROG Zephyrus G16,Laptop,160000,58,New,2,0,139648
P006,Apple,Apple Watch Series 10,Smartwatch,50000,97,Premium,3,1,42437
P005,Sony,Sony WH-1000XM6,Headphones,32000,43,New,2,0,26815
P008,Canon,Canon EOS R50,Camera,75000,98,New,3,1,63035
P002,Samsung,Samsung Galaxy S25 Ultra,Smartphone,95000,11,New,3,0,86603
P001,Apple,iPhone 16,Smartphone,80000,27,Premium,3,1,71470
P007,Dell,Dell XPS 13,Laptop,120000,69,New,1,0,110524
P008,Canon,Canon EOS R50,Camera,75000,69,New,2,1,65340
P001,Apple,iPhone 16,Smartphone,80000,3,Premium,3,0,75553
P002,Samsung,Samsung Galaxy S25 Ultra,Smartphone,95000,57,Returning,3,0,82529
P006,Apple,Apple Watch Series 10,Smartwatch,50000,19,Premium,2,1,45099
P004,Sony,PlayStation 5,Gaming Console,55000,29,Returning,1,1,49762
P009,Apple,iPad Air M3,Tablet,65000,69,New,3,1,58334
P001,Apple,iPhone 16,Smartphone,80000,99,Premium,2,0,71629
P007,Dell,Dell XPS 13,Laptop,120000,3,Premium,3,0,108824
P010,ASUS,ASUS ROG Zephyrus G16,Laptop,160000,31,Premium,1,0,137354
P009,Apple,iPad Air M3,Tablet,65000,17,Premium,2,1,58787
P006,Apple,Apple Watch Series 10,Smartwatch,50000,45,New,1,1,44543
P010,ASUS,ASUS ROG Zephyrus G16,Laptop,160000,8,Premium,3,1,136346
P009,Apple,iPad Air M3,Tablet,65000,13,Premium,3,0,59343
P005,Sony,Sony WH-1000XM6,Headphones,32000,42,New,1,1,26277
P008,Canon,Canon EOS R50,Camera,75000,27,Returning,1,1,65705
P009,Apple,iPad Air M3,Tablet,65000,64,New,2,1,58143
P008,Canon,Canon EOS R50,Camera,75000,11,New,3,1,66771
P010,ASUS,ASUS ROG Zephyrus G16,Laptop,160000,52,Premium,1,0,137461
P004,Sony,PlayStation 5,Gaming Console,55000,80,New,3,0,50191
P006,Apple,Apple Watch Series 10,Smartwatch,50000,70,Returning,2,0,44875
P005,Sony,Sony WH-1000XM6,Headphones,32000,58,Premium,1,0,26726
P006,Apple,Apple Watch Series 10,Smartwatch,50000,50,Returning,1,1,44581
P003,Apple,MacBook Air M4,Laptop,110000,46,Returning,1,0,102188
P005,Sony,Sony WH-1000XM6,Headphones,32000,32,Returning,3,0,26415
P003,Apple,MacBook Air M4,Laptop,110000,66,New,2,1,99786
P008,Canon,Canon EOS R50,Camera,75000,4,New,3,1,67034
P007,Dell,Dell XPS 13,Laptop,120000,53,New,2,0,109002
P003,Apple,MacBook Air M4,Laptop,110000,67,New,2,1,99862
P002,Samsung,Samsung Galaxy S25 Ultra,Smartphone,95000,91,Premium,2,0,80285
P002,Samsung,Samsung Galaxy S25 Ultra,Smartphone,95000,80,Premium,2,1,80899
P004,Sony,PlayStation 5,Gaming Console,55000,43,Premium,3,1,47769
P005,Sony,Sony WH-1000XM6,Headphones,32000,6,Returning,1,0,27533
P009,Apple,iPad Air M3,Tablet,65000,70,New,1,1,58869
P001,Apple,iPhone 16,Smartphone,80000,34,New,2,1,73313
P007,Dell,Dell XPS 13,Laptop,120000,18,Premium,1,1,109348
P005,Sony,Sony WH-1000XM6,Headphones,32000,87,Returning,2,0,25961
P010,ASUS,ASUS ROG Zephyrus G16,Laptop,160000,30,Premium,2,0,136448
P001,Apple,iPhone 16,Smartphone,80000,74,Returning,3,0,73528
P008,Canon,Canon EOS R50,Camera,75000,52,Returning,3,0,65333
P003,Apple,MacBook Air M4,Laptop,110000,23,Premium,3,1,97261
P010,ASUS,ASUS ROG Zephyrus G16,Laptop,160000,66,Returning,2,1,134672
P006,Apple,Apple Watch Series 10,Smartwatch,50000,15,Premium,1,1,45550
P008,Canon,Canon EOS R50,Camera,75000,18,Returning,1,1,67272
P004,Sony,PlayStation 5,Gaming Console,55000,3,Premium,2,0,51457
P002,Samsung,Samsung Galaxy S25 Ultra,Smartphone,95000,97,Returning,2,0,81407
P005,Sony,Sony WH-1000XM6,Headphones,32000,27,Premium,3,0,25939
P008,Canon,Canon EOS R50,Camera,75000,27,Premium,2,1,63917
P006,Apple,Apple Watch Series 10,Smartwatch,50000,66,New,3,0,44719
P007,Dell,Dell XPS 13,Laptop,120000,37,Returning,2,0,108349
P005,Sony,Sony WH-1000XM6,Headphones,32000,13,New,3,0,27639
P001,Apple,iPhone 16,Smartphone,80000,80,New,2,0,75224
P007,Dell,Dell XPS 13,Laptop,120000,3,New,3,0,111505
P003,Apple,MacBook Air M4,Laptop,110000,45,Returning,1,0,102746
P005,Sony,Sony WH-1000XM6,Headphones,32000,9,Premium,1,0,27935
P002,Samsung,Samsung Galaxy S25 Ultra,Smartphone,95000,79,New,3,1,81661
P008,Canon,Canon EOS R50,Camera,75000,18,New,2,1,67067
P001,Apple,iPhone 16,Smartphone,80000,8,Premium,3,1,73806
P010,ASUS,ASUS ROG Zephyrus G16,Laptop,160000,91,Returning,1,0,135663
P005,Sony,Sony WH-1000XM6,Headphones,32000,48,New,3,0,26120
P010,ASUS,ASUS ROG Zephyrus G16,Laptop,160000,62,Premium,3,1,130801
P003,Apple,MacBook Air M4,Laptop,110000,19,Returning,3,1,100728
P010,ASUS,ASUS ROG Zephyrus G16,Laptop,160000,94,Premium,3,1,127654
P007,Dell,Dell XPS 13,Laptop,120000,33,Premium,2,0,106487
P003,Apple,MacBook Air M4,Laptop,110000,48,New,2,1,100412
P003,Apple,MacBook Air M4,Laptop,110000,24,Returning,1,1,100452
P004,Sony,PlayStation 5,Gaming Console,55000,23,Returning,1,0,50646
P010,ASUS,ASUS ROG Zephyrus G16,Laptop,160000,7,New,1,1,142291
P009,Apple,iPad Air M3,Tablet,65000,56,New,3,1,57570
P001,Apple,iPhone 16,Smartphone,80000,61,New,1,1,74359
P003,Apple,MacBook Air M4,Laptop,110000,8,New,1,0,106808
P006,Apple,Apple Watch Series 10,Smartwatch,50000,100,New,2,1,43738
P003,Apple,MacBook Air M4,Laptop,110000,9,Premium,2,0,103319
P009,Apple,iPad Air M3,Tablet,65000,75,New,1,1,59126
P008,Canon,Canon EOS R50,Camera,75000,78,Returning,1,0,66348
P008,Canon,Canon EOS R50,Camera,75000,32,New,2,0,66276
P008,Canon,Canon EOS R50,Camera,75000,28,Premium,2,0,64944
P001,Apple,iPhone 16,Smartphone,80000,84,Returning,1,0,73195
P002,Samsung,Samsung Galaxy S25 Ultra,Smartphone,95000,27,Premium,2,0,82911
P009,Apple,iPad Air M3,Tablet,65000,61,New,3,1,57857
P003,Apple,MacBook Air M4,Laptop,110000,24,New,1,1,101023
P005,Sony,Sony WH-1000XM6,Headphones,32000,96,Returning,1,1,25213
P010,ASUS,ASUS ROG Zephyrus G16,Laptop,160000,22,Premium,1,1,134754
P001,Apple,iPhone 16,Smartphone,80000,59,Returning,2,0,74316
P001,Apple,iPhone 16,Smartphone,80000,19,New,2,1,76377
P003,Apple,MacBook Air M4,Laptop,110000,24,Returning,1,0,102463
P007,Dell,Dell XPS 13,Laptop,120000,2,New,2,0,112519
P010,ASUS,ASUS ROG Zephyrus G16,Laptop,160000,35,New,1,0,140897
P005,Sony,Sony WH-1000XM6,Headphones,32000,40,Premium,2,1,26004
P003,Apple,MacBook Air M4,Laptop,110000,49,Premium,1,0,101390
P003,Apple,MacBook Air M4,Laptop,110000,54,Premium,3,1,96623
P002,Samsung,Samsung Galaxy S25 Ultra,Smartphone,95000,29,New,2,1,82230
P008,Canon,Canon EOS R50,Camera,75000,78,Returning,3,0,65743
P003,Apple,MacBook Air M4,Laptop,110000,35,Returning,3,1,97998
P009,Apple,iPad Air M3,Tablet,65000,45,New,2,0,59434
P002,Samsung,Samsung Galaxy S25 Ultra,Smartphone,95000,14,Premium,3,0,84377
P009,Apple,iPad Air M3,Tablet,65000,75,New,1,1,59203
P007,Dell,Dell XPS 13,Laptop,120000,97,Premium,2,1,101761
P008,Canon,Canon EOS R50,Camera,75000,72,Returning,3,1,63379
P004,Sony,PlayStation 5,Gaming Console,55000,60,Returning,1,0,50612
P009,Apple,iPad Air M3,Tablet,65000,35,Returning,2,1,57374
P009,Apple,iPad Air M3,Tablet,65000,96,New,2,0,59000
P010,ASUS,ASUS ROG Zephyrus G16,Laptop,160000,15,Premium,1,1,138998
P010,ASUS,ASUS ROG Zephyrus G16,Laptop,160000,73,New,1,1,137407
P001,Apple,iPhone 16,Smartphone,80000,7,Returning,3,0,75902
P010,ASUS,ASUS ROG Zephyrus G16,Laptop,160000,94,Premium,1,0,134704
P006,Apple,Apple Watch Series 10,Smartwatch,50000,30,Returning,3,1,43522
P007,Dell,Dell XPS 13,Laptop,120000,35,Returning,1,0,108820
P004,Sony,PlayStation 5,Gaming Console,55000,74,Premium,2,1,48180
P007,Dell,Dell XPS 13,Laptop,120000,24,New,3,0,107672
P002,Samsung,Samsung Galaxy S25 Ultra,Smartphone,95000,22,New,3,1,81902
P003,Apple,MacBook Air M4,Laptop,110000,2,Returning,2,0,104899
P004,Sony,PlayStation 5,Gaming Console,55000,98,New,1,0,49571
P001,Apple,iPhone 16,Smartphone,80000,71,Premium,2,0,73912
P005,Sony,Sony WH-1000XM6,Headphones,32000,96,Premium,2,1,24705
P010,ASUS,ASUS ROG Zephyrus G16,Laptop,160000,15,Premium,1,0,142428
P009,Apple,iPad Air M3,Tablet,65000,74,Premium,1,0,58908
P002,Samsung,Samsung Galaxy S25 Ultra,Smartphone,95000,52,New,1,0,85393
P010,ASUS,ASUS ROG Zephyrus G16,Laptop,160000,97,Premium,3,0,131540
P004,Sony,PlayStation 5,Gaming Console,55000,18,Premium,2,0,51606
P008,Canon,Canon EOS R50,Camera,75000,95,Premium,3,1,61757
P010,ASUS,ASUS ROG Zephyrus G16,Laptop,160000,6,Returning,1,1,140607
P009,Apple,iPad Air M3,Tablet,65000,11,Premium,2,1,58914
P007,Dell,Dell XPS 13,Laptop,120000,32,New,1,0,110843
P010,ASUS,ASUS ROG Zephyrus G16,Laptop,160000,76,Premium,2,0,135755
P007,Dell,Dell XPS 13,Laptop,120000,16,New,3,0,112075
P008,Canon,Canon EOS R50,Camera,75000,11,New,3,0,68075
P002,Samsung,Samsung Galaxy S25 Ultra,Smartphone,95000,85,Premium,3,1,78110
P005,Sony,Sony WH-1000XM6,Headphones,32000,43,Premium,1,1,25573
P001,Apple,iPhone 16,Smartphone,80000,25,Premium,2,0,73170
P006,Apple,Apple Watch Series 10,Smartwatch,50000,27,Returning,1,1,44422
P007,Dell,Dell XPS 13,Laptop,120000,4,Returning,2,1,109666
P010,ASUS,ASUS ROG Zephyrus G16,Laptop,160000,78,Premium,2,1,132895
P005,Sony,Sony WH-1000XM6,Headphones,32000,52,Returning,2,0,26793
P001,Apple,iPhone 16,Smartphone,80000,13,New,3,0,76573
P001,Apple,iPhone 16,Smartphone,80000,18,Premium,3,0,75405
P009,Apple,iPad Air M3,Tablet,65000,20,New,3,0,59175
P008,Canon,Canon EOS R50,Camera,75000,77,Returning,1,0,67234
P007,Dell,Dell XPS 13,Laptop,120000,19,New,3,1,109212
P002,Samsung,Samsung Galaxy S25 Ultra,Smartphone,95000,64,Returning,3,1,81176
P003,Apple,MacBook Air M4,Laptop,110000,60,New,2,0,102221
P005,Sony,Sony WH-1000XM6,Headphones,32000,21,New,2,1,25757
P001,Apple,iPhone 16,Smartphone,80000,38,New,1,0,76290
P009,Apple,iPad Air M3,Tablet,65000,18,Premium,3,1,58109
P009,Apple,iPad Air M3,Tablet,65000,15,Premium,2,0,60593
P003,Apple,MacBook Air M4,Laptop,110000,81,Returning,2,0,98793
P007,Dell,Dell XPS 13,Laptop,120000,15,New,1,1,111716
P003,Apple,MacBook Air M4,Laptop,110000,29,New,2,1,100018
P001,Apple,iPhone 16,Smartphone,80000,7,New,1,0,78434
P003,Apple,MacBook Air M4,Laptop,110000,59,New,1,0,103640
P003,Apple,MacBook Air M4,Laptop,110000,26,New,3,1,98570
P006,Apple,Apple Watch Series 10,Smartwatch,50000,12,New,1,1,46969
P009,Apple,iPad Air M3,Tablet,65000,92,Returning,1,1,57453
P007,Dell,Dell XPS 13,Laptop,120000,56,Returning,1,1,106619
P007,Dell,Dell XPS 13,Laptop,120000,93,New,2,0,107215
P003,Apple,MacBook Air M4,Laptop,110000,57,Returning,1,1,99992
P001,Apple,iPhone 16,Smartphone,80000,14,Premium,1,1,74942
P001,Apple,iPhone 16,Smartphone,80000,47,Returning,3,0,74087
P005,Sony,Sony WH-1000XM6,Headphones,32000,63,New,2,0,26738
P009,Apple,iPad Air M3,Tablet,65000,54,New,2,1,58547
P003,Apple,MacBook Air M4,Laptop,110000,21,Returning,1,0,102645
P008,Canon,Canon EOS R50,Camera,75000,86,New,2,1,63253
P009,Apple,iPad Air M3,Tablet,65000,51,Returning,3,1,57657
P006,Apple,Apple Watch Series 10,Smartwatch,50000,90,Returning,1,0,44282
P002,Samsung,Samsung Galaxy S25 Ultra,Smartphone,95000,80,Returning,2,1,81722
P005,Sony,Sony WH-1000XM6,Headphones,32000,80,Returning,2,1,26269
P002,Samsung,Samsung Galaxy S25 Ultra,Smartphone,95000,85,New,3,0,81854
P004,Sony,PlayStation 5,Gaming Console,55000,47,New,1,1,50548
P002,Samsung,Samsung Galaxy S25 Ultra,Smartphone,95000,66,Returning,3,1,80558
P003,Apple,MacBook Air M4,Laptop,110000,17,New,2,1,103731
P004,Sony,PlayStation 5,Gaming Console,55000,40,New,2,1,49899
P007,Dell,Dell XPS 13,Laptop,120000,71,New,1,0,109988
P006,Apple,Apple Watch Series 10,Smartwatch,50000,82,Returning,2,1,42667
P006,Apple,Apple Watch Series 10,Smartwatch,50000,33,Premium,1,0,45493
P007,Dell,Dell XPS 13,Laptop,120000,85,Premium,2,1,102158
P002,Samsung,Samsung Galaxy S25 Ultra,Smartphone,95000,99,New,1,1,81992
P004,Sony,PlayStation 5,Gaming Console,55000,70,Premium,1,0,50024
P004,Sony,PlayStation 5,Gaming Console,55000,1,Premium,2,0,50964
P004,Sony,PlayStation 5,Gaming Console,55000,44,Premium,3,1,47862
P009,Apple,iPad Air M3,Tablet,65000,23,Premium,1,1,57950
P007,Dell,Dell XPS 13,Laptop,120000,69,New,2,1,106565
P001,Apple,iPhone 16,Smartphone,80000,45,New,1,0,75686
P002,Samsung,Samsung Galaxy S25 Ultra,Smartphone,95000,21,Returning,2,0,83772
P005,Sony,Sony WH-1000XM6,Headphones,32000,11,Premium,1,0,27903
P001,Apple,iPhone 16,Smartphone,80000,16,Premium,2,0,75818
P010,ASUS,ASUS ROG Zephyrus G16,Laptop,160000,96,Premium,2,0,133143
P004,Sony,PlayStation 5,Gaming Console,55000,64,New,1,1,49604
P001,Apple,iPhone 16,Smartphone,80000,26,New,1,0,75607
P010,ASUS,ASUS ROG Zephyrus G16,Laptop,160000,58,Premium,3,0,133982
P002,Samsung,Samsung Galaxy S25 Ultra,Smartphone,95000,36,New,1,0,85304
P008,Canon,Canon EOS R50,Camera,75000,15,New,1,1,68515
P002,Samsung,Samsung Galaxy S25 Ultra,Smartphone,95000,76,Returning,3,1,80296
P002,Samsung,Samsung Galaxy S25 Ultra,Smartphone,95000,81,Returning,1,1,80950
P010,ASUS,ASUS ROG Zephyrus G16,Laptop,160000,97,New,3,1,130800
P010,ASUS,ASUS ROG Zephyrus G16,Laptop,160000,83,Returning,3,1,129941
P009,Apple,iPad Air M3,Tablet,65000,43,Returning,1,0,59378
P004,Sony,PlayStation 5,Gaming Console,55000,57,Returning,1,1,49542
P003,Apple,MacBook Air M4,Laptop,110000,91,New,1,1,99444
P003,Apple,MacBook Air M4,Laptop,110000,72,Premium,3,1,96835
P001,Apple,iPhone 16,Smartphone,80000,61,New,2,0,75432
P004,Sony,PlayStation 5,Gaming Console,55000,60,New,2,0,50536
P001,Apple,iPhone 16,Smartphone,80000,71,Premium,3,0,73097
P010,ASUS,ASUS ROG Zephyrus G16,Laptop,160000,61,New,1,0,140993
P010,ASUS,ASUS ROG Zephyrus G16,Laptop,160000,98,Premium,3,1,127757
P008,Canon,Canon EOS R50,Camera,75000,63,New,3,0,65996
P006,Apple,Apple Watch Series 10,Smartwatch,50000,30,New,2,1,44573
P002,Samsung,Samsung Galaxy S25 Ultra,Smartphone,95000,1,New,2,0,87589
P009,Apple,iPad Air M3,Tablet,65000,47,Returning,2,0,58665
P003,Apple,MacBook Air M4,Laptop,110000,84,Returning,3,1,95398
P003,Apple,MacBook Air M4,Laptop,110000,28,Returning,1,0,102793
P002,Samsung,Samsung Galaxy S25 Ultra,Smartphone,95000,51,Premium,1,1,81816
P007,Dell,Dell XPS 13,Laptop,120000,71,Returning,2,1,105507
P008,Canon,Canon EOS R50,Camera,75000,3,Returning,2,1,66317
P007,Dell,Dell XPS 13,Laptop,120000,80,Premium,1,0,108091
P006,Apple,Apple Watch Series 10,Smartwatch,50000,90,Premium,1,0,43829
P001,Apple,iPhone 16,Smartphone,80000,95,New,2,1,72343
P003,Apple,MacBook Air M4,Laptop,110000,50,New,1,1,101650
P001,Apple,iPhone 16,Smartphone,80000,28,New,2,0,75663
P009,Apple,iPad Air M3,Tablet,65000,99,Returning,1,1,57568
P004,Sony,PlayStation 5,Gaming Console,55000,90,Premium,3,0,47984
P009,Apple,iPad Air M3,Tablet,65000,29,Premium,1,1,57904
P005,Sony,Sony WH-1000XM6,Headphones,32000,65,New,1,0,26710
P005,Sony,Sony WH-1000XM6,Headphones,32000,14,Premium,2,0,27533
P001,Apple,iPhone 16,Smartphone,80000,41,New,1,0,75603
P006,Apple,Apple Watch Series 10,Smartwatch,50000,10,Returning,2,1,45781
P009,Apple,iPad Air M3,Tablet,65000,50,Premium,2,1,57430
P004,Sony,PlayStation 5,Gaming Console,55000,30,Premium,3,1,47588
P005,Sony,Sony WH-1000XM6,Headphones,32000,71,New,1,0,27033
P001,Apple,iPhone 16,Smartphone,80000,16,Returning,2,1,74965
P003,Apple,MacBook Air M4,Laptop,110000,63,Premium,3,1,97176
P002,Samsung,Samsung Galaxy S25 Ultra,Smartphone,95000,41,Returning,1,1,82478
P002,Samsung,Samsung Galaxy S25 Ultra,Smartphone,95000,18,Premium,1,1,84979
P008,Canon,Canon EOS R50,Camera,75000,43,New,1,0,67606
P006,Apple,Apple Watch Series 10,Smartwatch,50000,98,Premium,2,0,43349
P006,Apple,Apple Watch Series 10,Smartwatch,50000,34,New,2,0,45780
P010,ASUS,ASUS ROG Zephyrus G16,Laptop,160000,60,New,1,1,137119
P003,Apple,MacBook Air M4,Laptop,110000,38,Returning,2,1,99290
P005,Sony,Sony WH-1000XM6,Headphones,32000,55,Returning,2,0,26097
P006,Apple,Apple Watch Series 10,Smartwatch,50000,9,Returning,1,0,46971
P004,Sony,PlayStation 5,Gaming Console,55000,8,Premium,2,0,51020
P007,Dell,Dell XPS 13,Laptop,120000,34,Premium,2,0,106792
P001,Apple,iPhone 16,Smartphone,80000,28,New,2,1,73414
P004,Sony,PlayStation 5,Gaming Console,55000,68,New,1,1,49853
P002,Samsung,Samsung Galaxy S25 Ultra,Smartphone,95000,39,Premium,2,1,80937
P003,Apple,MacBook Air M4,Laptop,110000,50,New,1,0,103240
P005,Sony,Sony WH-1000XM6,Headphones,32000,99,Returning,3,1,24611
P008,Canon,Canon EOS R50,Camera,75000,24,Premium,3,1,62546
P008,Canon,Canon EOS R50,Camera,75000,54,Returning,2,0,65510
P008,Canon,Canon EOS R50,Camera,75000,84,Returning,3,0,63397
P008,Canon,Canon EOS R50,Camera,75000,9,Premium,1,1,66463
P009,Apple,iPad Air M3,Tablet,65000,52,Returning,2,0,59016
P010,ASUS,ASUS ROG Zephyrus G16,Laptop,160000,17,New,3,1,139439
P009,Apple,iPad Air M3,Tablet,65000,61,Premium,1,1,58267
P001,Apple,iPhone 16,Smartphone,80000,34,Premium,3,1,71305
P004,Sony,PlayStation 5,Gaming Console,55000,23,New,3,1,49248
P006,Apple,Apple Watch Series 10,Smartwatch,50000,100,New,2,0,44355
P001,Apple,iPhone 16,Smartphone,80000,88,Premium,3,0,71185
P004,Sony,PlayStation 5,Gaming Console,55000,74,Returning,3,0,49979
P006,Apple,Apple Watch Series 10,Smartwatch,50000,77,Returning,2,1,44295
P001,Apple,iPhone 16,Smartphone,80000,41,New,3,1,72721
P008,Canon,Canon EOS R50,Camera,75000,8,Premium,2,1,66011
P006,Apple,Apple Watch Series 10,Smartwatch,50000,45,Returning,1,1,44870
P002,Samsung,Samsung Galaxy S25 Ultra,Smartphone,95000,76,Premium,1,0,83951
P009,Apple,iPad Air M3,Tablet,65000,34,New,1,1,58865
P007,Dell,Dell XPS 13,Laptop,120000,96,New,2,0,106484
P001,Apple,iPhone 16,Smartphone,80000,91,New,1,0,74393
P002,Samsung,Samsung Galaxy S25 Ultra,Smartphone,95000,14,New,2,1,85666
P008,Canon,Canon EOS R50,Camera,75000,55,Premium,1,1,64109
P007,Dell,Dell XPS 13,Laptop,120000,22,New,2,0,109331
P009,Apple,iPad Air M3,Tablet,65000,48,New,2,1,58857
P009,Apple,iPad Air M3,Tablet,65000,52,Premium,3,0,57383
P006,Apple,Apple Watch Series 10,Smartwatch,50000,23,New,2,0,45212
P010,ASUS,ASUS ROG Zephyrus G16,Laptop,160000,23,New,1,0,141064
P007,Dell,Dell XPS 13,Laptop,120000,73,Premium,1,0,108411
P005,Sony,Sony WH-1000XM6,Headphones,32000,24,Premium,2,1,25607
P002,Samsung,Samsung Galaxy S25 Ultra,Smartphone,95000,8,Returning,3,0,85889
P002,Samsung,Samsung Galaxy S25 Ultra,Smartphone,95000,58,Returning,1,0,84875
P002,Samsung,Samsung Galaxy S25 Ultra,Smartphone,95000,52,New,2,0,84959
P006,Apple,Apple Watch Series 10,Smartwatch,50000,88,New,1,1,44097
P004,Sony,PlayStation 5,Gaming Console,55000,27,New,2,1,49187
P005,Sony,Sony WH-1000XM6,Headphones,32000,36,Returning,3,0,26613
P002,Samsung,Samsung Galaxy S25 Ultra,Smartphone,95000,57,New,3,1,82001
P008,Canon,Canon EOS R50,Camera,75000,56,New,3,0,66052
P004,Sony,PlayStation 5,Gaming Console,55000,73,New,3,1,49224
P006,Apple,Apple Watch Series 10,Smartwatch,50000,34,New,1,1,45130
P010,ASUS,ASUS ROG Zephyrus G16,Laptop,160000,71,Returning,1,0,139455
P010,ASUS,ASUS ROG Zephyrus G16,Laptop,160000,29,New,2,0,139476
P008,Canon,Canon EOS R50,Camera,75000,24,Premium,1,0,66416
P010,ASUS,ASUS ROG Zephyrus G16,Laptop,160000,16,Returning,1,1,140967
P001,Apple,iPhone 16,Smartphone,80000,39,Premium,2,0,73228
P007,Dell,Dell XPS 13,Laptop,120000,92,Returning,2,1,103361
P006,Apple,Apple Watch Series 10,Smartwatch,50000,22,Returning,1,1,44364
P004,Sony,PlayStation 5,Gaming Console,55000,76,Returning,2,1,48473
P008,Canon,Canon EOS R50,Camera,75000,93,New,3,1,62808
P001,Apple,iPhone 16,Smartphone,80000,54,Premium,2,1,72271
P007,Dell,Dell XPS 13,Laptop,120000,3,New,1,0,114181
P002,Samsung,Samsung Galaxy S25 Ultra,Smartphone,95000,73,New,3,0,83269
P003,Apple,MacBook Air M4,Laptop,110000,99,New,2,1,98303
P004,Sony,PlayStation 5,Gaming Console,55000,80,New,2,1,49555
P010,ASUS,ASUS ROG Zephyrus G16,Laptop,160000,5,Premium,1,0,142820
P003,Apple,MacBook Air M4,Laptop,110000,45,New,1,0,103077
P001,Apple,iPhone 16,Smartphone,80000,22,New,2,0,74741
P003,Apple,MacBook Air M4,Laptop,110000,48,Premium,2,1,98273
P001,Apple,iPhone 16,Smartphone,80000,15,Premium,3,0,75045
P005,Sony,Sony WH-1000XM6,Headphones,32000,43,Premium,3,0,25651
P007,Dell,Dell XPS 13,Laptop,120000,75,Premium,3,1,103411
P004,Sony,PlayStation 5,Gaming Console,55000,80,New,1,0,51546
P003,Apple,MacBook Air M4,Laptop,110000,38,New,2,0,102406
P007,Dell,Dell XPS 13,Laptop,120000,17,New,3,0,111455
P010,ASUS,ASUS ROG Zephyrus G16,Laptop,160000,96,Premium,3,0,130825
P003,Apple,MacBook Air M4,Laptop,110000,35,Returning,1,0,102700
P010,ASUS,ASUS ROG Zephyrus G16,Laptop,160000,8,Returning,2,1,139020
P010,ASUS,ASUS ROG Zephyrus G16,Laptop,160000,77,Premium,1,0,137220
P003,Apple,MacBook Air M4,Laptop,110000,32,Returning,2,0,100777
P008,Canon,Canon EOS R50,Camera,75000,59,Returning,3,1,63534
P003,Apple,MacBook Air M4,Laptop,110000,9,New,2,0,105709
P005,Sony,Sony WH-1000XM6,Headphones,32000,83,New,3,0,26343
P008,Canon,Canon EOS R50,Camera,75000,44,Premium,1,0,65685
P007,Dell,Dell XPS 13,Laptop,120000,58,New,3,0,107602
P008,Canon,Canon EOS R50,Camera,75000,48,New,3,1,64131
P007,Dell,Dell XPS 13,Laptop,120000,36,Returning,2,0,108183
P009,Apple,iPad Air M3,Tablet,65000,81,Returning,2,1,56155
P003,Apple,MacBook Air M4,Laptop,110000,90,New,3,1,96423
P008,Canon,Canon EOS R50,Camera,75000,99,New,1,0,66084
P010,ASUS,ASUS ROG Zephyrus G16,Laptop,160000,21,Premium,3,1,131022
P003,Apple,MacBook Air M4,Laptop,110000,35,New,1,0,103622
P002,Samsung,Samsung Galaxy S25 Ultra,Smartphone,95000,9,Returning,3,0,85880
P006,Apple,Apple Watch Series 10,Smartwatch,50000,46,New,2,0,45277
P004,Sony,PlayStation 5,Gaming Console,55000,93,New,1,0,49856
P004,Sony,PlayStation 5,Gaming Console,55000,86,New,3,1,47846
P010,ASUS,ASUS ROG Zephyrus G16,Laptop,160000,60,Premium,1,1,134377
P010,ASUS,ASUS ROG Zephyrus G16,Laptop,160000,17,Returning,3,1,137980
P003,Apple,MacBook Air M4,Laptop,110000,20,New,3,0,101425
P005,Sony,Sony WH-1000XM6,Headphones,32000,81,Premium,2,0,25704
P003,Apple,MacBook Air M4,Laptop,110000,95,New,2,1,97904
P001,Apple,iPhone 16,Smartphone,80000,56,Returning,3,1,72349
P010,ASUS,ASUS ROG Zephyrus G16,Laptop,160000,26,New,1,0,140903
P010,ASUS,ASUS ROG Zephyrus G16,Laptop,160000,72,Returning,2,0,137466
P010,ASUS,ASUS ROG Zephyrus G16,Laptop,160000,8,New,2,1,141033
P009,Apple,iPad Air M3,Tablet,65000,86,Returning,2,1,56108
P009,Apple,iPad Air M3,Tablet,65000,43,Premium,3,1,56802
P009,Apple,iPad Air M3,Tablet,65000,68,New,3,0,59646
P006,Apple,Apple Watch Series 10,Smartwatch,50000,90,Returning,3,1,42138
P007,Dell,Dell XPS 13,Laptop,120000,23,New,3,1,105507
P008,Canon,Canon EOS R50,Camera,75000,17,Premium,3,0,66621
P005,Sony,Sony WH-1000XM6,Headphones,32000,28,Premium,2,1,25182
P010,ASUS,ASUS ROG Zephyrus G16,Laptop,160000,51,New,3,0,137276
P003,Apple,MacBook Air M4,Laptop,110000,45,New,1,0,103261
P007,Dell,Dell XPS 13,Laptop,120000,22,Returning,2,0,108065
P007,Dell,Dell XPS 13,Laptop,120000,25,Premium,2,0,106961
P001,Apple,iPhone 16,Smartphone,80000,12,New,1,0,78844
P005,Sony,Sony WH-1000XM6,Headphones,32000,12,Returning,3,0,27308
P001,Apple,iPhone 16,Smartphone,80000,2,Premium,3,1,73503
P003,Apple,MacBook Air M4,Laptop,110000,89,Returning,1,0,100019
P007,Dell,Dell XPS 13,Laptop,120000,1,Returning,2,0,112085
P010,ASUS,ASUS ROG Zephyrus G16,Laptop,160000,47,Returning,1,0,138768
P008,Canon,Canon EOS R50,Camera,75000,37,Premium,1,0,66234
P004,Sony,PlayStation 5,Gaming Console,55000,79,New,1,0,51238
P004,Sony,PlayStation 5,Gaming Console,55000,32,Returning,1,0,50237
P003,Apple,MacBook Air M4,Laptop,110000,39,Returning,1,0,102772
P010,ASUS,ASUS ROG Zephyrus G16,Laptop,160000,29,Returning,1,0,139129
P001,Apple,iPhone 16,Smartphone,80000,68,New,2,1,73774
P001,Apple,iPhone 16,Smartphone,80000,42,Returning,2,1,72413
P007,Dell,Dell XPS 13,Laptop,120000,8,Returning,2,0,111500
P005,Sony,Sony WH-1000XM6,Headphones,32000,28,Premium,3,1,24790
P001,Apple,iPhone 16,Smartphone,80000,74,Returning,1,1,73277
P004,Sony,PlayStation 5,Gaming Console,55000,35,Returning,1,1,49845
P007,Dell,Dell XPS 13,Laptop,120000,85,New,1,0,107710
P004,Sony,PlayStation 5,Gaming Console,55000,53,New,1,1,49839
P002,Samsung,Samsung Galaxy S25 Ultra,Smartphone,95000,56,Returning,1,0,84782
P002,Samsung,Samsung Galaxy S25 Ultra,Smartphone,95000,50,Returning,2,1,81319
P004,Sony,PlayStation 5,Gaming Console,55000,59,New,2,1,49674
P007,Dell,Dell XPS 13,Laptop,120000,67,Returning,2,1,106015
P001,Apple,iPhone 16,Smartphone,80000,55,Premium,1,1,72918
P005,Sony,Sony WH-1000XM6,Headphones,32000,24,Premium,1,1,26321
P007,Dell,Dell XPS 13,Laptop,120000,9,Returning,2,1,108802
P009,Apple,iPad Air M3,Tablet,65000,71,Returning,1,0,60155
P008,Canon,Canon EOS R50,Camera,75000,80,Premium,3,0,64176
P005,Sony,Sony WH-1000XM6,Headphones,32000,90,New,1,0,26353
P009,Apple,iPad Air M3,Tablet,65000,29,Returning,2,1,58140
P005,Sony,Sony WH-1000XM6,Headphones,32000,10,Returning,1,0,27615
P006,Apple,Apple Watch Series 10,Smartwatch,50000,55,Returning,1,1,44586
P005,Sony,Sony WH-1000XM6,Headphones,32000,58,Premium,1,0,26427
P005,Sony,Sony WH-1000XM6,Headphones,32000,99,Premium,2,0,25487
P003,Apple,MacBook Air M4,Laptop,110000,54,Premium,3,0,98787
P008,Canon,Canon EOS R50,Camera,75000,23,New,3,1,64751
P005,Sony,Sony WH-1000XM6,Headphones,32000,9,Premium,1,0,27629
P006,Apple,Apple Watch Series 10,Smartwatch,50000,30,Premium,2,1,43493
P005,Sony,Sony WH-1000XM6,Headphones,32000,23,New,2,1,25980
P006,Apple,Apple Watch Series 10,Smartwatch,50000,100,Premium,3,0,43355
P001,Apple,iPhone 16,Smartphone,80000,75,New,2,0,74968
P007,Dell,Dell XPS 13,Laptop,120000,7,Returning,2,1,109454
P002,Samsung,Samsung Galaxy S25 Ultra,Smartphone,95000,38,New,2,1,82432
P004,Sony,PlayStation 5,Gaming Console,55000,59,New,2,1,49084
P009,Apple,iPad Air M3,Tablet,65000,97,Returning,3,1,56299
P007,Dell,Dell XPS 13,Laptop,120000,33,Returning,2,0,108195
P007,Dell,Dell XPS 13,Laptop,120000,97,New,2,0,106676
P005,Sony,Sony WH-1000XM6,Headphones,32000,89,New,3,1,25616
P009,Apple,iPad Air M3,Tablet,65000,96,Premium,3,0,57010
P001,Apple,iPhone 16,Smartphone,80000,20,Returning,2,0,74490
P002,Samsung,Samsung Galaxy S25 Ultra,Smartphone,95000,2,Premium,2,1,83141
P008,Canon,Canon EOS R50,Camera,75000,84,Premium,2,0,63547
P004,Sony,PlayStation 5,Gaming Console,55000,47,Returning,2,0,49895
P001,Apple,iPhone 16,Smartphone,80000,30,Premium,1,1,72573
P007,Dell,Dell XPS 13,Laptop,120000,76,Premium,1,0,107527
P007,Dell,Dell XPS 13,Laptop,120000,62,Premium,2,0,106322
P007,Dell,Dell XPS 13,Laptop,120000,61,Premium,1,0,107687
P003,Apple,MacBook Air M4,Laptop,110000,54,Returning,2,1,99294
P002,Samsung,Samsung Galaxy S25 Ultra,Smartphone,95000,79,New,3,1,81720
P009,Apple,iPad Air M3,Tablet,65000,56,Returning,1,1,58692
P010,ASUS,ASUS ROG Zephyrus G16,Laptop,160000,6,Returning,2,0,142486
P007,Dell,Dell XPS 13,Laptop,120000,27,Returning,3,0,107013
P009,Apple,iPad Air M3,Tablet,65000,89,Premium,3,1,55159
P001,Apple,iPhone 16,Smartphone,80000,95,Returning,3,1,70768
P001,Apple,iPhone 16,Smartphone,80000,86,Premium,2,0,71642
P002,Samsung,Samsung Galaxy S25 Ultra,Smartphone,95000,89,Returning,1,1,80913
P009,Apple,iPad Air M3,Tablet,65000,55,Premium,1,1,58049
P008,Canon,Canon EOS R50,Camera,75000,4,Returning,2,0,67941
P001,Apple,iPhone 16,Smartphone,80000,98,New,2,0,73691
P001,Apple,iPhone 16,Smartphone,80000,61,New,3,0,74685
P009,Apple,iPad Air M3,Tablet,65000,79,New,3,0,59152
P002,Samsung,Samsung Galaxy S25 Ultra,Smartphone,95000,72,New,2,1,83138
P004,Sony,PlayStation 5,Gaming Console,55000,99,New,2,0,49468
P001,Apple,iPhone 16,Smartphone,80000,69,Returning,2,1,72475
P007,Dell,Dell XPS 13,Laptop,120000,76,Returning,1,0,108911
P010,ASUS,ASUS ROG Zephyrus G16,Laptop,160000,69,Premium,3,0,134895
P002,Samsung,Samsung Galaxy S25 Ultra,Smartphone,95000,87,New,2,1,80953
P010,ASUS,ASUS ROG Zephyrus G16,Laptop,160000,89,New,1,1,134267
P010,ASUS,ASUS ROG Zephyrus G16,Laptop,160000,79,Returning,2,0,137489
P010,ASUS,ASUS ROG Zephyrus G16,Laptop,160000,23,New,3,1,134739
P009,Apple,iPad Air M3,Tablet,65000,57,New,1,1,58914
P010,ASUS,ASUS ROG Zephyrus G16,Laptop,160000,68,New,2,0,139274
P009,Apple,iPad Air M3,Tablet,65000,96,Returning,3,0,57531
P001,Apple,iPhone 16,Smartphone,80000,90,New,3,0,72777
P009,Apple,iPad Air M3,Tablet,65000,15,Returning,2,0,60995
P007,Dell,Dell XPS 13,Laptop,120000,83,Returning,3,0,104594
P002,Samsung,Samsung Galaxy S25 Ultra,Smartphone,95000,44,Premium,3,0,81305
P007,Dell,Dell XPS 13,Laptop,120000,84,Returning,3,0,104822
P009,Apple,iPad Air M3,Tablet,65000,12,Returning,1,0,62212
P008,Canon,Canon EOS R50,Camera,75000,100,New,1,1,64055
P010,ASUS,ASUS ROG Zephyrus G16,Laptop,160000,20,Returning,3,1,132343
P008,Canon,Canon EOS R50,Camera,75000,7,New,1,0,69780
P002,Samsung,Samsung Galaxy S25 Ultra,Smartphone,95000,59,New,2,0,84591
P003,Apple,MacBook Air M4,Laptop,110000,77,Returning,3,0,100266
P005,Sony,Sony WH-1000XM6,Headphones,32000,39,Premium,2,0,26416
P001,Apple,iPhone 16,Smartphone,80000,59,New,3,1,73274
P010,ASUS,ASUS ROG Zephyrus G16,Laptop,160000,24,Premium,3,1,131346
P005,Sony,Sony WH-1000XM6,Headphones,32000,12,New,2,0,27773
P010,ASUS,ASUS ROG Zephyrus G16,Laptop,160000,88,New,3,1,131579
P002,Samsung,Samsung Galaxy S25 Ultra,Smartphone,95000,22,Returning,2,1,81335
P001,Apple,iPhone 16,Smartphone,80000,72,New,3,0,74760
P001,Apple,iPhone 16,Smartphone,80000,31,Premium,1,1,72358
P003,Apple,MacBook Air M4,Laptop,110000,54,New,3,1,98787
P005,Sony,Sony WH-1000XM6,Headphones,32000,28,Returning,3,1,25745
P003,Apple,MacBook Air M4,Laptop,110000,83,Returning,2,1,97221
P001,Apple,iPhone 16,Smartphone,80000,11,New,1,1,77129
P003,Apple,MacBook Air M4,Laptop,110000,39,New,3,1,98720
P007,Dell,Dell XPS 13,Laptop,120000,77,New,3,0,108461
P003,Apple,MacBook Air M4,Laptop,110000,29,Returning,2,0,100709
P003,Apple,MacBook Air M4,Laptop,110000,71,Returning,3,1,97814
P001,Apple,iPhone 16,Smartphone,80000,32,Premium,2,1,71500
P003,Apple,MacBook Air M4,Laptop,110000,97,Returning,1,1,97725
P003,Apple,MacBook Air M4,Laptop,110000,98,Premium,2,0,97760
P006,Apple,Apple Watch Series 10,Smartwatch,50000,29,Premium,2,1,43513
P002,Samsung,Samsung Galaxy S25 Ultra,Smartphone,95000,90,Premium,2,1,79147
P005,Sony,Sony WH-1000XM6,Headphones,32000,87,New,1,1,26266
P005,Sony,Sony WH-1000XM6,Headphones,32000,66,Premium,1,0,26420
P010,ASUS,ASUS ROG Zephyrus G16,Laptop,160000,58,Returning,1,1,135783
P007,Dell,Dell XPS 13,Laptop,120000,53,New,1,0,110136
P007,Dell,Dell XPS 13,Laptop,120000,5,Returning,2,1,109318
P010,ASUS,ASUS ROG Zephyrus G16,Laptop,160000,68,Returning,2,0,137232
P006,Apple,Apple Watch Series 10,Smartwatch,50000,75,Returning,3,1,43991
P003,Apple,MacBook Air M4,Laptop,110000,18,Premium,1,1,101990
P010,ASUS,ASUS ROG Zephyrus G16,Laptop,160000,68,Returning,1,0,139684
P007,Dell,Dell XPS 13,Laptop,120000,73,Premium,1,0,107893
P007,Dell,Dell XPS 13,Laptop,120000,51,New,2,1,106481
P004,Sony,PlayStation 5,Gaming Console,55000,45,Returning,3,0,49602
P010,ASUS,ASUS ROG Zephyrus G16,Laptop,160000,94,Premium,1,0,134228
P009,Apple,iPad Air M3,Tablet,65000,95,Returning,2,1,56777
P008,Canon,Canon EOS R50,Camera,75000,58,Premium,1,1,64938
P007,Dell,Dell XPS 13,Laptop,120000,2,Returning,1,0,112560
P009,Apple,iPad Air M3,Tablet,65000,23,New,3,1,58266
P010,ASUS,ASUS ROG Zephyrus G16,Laptop,160000,32,New,2,0,139317
P009,Apple,iPad Air M3,Tablet,65000,96,New,3,0,57508
P003,Apple,MacBook Air M4,Laptop,110000,52,New,1,0,103818
P002,Samsung,Samsung Galaxy S25 Ultra,Smartphone,95000,38,Returning,1,1,83102
P007,Dell,Dell XPS 13,Laptop,120000,19,Premium,3,0,109679
P005,Sony,Sony WH-1000XM6,Headphones,32000,95,Premium,3,0,25653
P001,Apple,iPhone 16,Smartphone,80000,37,Premium,3,0,72522
P005,Sony,Sony WH-1000XM6,Headphones,32000,16,New,1,1,27349
P003,Apple,MacBook Air M4,Laptop,110000,82,Premium,2,0,97433
P010,ASUS,ASUS ROG Zephyrus G16,Laptop,160000,79,Premium,2,1,133152
P007,Dell,Dell XPS 13,Laptop,120000,39,New,3,0,107803
P001,Apple,iPhone 16,Smartphone,80000,43,Premium,3,0,72356
P009,Apple,iPad Air M3,Tablet,65000,24,New,2,0,59331
P010,ASUS,ASUS ROG Zephyrus G16,Laptop,160000,63,Returning,2,0,137737
P005,Sony,Sony WH-1000XM6,Headphones,32000,72,Premium,2,0,26677
P010,ASUS,ASUS ROG Zephyrus G16,Laptop,160000,100,Premium,1,1,131111
P009,Apple,iPad Air M3,Tablet,65000,17,New,1,1,61274
P006,Apple,Apple Watch Series 10,Smartwatch,50000,32,Premium,1,1,44130
P007,Dell,Dell XPS 13,Laptop,120000,53,New,3,1,105685
P006,Apple,Apple Watch Series 10,Smartwatch,50000,62,New,3,1,44369
P001,Apple,iPhone 16,Smartphone,80000,40,New,2,1,73363
P002,Samsung,Samsung Galaxy S25 Ultra,Smartphone,95000,91,New,2,0,83137
P002,Samsung,Samsung Galaxy S25 Ultra,Smartphone,95000,85,New,2,1,81120
P007,Dell,Dell XPS 13,Laptop,120000,13,New,1,1,111601
P008,Canon,Canon EOS R50,Camera,75000,26,Premium,1,0,66008
P006,Apple,Apple Watch Series 10,Smartwatch,50000,8,New,2,0,47275
P010,ASUS,ASUS ROG Zephyrus G16,Laptop,160000,98,Premium,1,0,134050
P006,Apple,Apple Watch Series 10,Smartwatch,50000,80,Premium,3,0,44104
P004,Sony,PlayStation 5,Gaming Console,55000,67,Returning,1,0,50570
P001,Apple,iPhone 16,Smartphone,80000,25,Returning,3,0,73929
P005,Sony,Sony WH-1000XM6,Headphones,32000,40,Returning,2,1,25983
P010,ASUS,ASUS ROG Zephyrus G16,Laptop,160000,1,Returning,2,1,138726
P008,Canon,Canon EOS R50,Camera,75000,96,Premium,2,0,64043
P004,Sony,PlayStation 5,Gaming Console,55000,41,New,1,1,49973
P006,Apple,Apple Watch Series 10,Smartwatch,50000,10,Premium,1,1,45644
P001,Apple,iPhone 16,Smartphone,80000,89,Premium,2,0,71994
P004,Sony,PlayStation 5,Gaming Console,55000,85,New,3,1,47430
P005,Sony,Sony WH-1000XM6,Headphones,32000,46,Returning,1,1,25777
P010,ASUS,ASUS ROG Zephyrus G16,Laptop,160000,10,Premium,2,0,140652
P006,Apple,Apple Watch Series 10,Smartwatch,50000,70,Premium,1,0,44828
P008,Canon,Canon EOS R50,Camera,75000,34,Returning,3,1,63935
P006,Apple,Apple Watch Series 10,Smartwatch,50000,32,Premium,3,0,44443
P007,Dell,Dell XPS 13,Laptop,120000,7,Premium,2,1,107502
P001,Apple,iPhone 16,Smartphone,80000,37,New,3,0,74813
P001,Apple,iPhone 16,Smartphone,80000,92,Returning,2,1,70820
P009,Apple,iPad Air M3,Tablet,65000,36,New,1,0,60132
P002,Samsung,Samsung Galaxy S25 Ultra,Smartphone,95000,70,New,3,0,83702
P007,Dell,Dell XPS 13,Laptop,120000,51,New,3,0,107744
P009,Apple,iPad Air M3,Tablet,65000,48,Premium,3,1,56750
P005,Sony,Sony WH-1000XM6,Headphones,32000,81,Premium,3,0,25455
P008,Canon,Canon EOS R50,Camera,75000,69,Premium,1,0,65901
P006,Apple,Apple Watch Series 10,Smartwatch,50000,21,Premium,3,1,42592
P007,Dell,Dell XPS 13,Laptop,120000,37,Premium,2,0,107187
P004,Sony,PlayStation 5,Gaming Console,55000,93,New,2,1,48035
P004,Sony,PlayStation 5,Gaming Console,55000,8,New,3,1,50407
P005,Sony,Sony WH-1000XM6,Headphones,32000,3,Premium,3,0,27160
P007,Dell,Dell XPS 13,Laptop,120000,63,New,3,1,106092
P001,Apple,iPhone 16,Smartphone,80000,77,New,1,0,76113
P010,ASUS,ASUS ROG Zephyrus G16,Laptop,160000,12,Premium,3,1,136386
P004,Sony,PlayStation 5,Gaming Console,55000,11,New,1,0,53130
P007,Dell,Dell XPS 13,Laptop,120000,49,New,1,1,108050
P005,Sony,Sony WH-1000XM6,Headphones,32000,71,Returning,3,0,26091
P003,Apple,MacBook Air M4,Laptop,110000,52,New,1,0,103014
P010,ASUS,ASUS ROG Zephyrus G16,Laptop,160000,84,Returning,1,1,132765
P003,Apple,MacBook Air M4,Laptop,110000,19,New,2,0,105715
P008,Canon,Canon EOS R50,Camera,75000,87,New,2,1,64224
P005,Sony,Sony WH-1000XM6,Headphones,32000,47,Premium,2,1,25591
P001,Apple,iPhone 16,Smartphone,80000,69,Premium,3,0,73240
P004,Sony,PlayStation 5,Gaming Console,55000,11,Returning,1,1,51049
P002,Samsung,Samsung Galaxy S25 Ultra,Smartphone,95000,80,Premium,2,0,82740
P005,Sony,Sony WH-1000XM6,Headphones,32000,54,Returning,2,1,25555
P007,Dell,Dell XPS 13,Laptop,120000,24,New,2,1,107244
P001,Apple,iPhone 16,Smartphone,80000,47,New,1,0,76267
P007,Dell,Dell XPS 13,Laptop,120000,10,Premium,3,1,106316
P003,Apple,MacBook Air M4,Laptop,110000,48,Returning,3,1,97406
P004,Sony,PlayStation 5,Gaming Console,55000,50,Premium,2,0,49338
P001,Apple,iPhone 16,Smartphone,80000,51,New,1,1,74305
P004,Sony,PlayStation 5,Gaming Console,55000,56,New,2,0,50232
P009,Apple,iPad Air M3,Tablet,65000,83,New,3,1,56322
P001,Apple,iPhone 16,Smartphone,80000,80,Premium,3,0,72311
P004,Sony,PlayStation 5,Gaming Console,55000,76,New,3,0,49718
P001,Apple,iPhone 16,Smartphone,80000,95,New,3,0,72446
P006,Apple,Apple Watch Series 10,Smartwatch,50000,18,New,3,1,45347
P003,Apple,MacBook Air M4,Laptop,110000,89,New,2,1,97982
P008,Canon,Canon EOS R50,Camera,75000,90,Premium,2,0,64128
P002,Samsung,Samsung Galaxy S25 Ultra,Smartphone,95000,74,Premium,1,1,81242
P001,Apple,iPhone 16,Smartphone,80000,80,Premium,3,1,70744
P003,Apple,MacBook Air M4,Laptop,110000,60,Returning,2,1,99177
P006,Apple,Apple Watch Series 10,Smartwatch,50000,33,Returning,3,0,44044
P006,Apple,Apple Watch Series 10,Smartwatch,50000,37,Premium,3,1,43210
P005,Sony,Sony WH-1000XM6,Headphones,32000,43,New,3,0,26187
P009,Apple,iPad Air M3,Tablet,65000,3,Premium,3,0,60035
P009,Apple,iPad Air M3,Tablet,65000,77,Returning,2,1,57892
P004,Sony,PlayStation 5,Gaming Console,55000,37,Returning,2,1,48865
P003,Apple,MacBook Air M4,Laptop,110000,22,Premium,3,1,96452
P002,Samsung,Samsung Galaxy S25 Ultra,Smartphone,95000,64,Premium,2,0,82472
P007,Dell,Dell XPS 13,Laptop,120000,49,New,1,1,107605
P007,Dell,Dell XPS 13,Laptop,120000,18,Returning,3,1,107531
P008,Canon,Canon EOS R50,Camera,75000,2,Returning,2,0,68525
P007,Dell,Dell XPS 13,Laptop,120000,52,New,1,0,110261
P002,Samsung,Samsung Galaxy S25 Ultra,Smartphone,95000,47,Premium,2,0,82222
P006,Apple,Apple Watch Series 10,Smartwatch,50000,26,Premium,1,0,44951
P004,Sony,PlayStation 5,Gaming Console,55000,87,Premium,3,0,47783
P008,Canon,Canon EOS R50,Camera,75000,13,Returning,2,0,68105
P009,Apple,iPad Air M3,Tablet,65000,57,Premium,1,1,57482
P003,Apple,MacBook Air M4,Laptop,110000,33,Returning,1,0,102051
P010,ASUS,ASUS ROG Zephyrus G16,Laptop,160000,42,Returning,2,1,133957
P007,Dell,Dell XPS 13,Laptop,120000,34,Premium,3,1,102918
P002,Samsung,Samsung Galaxy S25 Ultra,Smartphone,95000,88,Returning,3,1,78947
P001,Apple,iPhone 16,Smartphone,80000,41,Premium,2,0,73686
P002,Samsung,Samsung Galaxy S25 Ultra,Smartphone,95000,98,Premium,3,1,77845
P005,Sony,Sony WH-1000XM6,Headphones,32000,92,Returning,3,0,25539
P006,Apple,Apple Watch Series 10,Smartwatch,50000,50,New,3,0,44699
P006,Apple,Apple Watch Series 10,Smartwatch,50000,92,Premium,2,1,42642
P009,Apple,iPad Air M3,Tablet,65000,59,Returning,3,0,58383
P008,Canon,Canon EOS R50,Camera,75000,7,New,1,1,68617
P008,Canon,Canon EOS R50,Camera,75000,94,New,3,1,62750
P001,Apple,iPhone 16,Smartphone,80000,83,New,3,0,72467
P001,Apple,iPhone 16,Smartphone,80000,78,Returning,2,1,72547
P004,Sony,PlayStation 5,Gaming Console,55000,25,New,3,1,48667
P003,Apple,MacBook Air M4,Laptop,110000,27,Premium,2,1,97665
P001,Apple,iPhone 16,Smartphone,80000,24,Premium,1,1,72545
P003,Apple,MacBook Air M4,Laptop,110000,51,Returning,2,0,100964
P003,Apple,MacBook Air M4,Laptop,110000,57,Returning,1,0,102029
P009,Apple,iPad Air M3,Tablet,65000,44,Premium,1,0,58789
P004,Sony,PlayStation 5,Gaming Console,55000,88,New,1,0,49807
P001,Apple,iPhone 16,Smartphone,80000,9,Returning,3,0,75733
P003,Apple,MacBook Air M4,Laptop,110000,67,Returning,2,0,100917
P005,Sony,Sony WH-1000XM6,Headphones,32000,64,Premium,1,0,26970
P010,ASUS,ASUS ROG Zephyrus G16,Laptop,160000,2,Premium,2,1,137939
P006,Apple,Apple Watch Series 10,Smartwatch,50000,11,Returning,2,1,45129
P007,Dell,Dell XPS 13,Laptop,120000,8,Returning,2,1,109282
P010,ASUS,ASUS ROG Zephyrus G16,Laptop,160000,80,New,1,0,140427
P001,Apple,iPhone 16,Smartphone,80000,1,Premium,2,1,74151
P004,Sony,PlayStation 5,Gaming Console,55000,87,New,1,1,49090
P003,Apple,MacBook Air M4,Laptop,110000,17,Returning,2,1,102278
P004,Sony,PlayStation 5,Gaming Console,55000,27,New,2,0,51077
P007,Dell,Dell XPS 13,Laptop,120000,52,Returning,3,1,103928
P008,Canon,Canon EOS R50,Camera,75000,1,New,3,1,66303
P004,Sony,PlayStation 5,Gaming Console,55000,49,New,2,1,49173
P010,ASUS,ASUS ROG Zephyrus G16,Laptop,160000,65,Returning,1,1,135586
P001,Apple,iPhone 16,Smartphone,80000,82,Returning,3,1,70645
P001,Apple,iPhone 16,Smartphone,80000,17,Returning,2,0,76991
P007,Dell,Dell XPS 13,Laptop,120000,61,Returning,3,0,106738
P008,Canon,Canon EOS R50,Camera,75000,54,New,2,0,67112
P007,Dell,Dell XPS 13,Laptop,120000,21,New,1,0,110623
P007,Dell,Dell XPS 13,Laptop,120000,25,Premium,3,1,103349
P007,Dell,Dell XPS 13,Laptop,120000,34,Returning,3,0,106589
P010,ASUS,ASUS ROG Zephyrus G16,Laptop,160000,58,Returning,2,1,134561
P010,ASUS,ASUS ROG Zephyrus G16,Laptop,160000,27,New,3,0,137701
P010,ASUS,ASUS ROG Zephyrus G16,Laptop,160000,87,Returning,3,1,129962
P010,ASUS,ASUS ROG Zephyrus G16,Laptop,160000,10,Returning,3,1,137135
P010,ASUS,ASUS ROG Zephyrus G16,Laptop,160000,95,Premium,2,1,129114
P005,Sony,Sony WH-1000XM6,Headphones,32000,77,Premium,3,0,25566
P007,Dell,Dell XPS 13,Laptop,120000,100,Returning,2,0,105230
P003,Apple,MacBook Air M4,Laptop,110000,96,New,3,1,97214
P007,Dell,Dell XPS 13,Laptop,120000,13,New,1,0,114235
P009,Apple,iPad Air M3,Tablet,65000,75,Premium,3,0,58026
P002,Samsung,Samsung Galaxy S25 Ultra,Smartphone,95000,43,Premium,2,1,80483
P005,Sony,Sony WH-1000XM6,Headphones,32000,3,New,3,0,27206
P008,Canon,Canon EOS R50,Camera,75000,56,Premium,3,0,64140
P004,Sony,PlayStation 5,Gaming Console,55000,76,Premium,3,1,48311
P008,Canon,Canon EOS R50,Camera,75000,39,New,3,0,65849
P007,Dell,Dell XPS 13,Laptop,120000,92,Returning,3,1,101565
P009,Apple,iPad Air M3,Tablet,65000,100,Premium,3,0,56980
P003,Apple,MacBook Air M4,Laptop,110000,27,Returning,3,1,97459
P006,Apple,Apple Watch Series 10,Smartwatch,50000,85,Premium,2,0,43397
P009,Apple,iPad Air M3,Tablet,65000,7,Returning,3,0,60698
P004,Sony,PlayStation 5,Gaming Console,55000,90,Premium,2,1,47210
P005,Sony,Sony WH-1000XM6,Headphones,32000,60,Premium,3,1,25180
P001,Apple,iPhone 16,Smartphone,80000,97,Premium,2,1,70603
P008,Canon,Canon EOS R50,Camera,75000,80,Returning,3,1,63447
P009,Apple,iPad Air M3,Tablet,65000,31,New,3,1,57507
P004,Sony,PlayStation 5,Gaming Console,55000,51,New,1,0,51237
P003,Apple,MacBook Air M4,Laptop,110000,54,New,2,1,99735
P001,Apple,iPhone 16,Smartphone,80000,13,Returning,2,1,75622
P006,Apple,Apple Watch Series 10,Smartwatch,50000,94,Returning,3,1,42973
P005,Sony,Sony WH-1000XM6,Headphones,32000,43,Returning,3,1,25430
P006,Apple,Apple Watch Series 10,Smartwatch,50000,97,Returning,2,1,42602
P003,Apple,MacBook Air M4,Laptop,110000,33,Returning,2,1,98505
P001,Apple,iPhone 16,Smartphone,80000,7,Returning,3,1,74245
P009,Apple,iPad Air M3,Tablet,65000,54,Premium,1,1,58049
P001,Apple,iPhone 16,Smartphone,80000,46,New,2,1,73461
P005,Sony,Sony WH-1000XM6,Headphones,32000,42,New,1,0,27613
P005,Sony,Sony WH-1000XM6,Headphones,32000,39,Returning,1,1,26695
P005,Sony,Sony WH-1000XM6,Headphones,32000,1,New,1,0,28201
P007,Dell,Dell XPS 13,Laptop,120000,69,Returning,1,0,109556
P006,Apple,Apple Watch Series 10,Smartwatch,50000,61,New,3,0,44963
P001,Apple,iPhone 16,Smartphone,80000,32,Returning,1,0,75603
P010,ASUS,ASUS ROG Zephyrus G16,Laptop,160000,39,Returning,1,0,139224
P007,Dell,Dell XPS 13,Laptop,120000,8,New,1,1,111848
P001,Apple,iPhone 16,Smartphone,80000,70,Premium,3,0,72331
P010,ASUS,ASUS ROG Zephyrus G16,Laptop,160000,100,Returning,3,0,132517
P005,Sony,Sony WH-1000XM6,Headphones,32000,86,Premium,1,1,25433
P002,Samsung,Samsung Galaxy S25 Ultra,Smartphone,95000,78,Returning,3,1,81138
P010,ASUS,ASUS ROG Zephyrus G16,Laptop,160000,63,New,2,1,135656
P009,Apple,iPad Air M3,Tablet,65000,35,New,1,1,59048
P010,ASUS,ASUS ROG Zephyrus G16,Laptop,160000,35,Premium,1,1,134225
P001,Apple,iPhone 16,Smartphone,80000,60,New,2,1,73869
P008,Canon,Canon EOS R50,Camera,75000,39,Premium,1,1,64510
P004,Sony,PlayStation 5,Gaming Console,55000,74,Returning,3,0,49909
P006,Apple,Apple Watch Series 10,Smartwatch,50000,75,Premium,3,0,43643
P007,Dell,Dell XPS 13,Laptop,120000,1,New,3,1,108976
P003,Apple,MacBook Air M4,Laptop,110000,84,New,1,0,101062
P009,Apple,iPad Air M3,Tablet,65000,77,New,2,1,58625
P001,Apple,iPhone 16,Smartphone,80000,60,New,2,0,74741
P004,Sony,PlayStation 5,Gaming Console,55000,13,Premium,3,1,49680
P008,Canon,Canon EOS R50,Camera,75000,61,Returning,3,1,63721
P006,Apple,Apple Watch Series 10,Smartwatch,50000,79,Returning,1,1,44068
P009,Apple,iPad Air M3,Tablet,65000,55,Premium,2,0,58206
P001,Apple,iPhone 16,Smartphone,80000,65,Premium,3,0,73159
P010,ASUS,ASUS ROG Zephyrus G16,Laptop,160000,41,Premium,3,1,131413
P009,Apple,iPad Air M3,Tablet,65000,36,New,3,1,57512
P004,Sony,PlayStation 5,Gaming Console,55000,83,New,1,1,48481
P006,Apple,Apple Watch Series 10,Smartwatch,50000,93,Premium,2,1,42169
P008,Canon,Canon EOS R50,Camera,75000,54,Returning,2,0,65601
P008,Canon,Canon EOS R50,Camera,75000,25,Premium,1,1,64412
P003,Apple,MacBook Air M4,Laptop,110000,76,New,3,0,101080
P002,Samsung,Samsung Galaxy S25 Ultra,Smartphone,95000,68,New,2,0,84351
P003,Apple,MacBook Air M4,Laptop,110000,49,Returning,2,1,98924
P010,ASUS,ASUS ROG Zephyrus G16,Laptop,160000,71,Premium,1,1,134850
P003,Apple,MacBook Air M4,Laptop,110000,31,New,2,0,102025
P008,Canon,Canon EOS R50,Camera,75000,16,Returning,3,0,67155
P003,Apple,MacBook Air M4,Laptop,110000,30,Returning,3,0,99636
P007,Dell,Dell XPS 13,Laptop,120000,41,Returning,3,1,103956
P009,Apple,iPad Air M3,Tablet,65000,36,Returning,2,1,58070
P005,Sony,Sony WH-1000XM6,Headphones,32000,10,Premium,2,1,26568
P006,Apple,Apple Watch Series 10,Smartwatch,50000,41,New,3,0,45338
P009,Apple,iPad Air M3,Tablet,65000,70,Premium,3,0,58213
P008,Canon,Canon EOS R50,Camera,75000,96,New,2,0,65111
P010,ASUS,ASUS ROG Zephyrus G16,Laptop,160000,9,Returning,2,0,142471
P010,ASUS,ASUS ROG Zephyrus G16,Laptop,160000,39,Returning,3,1,132471
P007,Dell,Dell XPS 13,Laptop,120000,71,New,3,1,105663
P009,Apple,iPad Air M3,Tablet,65000,57,Returning,1,0,60181
P003,Apple,MacBook Air M4,Laptop,110000,3,Premium,2,1,100781
P003,Apple,MacBook Air M4,Laptop,110000,31,Premium,2,0,99784
P002,Samsung,Samsung Galaxy S25 Ultra,Smartphone,95000,81,Premium,3,0,79947
P006,Apple,Apple Watch Series 10,Smartwatch,50000,95,New,3,0,43658
P010,ASUS,ASUS ROG Zephyrus G16,Laptop,160000,83,Premium,3,1,128367
P002,Samsung,Samsung Galaxy S25 Ultra,Smartphone,95000,66,New,1,1,83107
P007,Dell,Dell XPS 13,Laptop,120000,50,Premium,3,0,105994
P002,Samsung,Samsung Galaxy S25 Ultra,Smartphone,95000,7,Returning,3,0,85224
P008,Canon,Canon EOS R50,Camera,75000,100,New,3,0,64396
P009,Apple,iPad Air M3,Tablet,65000,78,New,1,1,59577
P009,Apple,iPad Air M3,Tablet,65000,85,Returning,3,1,56022
P008,Canon,Canon EOS R50,Camera,75000,6,New,3,1,66295
P007,Dell,Dell XPS 13,Laptop,120000,63,Returning,2,1,105982
P009,Apple,iPad Air M3,Tablet,65000,94,New,1,1,57712
P008,Canon,Canon EOS R50,Camera,75000,2,Returning,2,0,68507
P002,Samsung,Samsung Galaxy S25 Ultra,Smartphone,95000,99,New,3,0,81302
P006,Apple,Apple Watch Series 10,Smartwatch,50000,43,Returning,3,0,44697
P006,Apple,Apple Watch Series 10,Smartwatch,50000,57,Premium,1,1,43630
P002,Samsung,Samsung Galaxy S25 Ultra,Smartphone,95000,68,Returning,3,0,82678
P005,Sony,Sony WH-1000XM6,Headphones,32000,91,Returning,2,0,25738
P006,Apple,Apple Watch Series 10,Smartwatch,50000,66,Premium,1,0,45495
P002,Samsung,Samsung Galaxy S25 Ultra,Smartphone,95000,40,New,2,1,83123
P001,Apple,iPhone 16,Smartphone,80000,84,Premium,1,0,73258
P004,Sony,PlayStation 5,Gaming Console,55000,83,Returning,1,0,49410
P009,Apple,iPad Air M3,Tablet,65000,57,New,2,1,58838
P009,Apple,iPad Air M3,Tablet,65000,78,New,3,0,59246
P008,Canon,Canon EOS R50,Camera,75000,58,Premium,2,0,65644
P003,Apple,MacBook Air M4,Laptop,110000,30,Premium,2,1,97765
P007,Dell,Dell XPS 13,Laptop,120000,66,Returning,2,1,106099
P008,Canon,Canon EOS R50,Camera,75000,74,Returning,1,0,67089
P007,Dell,Dell XPS 13,Laptop,120000,93,Returning,2,0,105167
P007,Dell,Dell XPS 13,Laptop,120000,28,New,3,1,105591
P004,Sony,PlayStation 5,Gaming Console,55000,98,Returning,3,0,48789
P002,Samsung,Samsung Galaxy S25 Ultra,Smartphone,95000,46,Premium,2,1,80713
P003,Apple,MacBook Air M4,Laptop,110000,77,Premium,3,0,99178
P008,Canon,Canon EOS R50,Camera,75000,30,New,3,1,64984
P009,Apple,iPad Air M3,Tablet,65000,100,Premium,1,0,57489
P010,ASUS,ASUS ROG Zephyrus G16,Laptop,160000,12,Returning,3,1,138043
P005,Sony,Sony WH-1000XM6,Headphones,32000,83,New,1,0,26239
P005,Sony,Sony WH-1000XM6,Headphones,32000,12,Returning,3,1,26130
P009,Apple,iPad Air M3,Tablet,65000,45,Premium,3,1,56600
P004,Sony,PlayStation 5,Gaming Console,55000,75,Returning,2,0,50519
P008,Canon,Canon EOS R50,Camera,75000,27,Returning,2,1,64866
P008,Canon,Canon EOS R50,Camera,75000,91,Returning,2,0,64744
P002,Samsung,Samsung Galaxy S25 Ultra,Smartphone,95000,45,Premium,3,1,79857
P005,Sony,Sony WH-1000XM6,Headphones,32000,84,New,3,1,25054
P010,ASUS,ASUS ROG Zephyrus G16,Laptop,160000,15,Returning,1,1,140303
P006,Apple,Apple Watch Series 10,Smartwatch,50000,2,New,1,0,47525
P002,Samsung,Samsung Galaxy S25 Ultra,Smartphone,95000,52,Premium,3,0,81861
P005,Sony,Sony WH-1000XM6,Headphones,32000,13,New,2,1,27383
P008,Canon,Canon EOS R50,Camera,75000,50,Premium,1,1,64836
P009,Apple,iPad Air M3,Tablet,65000,27,Premium,2,1,56994
P001,Apple,iPhone 16,Smartphone,80000,95,New,3,0,72848
P007,Dell,Dell XPS 13,Laptop,120000,37,Premium,3,0,106094
P004,Sony,PlayStation 5,Gaming Console,55000,99,New,1,1,49434
P006,Apple,Apple Watch Series 10,Smartwatch,50000,96,New,3,1,43224
P003,Apple,MacBook Air M4,Laptop,110000,15,Premium,1,1,102186
P008,Canon,Canon EOS R50,Camera,75000,59,New,3,1,64425
P007,Dell,Dell XPS 13,Laptop,120000,56,New,1,0,110220
P007,Dell,Dell XPS 13,Laptop,120000,31,Returning,1,0,108837
P003,Apple,MacBook Air M4,Laptop,110000,18,Premium,3,0,102075
P010,ASUS,ASUS ROG Zephyrus G16,Laptop,160000,76,Premium,1,0,138021
P004,Sony,PlayStation 5,Gaming Console,55000,93,Returning,2,0,49362
P007,Dell,Dell XPS 13,Laptop,120000,63,Returning,3,0,106396
P008,Canon,Canon EOS R50,Camera,75000,58,Premium,1,1,64153
P005,Sony,Sony WH-1000XM6,Headphones,32000,36,Returning,1,1,26040
P001,Apple,iPhone 16,Smartphone,80000,79,New,1,0,76295
P006,Apple,Apple Watch Series 10,Smartwatch,50000,9,Returning,2,1,45929
P006,Apple,Apple Watch Series 10,Smartwatch,50000,56,Returning,1,1,44833
P001,Apple,iPhone 16,Smartphone,80000,15,Premium,2,0,76001
P003,Apple,MacBook Air M4,Laptop,110000,49,New,1,1,101452
P007,Dell,Dell XPS 13,Laptop,120000,79,Premium,2,1,104496
P003,Apple,MacBook Air M4,Laptop,110000,82,New,2,1,97784
P005,Sony,Sony WH-1000XM6,Headphones,32000,12,Returning,3,0,26726
P004,Sony,PlayStation 5,Gaming Console,55000,71,Returning,1,0,50860
P006,Apple,Apple Watch Series 10,Smartwatch,50000,44,New,3,0,45351
P005,Sony,Sony WH-1000XM6,Headphones,32000,100,Returning,3,1,25356
P009,Apple,iPad Air M3,Tablet,65000,52,Returning,1,0,59846
P009,Apple,iPad Air M3,Tablet,65000,30,Premium,1,1,57830
P004,Sony,PlayStation 5,Gaming Console,55000,30,New,2,1,49282
P007,Dell,Dell XPS 13,Laptop,120000,94,Premium,3,0,103082
P008,Canon,Canon EOS R50,Camera,75000,38,Premium,1,0,65866
P002,Samsung,Samsung Galaxy S25 Ultra,Smartphone,95000,15,Returning,3,1,83638
P009,Apple,iPad Air M3,Tablet,65000,60,Premium,2,0,58065
P003,Apple,MacBook Air M4,Laptop,110000,89,New,2,0,100197
P006,Apple,Apple Watch Series 10,Smartwatch,50000,37,New,2,1,44666
P007,Dell,Dell XPS 13,Laptop,120000,55,New,3,0,107553
P009,Apple,iPad Air M3,Tablet,65000,48,Premium,1,0,58752
P009,Apple,iPad Air M3,Tablet,65000,62,New,1,1,58861
P010,ASUS,ASUS ROG Zephyrus G16,Laptop,160000,11,Returning,1,0,143756
P004,Sony,PlayStation 5,Gaming Console,55000,56,Returning,3,1,48074
P002,Samsung,Samsung Galaxy S25 Ultra,Smartphone,95000,2,Returning,3,0,85561
P008,Canon,Canon EOS R50,Camera,75000,13,New,3,1,66896
P009,Apple,iPad Air M3,Tablet,65000,41,Returning,2,0,58988
P008,Canon,Canon EOS R50,Camera,75000,7,Returning,3,0,67146
P007,Dell,Dell XPS 13,Laptop,120000,75,Premium,1,0,108446
P002,Samsung,Samsung Galaxy S25 Ultra,Smartphone,95000,48,Returning,1,0,84062
P007,Dell,Dell XPS 13,Laptop,120000,5,New,1,0,113555
P003,Apple,MacBook Air M4,Laptop,110000,65,Returning,2,1,99431
P001,Apple,iPhone 16,Smartphone,80000,87,Returning,1,0,73395
P002,Samsung,Samsung Galaxy S25 Ultra,Smartphone,95000,13,Returning,1,0,87313
P007,Dell,Dell XPS 13,Laptop,120000,62,New,1,1,107577
P005,Sony,Sony WH-1000XM6,Headphones,32000,41,Premium,3,0,25439
P002,Samsung,Samsung Galaxy S25 Ultra,Smartphone,95000,52,Returning,1,0,84919
P009,Apple,iPad Air M3,Tablet,65000,19,New,1,0,62184
P001,Apple,iPhone 16,Smartphone,80000,5,Returning,1,0,77288
P003,Apple,MacBook Air M4,Laptop,110000,7,Returning,2,0,104670
P001,Apple,iPhone 16,Smartphone,80000,13,Premium,3,0,75570
P002,Samsung,Samsung Galaxy S25 Ultra,Smartphone,95000,15,New,2,1,85214
P004,Sony,PlayStation 5,Gaming Console,55000,74,New,1,0,51307
P003,Apple,MacBook Air M4,Laptop,110000,47,New,3,1,99478
P002,Samsung,Samsung Galaxy S25 Ultra,Smartphone,95000,28,New,1,1,83443
P007,Dell,Dell XPS 13,Laptop,120000,87,Returning,2,0,105321
P005,Sony,Sony WH-1000XM6,Headphones,32000,24,Premium,2,1,25891
P005,Sony,Sony WH-1000XM6,Headphones,32000,79,Returning,2,0,26237
P005,Sony,Sony WH-1000XM6,Headphones,32000,75,Premium,2,1,25297
P005,Sony,Sony WH-1000XM6,Headphones,32000,23,Premium,1,1,25673
P007,Dell,Dell XPS 13,Laptop,120000,97,Returning,3,1,102140
P004,Sony,PlayStation 5,Gaming Console,55000,36,Premium,3,1,47531
P010,ASUS,ASUS ROG Zephyrus G16,Laptop,160000,61,New,2,1,136354
P002,Samsung,Samsung Galaxy S25 Ultra,Smartphone,95000,43,Premium,1,1,82182
P007,Dell,Dell XPS 13,Laptop,120000,48,Returning,3,0,106573
P008,Canon,Canon EOS R50,Camera,75000,98,Returning,1,1,64056
P004,Sony,PlayStation 5,Gaming Console,55000,82,Premium,1,1,47776
P005,Sony,Sony WH-1000XM6,Headphones,32000,14,Returning,2,1,26604
P004,Sony,PlayStation 5,Gaming Console,55000,52,Premium,3,1,47513
P005,Sony,Sony WH-1000XM6,Headphones,32000,57,Returning,2,1,26156
P006,Apple,Apple Watch Series 10,Smartwatch,50000,86,New,2,0,44574
P010,ASUS,ASUS ROG Zephyrus G16,Laptop,160000,90,Premium,3,1,127630
P010,ASUS,ASUS ROG Zephyrus G16,Laptop,160000,71,Returning,3,0,135657
P005,Sony,Sony WH-1000XM6,Headphones,32000,26,Premium,2,1,26045
P010,ASUS,ASUS ROG Zephyrus G16,Laptop,160000,20,Returning,1,1,135986
P002,Samsung,Samsung Galaxy S25 Ultra,Smartphone,95000,21,Premium,2,1,81223
P004,Sony,PlayStation 5,Gaming Console,55000,96,Premium,3,0,47681
P005,Sony,Sony WH-1000XM6,Headphones,32000,28,Premium,2,1,25661
P006,Apple,Apple Watch Series 10,Smartwatch,50000,65,Premium,2,0,44684
P010,ASUS,ASUS ROG Zephyrus G16,Laptop,160000,4,Returning,1,1,141048
P009,Apple,iPad Air M3,Tablet,65000,19,Returning,3,1,59254
P004,Sony,PlayStation 5,Gaming Console,55000,79,Premium,3,0,48875
P002,Samsung,Samsung Galaxy S25 Ultra,Smartphone,95000,46,New,3,0,83203
P007,Dell,Dell XPS 13,Laptop,120000,66,Premium,1,1,105190
P001,Apple,iPhone 16,Smartphone,80000,32,New,2,0,75185
P003,Apple,MacBook Air M4,Laptop,110000,49,New,2,0,102593
P001,Apple,iPhone 16,Smartphone,80000,13,Returning,3,1,74734
P008,Canon,Canon EOS R50,Camera,75000,71,Premium,1,0,65895
P005,Sony,Sony WH-1000XM6,Headphones,32000,74,New,1,0,26825
P005,Sony,Sony WH-1000XM6,Headphones,32000,51,New,3,1,26221
P008,Canon,Canon EOS R50,Camera,75000,51,New,2,1,65608
P003,Apple,MacBook Air M4,Laptop,110000,96,Premium,3,0,96697
P005,Sony,Sony WH-1000XM6,Headphones,32000,45,Returning,1,0,26992
P002,Samsung,Samsung Galaxy S25 Ultra,Smartphone,95000,59,New,3,1,81211
P004,Sony,PlayStation 5,Gaming Console,55000,51,Premium,2,0,49683
P002,Samsung,Samsung Galaxy S25 Ultra,Smartphone,95000,24,Premium,2,1,80985
P005,Sony,Sony WH-1000XM6,Headphones,32000,73,Returning,1,1,26202
P001,Apple,iPhone 16,Smartphone,80000,53,Premium,3,0,72523
P006,Apple,Apple Watch Series 10,Smartwatch,50000,29,Premium,1,0,44607
P007,Dell,Dell XPS 13,Laptop,120000,14,New,2,0,112416
P007,Dell,Dell XPS 13,Laptop,120000,100,Premium,1,1,103448
P010,ASUS,ASUS ROG Zephyrus G16,Laptop,160000,5,New,1,0,145337
P005,Sony,Sony WH-1000XM6,Headphones,32000,35,New,2,1,26593
P008,Canon,Canon EOS R50,Camera,75000,85,New,3,1,63046
P002,Samsung,Samsung Galaxy S25 Ultra,Smartphone,95000,37,New,3,1,81290
P001,Apple,iPhone 16,Smartphone,80000,10,Returning,2,0,76338
P002,Samsung,Samsung Galaxy S25 Ultra,Smartphone,95000,33,Premium,1,0,83510
P001,Apple,iPhone 16,Smartphone,80000,37,Premium,3,0,73090
P001,Apple,iPhone 16,Smartphone,80000,7,Returning,3,0,76415
P001,Apple,iPhone 16,Smartphone,80000,20,Premium,3,1,71573
P007,Dell,Dell XPS 13,Laptop,120000,16,Returning,3,0,110665
P002,Samsung,Samsung Galaxy S25 Ultra,Smartphone,95000,80,Premium,1,0,83398
P003,Apple,MacBook Air M4,Laptop,110000,16,New,2,1,103209
P009,Apple,iPad Air M3,Tablet,65000,34,New,1,0,60276
P004,Sony,PlayStation 5,Gaming Console,55000,10,Returning,1,1,51229
P002,Samsung,Samsung Galaxy S25 Ultra,Smartphone,95000,63,Premium,1,0,84042
P009,Apple,iPad Air M3,Tablet,65000,49,New,1,1,59456
P008,Canon,Canon EOS R50,Camera,75000,13,Premium,1,1,66368
P004,Sony,PlayStation 5,Gaming Console,55000,18,Premium,1,1,51048
P001,Apple,iPhone 16,Smartphone,80000,18,Returning,2,0,76465
P009,Apple,iPad Air M3,Tablet,65000,72,Premium,1,1,57444
P002,Samsung,Samsung Galaxy S25 Ultra,Smartphone,95000,17,Premium,2,1,83424
P003,Apple,MacBook Air M4,Laptop,110000,63,Premium,1,0,101693
P007,Dell,Dell XPS 13,Laptop,120000,61,Premium,2,1,104289
P005,Sony,Sony WH-1000XM6,Headphones,32000,55,New,3,0,26304
P009,Apple,iPad Air M3,Tablet,65000,11,New,3,1,59608
P010,ASUS,ASUS ROG Zephyrus G16,Laptop,160000,15,Premium,2,0,141101
P010,ASUS,ASUS ROG Zephyrus G16,Laptop,160000,37,New,1,0,140421
P006,Apple,Apple Watch Series 10,Smartwatch,50000,37,New,1,0,45584
P006,Apple,Apple Watch Series 10,Smartwatch,50000,28,Returning,1,1,44611
P007,Dell,Dell XPS 13,Laptop,120000,85,New,2,0,106716
P009,Apple,iPad Air M3,Tablet,65000,33,Returning,2,0,58980
P003,Apple,MacBook Air M4,Laptop,110000,97,Premium,2,1,96114
P002,Samsung,Samsung Galaxy S25 Ultra,Smartphone,95000,1,New,3,1,84339
P008,Canon,Canon EOS R50,Camera,75000,93,New,3,1,63097
P009,Apple,iPad Air M3,Tablet,65000,77,Premium,3,1,56583
P009,Apple,iPad Air M3,Tablet,65000,46,Returning,2,1,57868
P010,ASUS,ASUS ROG Zephyrus G16,Laptop,160000,77,New,1,0,140678
P002,Samsung,Samsung Galaxy S25 Ultra,Smartphone,95000,76,Premium,3,1,79743
P008,Canon,Canon EOS R50,Camera,75000,45,Premium,2,0,65124
P006,Apple,Apple Watch Series 10,Smartwatch,50000,100,Premium,2,0,43872
P003,Apple,MacBook Air M4,Laptop,110000,58,Premium,3,0,98966
P003,Apple,MacBook Air M4,Laptop,110000,50,Returning,1,1,100014
P006,Apple,Apple Watch Series 10,Smartwatch,50000,4,Returning,2,0,46487
P001,Apple,iPhone 16,Smartphone,80000,85,New,1,1,73179
P005,Sony,Sony WH-1000XM6,Headphones,32000,15,New,1,1,27541
P007,Dell,Dell XPS 13,Laptop,120000,24,Returning,1,1,107096
P002,Samsung,Samsung Galaxy S25 Ultra,Smartphone,95000,1,New,3,1,84468
P009,Apple,iPad Air M3,Tablet,65000,77,New,3,1,58345
P002,Samsung,Samsung Galaxy S25 Ultra,Smartphone,95000,63,New,3,0,83107
P008,Canon,Canon EOS R50,Camera,75000,53,New,1,0,67124
P006,Apple,Apple Watch Series 10,Smartwatch,50000,85,New,1,0,44646
P009,Apple,iPad Air M3,Tablet,65000,19,New,1,0,62190
P001,Apple,iPhone 16,Smartphone,80000,69,Returning,2,1,73187
P003,Apple,MacBook Air M4,Laptop,110000,68,New,2,1,99632
P001,Apple,iPhone 16,Smartphone,80000,35,New,1,1,74363
P010,ASUS,ASUS ROG Zephyrus G16,Laptop,160000,15,New,2,0,144221
P002,Samsung,Samsung Galaxy S25 Ultra,Smartphone,95000,32,Returning,3,0,82995
P006,Apple,Apple Watch Series 10,Smartwatch,50000,25,Returning,2,0,44668
P009,Apple,iPad Air M3,Tablet,65000,76,New,1,1,58946
P002,Samsung,Samsung Galaxy S25 Ultra,Smartphone,95000,82,Premium,3,1,78379
P008,Canon,Canon EOS R50,Camera,75000,72,New,3,1,64536
P004,Sony,PlayStation 5,Gaming Console,55000,4,New,3,0,52071
P002,Samsung,Samsung Galaxy S25 Ultra,Smartphone,95000,4,Returning,1,1,85931
P006,Apple,Apple Watch Series 10,Smartwatch,50000,32,Returning,1,1,44892
P003,Apple,MacBook Air M4,Laptop,110000,98,Premium,1,1,96594
P008,Canon,Canon EOS R50,Camera,75000,72,Returning,2,1,64750
P003,Apple,MacBook Air M4,Laptop,110000,71,New,1,0,103556
P009,Apple,iPad Air M3,Tablet,65000,87,Premium,3,0,56073
P007,Dell,Dell XPS 13,Laptop,120000,29,Returning,2,0,108189
P004,Sony,PlayStation 5,Gaming Console,55000,60,Premium,3,0,49133
P003,Apple,MacBook Air M4,Laptop,110000,13,New,3,1,102056
P004,Sony,PlayStation 5,Gaming Console,55000,93,Returning,3,0,48226
P006,Apple,Apple Watch Series 10,Smartwatch,50000,71,Returning,2,1,44303
P006,Apple,Apple Watch Series 10,Smartwatch,50000,76,Premium,2,0,44557
P005,Sony,Sony WH-1000XM6,Headphones,32000,24,Premium,3,0,26274
P007,Dell,Dell XPS 13,Laptop,120000,78,Returning,3,0,107006
P005,Sony,Sony WH-1000XM6,Headphones,32000,46,New,3,1,25435
P007,Dell,Dell XPS 13,Laptop,120000,9,Premium,1,1,109039
P007,Dell,Dell XPS 13,Laptop,120000,59,New,1,1,108274
P005,Sony,Sony WH-1000XM6,Headphones,32000,48,Returning,1,0,26788
P006,Apple,Apple Watch Series 10,Smartwatch,50000,19,Returning,2,0,46948
P004,Sony,PlayStation 5,Gaming Console,55000,54,Premium,3,0,48756
P010,ASUS,ASUS ROG Zephyrus G16,Laptop,160000,71,New,1,1,137325
P001,Apple,iPhone 16,Smartphone,80000,66,Returning,1,1,73840
P007,Dell,Dell XPS 13,Laptop,120000,79,Premium,1,1,105402
P005,Sony,Sony WH-1000XM6,Headphones,32000,39,Returning,2,0,26390
P001,Apple,iPhone 16,Smartphone,80000,69,Returning,3,0,73346
P003,Apple,MacBook Air M4,Laptop,110000,33,New,1,1,101224
P001,Apple,iPhone 16,Smartphone,80000,99,New,2,0,73565
P003,Apple,MacBook Air M4,Laptop,110000,40,New,3,1,98850
P004,Sony,PlayStation 5,Gaming Console,55000,51,Premium,1,1,48997
P006,Apple,Apple Watch Series 10,Smartwatch,50000,41,Returning,2,0,44893
P003,Apple,MacBook Air M4,Laptop,110000,64,Premium,2,0,99766
P005,Sony,Sony WH-1000XM6,Headphones,32000,22,Returning,2,0,26304
P004,Sony,PlayStation 5,Gaming Console,55000,29,Premium,1,1,49141
P010,ASUS,ASUS ROG Zephyrus G16,Laptop,160000,38,Returning,1,0,139568
P002,Samsung,Samsung Galaxy S25 Ultra,Smartphone,95000,42,Premium,3,0,81737
P007,Dell,Dell XPS 13,Laptop,120000,29,New,2,0,109633
P003,Apple,MacBook Air M4,Laptop,110000,78,Returning,2,0,101626
P010,ASUS,ASUS ROG Zephyrus G16,Laptop,160000,77,New,2,0,138801
P008,Canon,Canon EOS R50,Camera,75000,38,New,3,0,66349
P003,Apple,MacBook Air M4,Laptop,110000,4,Returning,1,1,103375
P009,Apple,iPad Air M3,Tablet,65000,99,New,1,1,58050
P004,Sony,PlayStation 5,Gaming Console,55000,76,New,2,1,49618
P004,Sony,PlayStation 5,Gaming Console,55000,61,New,2,0,50229
P006,Apple,Apple Watch Series 10,Smartwatch,50000,97,New,1,0,45359
P004,Sony,PlayStation 5,Gaming Console,55000,76,New,3,0,49859
P009,Apple,iPad Air M3,Tablet,65000,100,Returning,1,0,58154
P001,Apple,iPhone 16,Smartphone,80000,54,New,3,0,74008
P010,ASUS,ASUS ROG Zephyrus G16,Laptop,160000,31,Premium,1,0,137482
P010,ASUS,ASUS ROG Zephyrus G16,Laptop,160000,29,Returning,3,1,132386
P010,ASUS,ASUS ROG Zephyrus G16,Laptop,160000,8,New,1,0,145288
P010,ASUS,ASUS ROG Zephyrus G16,Laptop,160000,83,Returning,2,0,134285
P003,Apple,MacBook Air M4,Laptop,110000,24,Returning,2,1,99216
P008,Canon,Canon EOS R50,Camera,75000,9,Premium,3,1,65112
P010,ASUS,ASUS ROG Zephyrus G16,Laptop,160000,40,New,3,1,134493
P010,ASUS,ASUS ROG Zephyrus G16,Laptop,160000,19,New,1,1,142712
P006,Apple,Apple Watch Series 10,Smartwatch,50000,94,New,1,0,44584
P007,Dell,Dell XPS 13,Laptop,120000,84,Premium,2,1,102438
P009,Apple,iPad Air M3,Tablet,65000,99,New,2,1,57085
P005,Sony,Sony WH-1000XM6,Headphones,32000,57,Premium,2,0,26194
P001,Apple,iPhone 16,Smartphone,80000,95,New,3,1,71667
P006,Apple,Apple Watch Series 10,Smartwatch,50000,26,Premium,3,0,44442
P002,Samsung,Samsung Galaxy S25 Ultra,Smartphone,95000,86,Returning,2,1,80292
P007,Dell,Dell XPS 13,Laptop,120000,92,Returning,2,0,105452
P003,Apple,MacBook Air M4,Laptop,110000,85,Returning,3,1,95268
P003,Apple,MacBook Air M4,Laptop,110000,4,Premium,1,0,104841
P006,Apple,Apple Watch Series 10,Smartwatch,50000,62,Premium,1,1,44178
P002,Samsung,Samsung Galaxy S25 Ultra,Smartphone,95000,93,Premium,1,0,81335
P004,Sony,PlayStation 5,Gaming Console,55000,9,Premium,1,1,50589
P009,Apple,iPad Air M3,Tablet,65000,88,Returning,1,1,57344
P008,Canon,Canon EOS R50,Camera,75000,81,Returning,1,1,63501
P003,Apple,MacBook Air M4,Laptop,110000,20,New,3,1,98626
P009,Apple,iPad Air M3,Tablet,65000,46,Premium,1,0,59539
P003,Apple,MacBook Air M4,Laptop,110000,49,Premium,3,1,96962
P009,Apple,iPad Air M3,Tablet,65000,48,Returning,1,1,58085
P002,Samsung,Samsung Galaxy S25 Ultra,Smartphone,95000,37,New,3,1,81397
P001,Apple,iPhone 16,Smartphone,80000,6,New,3,0,76764
P006,Apple,Apple Watch Series 10,Smartwatch,50000,99,New,3,0,44394
P004,Sony,PlayStation 5,Gaming Console,55000,90,Premium,1,0,48596
P005,Sony,Sony WH-1000XM6,Headphones,32000,56,Returning,3,1,25489
P010,ASUS,ASUS ROG Zephyrus G16,Laptop,160000,27,New,2,1,135605
P008,Canon,Canon EOS R50,Camera,75000,85,Premium,1,1,62922
P006,Apple,Apple Watch Series 10,Smartwatch,50000,73,New,2,0,45941
P009,Apple,iPad Air M3,Tablet,65000,18,New,1,0,62697
P005,Sony,Sony WH-1000XM6,Headphones,32000,86,New,2,1,25267
P007,Dell,Dell XPS 13,Laptop,120000,51,Returning,1,1,106755
P004,Sony,PlayStation 5,Gaming Console,55000,48,New,1,1,49737
P005,Sony,Sony WH-1000XM6,Headphones,32000,41,Returning,1,0,26880
P006,Apple,Apple Watch Series 10,Smartwatch,50000,87,Returning,2,1,43128
P008,Canon,Canon EOS R50,Camera,75000,53,Returning,3,1,63773
P005,Sony,Sony WH-1000XM6,Headphones,32000,76,Returning,1,0,26665
P010,ASUS,ASUS ROG Zephyrus G16,Laptop,160000,37,Premium,2,0,135522
P005,Sony,Sony WH-1000XM6,Headphones,32000,53,Premium,1,1,25425
P007,Dell,Dell XPS 13,Laptop,120000,75,New,3,1,105434
P007,Dell,Dell XPS 13,Laptop,120000,69,Returning,1,0,109538
P001,Apple,iPhone 16,Smartphone,80000,54,New,2,1,73828
P008,Canon,Canon EOS R50,Camera,75000,23,Premium,1,1,64719
P001,Apple,iPhone 16,Smartphone,80000,79,Returning,3,0,73363
P005,Sony,Sony WH-1000XM6,Headphones,32000,18,New,1,0,27968
P007,Dell,Dell XPS 13,Laptop,120000,85,Returning,1,0,106450
P004,Sony,PlayStation 5,Gaming Console,55000,38,Returning,2,0,49843
P006,Apple,Apple Watch Series 10,Smartwatch,50000,64,Premium,3,1,43378
P003,Apple,MacBook Air M4,Laptop,110000,48,New,3,1,99214
P001,Apple,iPhone 16,Smartphone,80000,59,New,1,0,76165
P010,ASUS,ASUS ROG Zephyrus G16,Laptop,160000,68,New,1,1,137563
P009,Apple,iPad Air M3,Tablet,65000,88,New,1,0,59105
P003,Apple,MacBook Air M4,Laptop,110000,89,New,3,1,96624
P002,Samsung,Samsung Galaxy S25 Ultra,Smartphone,95000,92,Returning,2,1,80084
P008,Canon,Canon EOS R50,Camera,75000,2,Returning,1,1,67645
P004,Sony,PlayStation 5,Gaming Console,55000,86,New,3,1,47555
P001,Apple,iPhone 16,Smartphone,80000,15,New,1,0,77927
P001,Apple,iPhone 16,Smartphone,80000,93,Premium,3,1,69615
P005,Sony,Sony WH-1000XM6,Headphones,32000,17,Returning,2,0,27229
P004,Sony,PlayStation 5,Gaming Console,55000,55,Returning,3,1,47923
P009,Apple,iPad Air M3,Tablet,65000,22,Premium,3,1,56560
P002,Samsung,Samsung Galaxy S25 Ultra,Smartphone,95000,90,New,2,0,83022
P006,Apple,Apple Watch Series 10,Smartwatch,50000,82,Premium,2,1,42912
P007,Dell,Dell XPS 13,Laptop,120000,77,New,1,1,108439
P007,Dell,Dell XPS 13,Laptop,120000,36,Premium,3,0,105216
P004,Sony,PlayStation 5,Gaming Console,55000,19,Returning,3,1,50331
P002,Samsung,Samsung Galaxy S25 Ultra,Smartphone,95000,73,New,2,0,84894
P001,Apple,iPhone 16,Smartphone,80000,10,New,2,1,75900
P002,Samsung,Samsung Galaxy S25 Ultra,Smartphone,95000,61,Returning,3,0,82703
P001,Apple,iPhone 16,Smartphone,80000,28,Premium,3,0,72592
P005,Sony,Sony WH-1000XM6,Headphones,32000,82,New,1,1,25482
P005,Sony,Sony WH-1000XM6,Headphones,32000,31,New,2,1,26134
P009,Apple,iPad Air M3,Tablet,65000,44,New,3,0,59503
P006,Apple,Apple Watch Series 10,Smartwatch,50000,25,Premium,3,0,43781
P009,Apple,iPad Air M3,Tablet,65000,83,New,2,1,57169
P006,Apple,Apple Watch Series 10,Smartwatch,50000,46,Premium,1,0,44543
P010,ASUS,ASUS ROG Zephyrus G16,Laptop,160000,82,New,1,1,134428
P006,Apple,Apple Watch Series 10,Smartwatch,50000,49,Returning,2,0,44998
P008,Canon,Canon EOS R50,Camera,75000,71,Returning,1,0,67235
P010,ASUS,ASUS ROG Zephyrus G16,Laptop,160000,5,New,2,0,143914
P010,ASUS,ASUS ROG Zephyrus G16,Laptop,160000,68,Premium,3,0,134395
P002,Samsung,Samsung Galaxy S25 Ultra,Smartphone,95000,56,New,1,1,83628
P007,Dell,Dell XPS 13,Laptop,120000,55,Premium,2,0,106387
P010,ASUS,ASUS ROG Zephyrus G16,Laptop,160000,74,Returning,2,1,134264
P010,ASUS,ASUS ROG Zephyrus G16,Laptop,160000,95,Premium,3,0,131379
P004,Sony,PlayStation 5,Gaming Console,55000,21,Returning,1,1,49890
P001,Apple,iPhone 16,Smartphone,80000,93,Returning,1,1,72492
P009,Apple,iPad Air M3,Tablet,65000,27,Returning,1,1,58365
P009,Apple,iPad Air M3,Tablet,65000,9,Premium,2,1,58985
P008,Canon,Canon EOS R50,Camera,75000,91,New,3,1,62752
P006,Apple,Apple Watch Series 10,Smartwatch,50000,31,New,3,0,44789
P003,Apple,MacBook Air M4,Laptop,110000,50,Returning,3,0,99696
P008,Canon,Canon EOS R50,Camera,75000,100,Premium,2,1,62322
P001,Apple,iPhone 16,Smartphone,80000,9,Premium,2,1,74851
P007,Dell,Dell XPS 13,Laptop,120000,55,Premium,2,0,106304
P004,Sony,PlayStation 5,Gaming Console,55000,1,New,3,1,50309
P003,Apple,MacBook Air M4,Laptop,110000,60,New,2,1,100040
P010,ASUS,ASUS ROG Zephyrus G16,Laptop,160000,72,Premium,1,1,134224
P002,Samsung,Samsung Galaxy S25 Ultra,Smartphone,95000,82,Returning,3,0,80418
P006,Apple,Apple Watch Series 10,Smartwatch,50000,17,Premium,2,1,44936
P002,Samsung,Samsung Galaxy S25 Ultra,Smartphone,95000,31,New,3,1,82037
P004,Sony,PlayStation 5,Gaming Console,55000,1,Premium,3,1,49128
P001,Apple,iPhone 16,Smartphone,80000,82,Returning,1,0,74072
P008,Canon,Canon EOS R50,Camera,75000,61,Returning,2,0,65623
P009,Apple,iPad Air M3,Tablet,65000,38,New,2,0,60009
P008,Canon,Canon EOS R50,Camera,75000,84,Premium,2,0,63251
P010,ASUS,ASUS ROG Zephyrus G16,Laptop,160000,8,New,2,0,143649
P002,Samsung,Samsung Galaxy S25 Ultra,Smartphone,95000,7,New,3,1,84194
P004,Sony,PlayStation 5,Gaming Console,55000,38,Premium,2,1,48121
P001,Apple,iPhone 16,Smartphone,80000,45,Premium,3,1,71569
P008,Canon,Canon EOS R50,Camera,75000,61,New,3,1,64957
P002,Samsung,Samsung Galaxy S25 Ultra,Smartphone,95000,87,Premium,3,1,77510
P007,Dell,Dell XPS 13,Laptop,120000,47,Premium,3,1,103058
P007,Dell,Dell XPS 13,Laptop,120000,52,Returning,2,1,105141
P010,ASUS,ASUS ROG Zephyrus G16,Laptop,160000,79,Premium,3,1,131236
P004,Sony,PlayStation 5,Gaming Console,55000,25,Returning,2,0,49567
P010,ASUS,ASUS ROG Zephyrus G16,Laptop,160000,92,Returning,1,0,136458
P005,Sony,Sony WH-1000XM6,Headphones,32000,18,Premium,2,1,26260
P008,Canon,Canon EOS R50,Camera,75000,80,New,3,0,65630
P002,Samsung,Samsung Galaxy S25 Ultra,Smartphone,95000,75,New,2,0,84688
P001,Apple,iPhone 16,Smartphone,80000,59,New,2,1,73589
P004,Sony,PlayStation 5,Gaming Console,55000,54,New,1,1,50054
P010,ASUS,ASUS ROG Zephyrus G16,Laptop,160000,15,New,2,0,144263
P002,Samsung,Samsung Galaxy S25 Ultra,Smartphone,95000,6,New,2,0,87329
P001,Apple,iPhone 16,Smartphone,80000,4,Premium,1,0,76710
P006,Apple,Apple Watch Series 10,Smartwatch,50000,72,Premium,3,0,44185
P005,Sony,Sony WH-1000XM6,Headphones,32000,60,Returning,3,1,25984
P009,Apple,iPad Air M3,Tablet,65000,27,New,2,1,58519
P009,Apple,iPad Air M3,Tablet,65000,92,New,2,1,57615
P002,Samsung,Samsung Galaxy S25 Ultra,Smartphone,95000,77,New,1,1,83684
P007,Dell,Dell XPS 13,Laptop,120000,61,Premium,1,1,105493
P004,Sony,PlayStation 5,Gaming Console,55000,91,Premium,2,1,47673
P005,Sony,Sony WH-1000XM6,Headphones,32000,87,New,1,0,26957
P004,Sony,PlayStation 5,Gaming Console,55000,12,Returning,3,0,51486
P007,Dell,Dell XPS 13,Laptop,120000,55,Returning,1,0,109017
P007,Dell,Dell XPS 13,Laptop,120000,69,Returning,2,0,108237
P008,Canon,Canon EOS R50,Camera,75000,86,New,2,0,64790
P001,Apple,iPhone 16,Smartphone,80000,89,Premium,3,0,70721
P009,Apple,iPad Air M3,Tablet,65000,51,Premium,1,0,58961
P007,Dell,Dell XPS 13,Laptop,120000,3,Returning,1,0,112872
P006,Apple,Apple Watch Series 10,Smartwatch,50000,36,New,1,1,45398
P002,Samsung,Samsung Galaxy S25 Ultra,Smartphone,95000,52,Premium,1,0,84000
P004,Sony,PlayStation 5,Gaming Console,55000,31,Returning,2,0,49940
P010,ASUS,ASUS ROG Zephyrus G16,Laptop,160000,92,New,1,0,138028
P001,Apple,iPhone 16,Smartphone,80000,8,Premium,1,0,76838
P010,ASUS,ASUS ROG Zephyrus G16,Laptop,160000,76,New,1,1,137633
P002,Samsung,Samsung Galaxy S25 Ultra,Smartphone,95000,94,New,2,0,82327
P009,Apple,iPad Air M3,Tablet,65000,83,New,2,1,56766
P006,Apple,Apple Watch Series 10,Smartwatch,50000,70,Premium,1,0,45136
P004,Sony,PlayStation 5,Gaming Console,55000,7,Returning,3,0,51298
P008,Canon,Canon EOS R50,Camera,75000,54,Returning,1,0,67038
P007,Dell,Dell XPS 13,Laptop,120000,51,New,3,0,108024
P002,Samsung,Samsung Galaxy S25 Ultra,Smartphone,95000,18,New,3,1,84582
P002,Samsung,Samsung Galaxy S25 Ultra,Smartphone,95000,45,Premium,2,1,81165
P005,Sony,Sony WH-1000XM6,Headphones,32000,99,Returning,1,1,26033
P004,Sony,PlayStation 5,Gaming Console,55000,10,New,1,1,51897
P009,Apple,iPad Air M3,Tablet,65000,28,Premium,3,0,57358
P010,ASUS,ASUS ROG Zephyrus G16,Laptop,160000,56,Returning,1,1,136133
P009,Apple,iPad Air M3,Tablet,65000,38,New,1,0,60714
P005,Sony,Sony WH-1000XM6,Headphones,32000,18,Premium,2,0,27185
P007,Dell,Dell XPS 13,Laptop,120000,94,Returning,3,0,104675
P002,Samsung,Samsung Galaxy S25 Ultra,Smartphone,95000,52,Returning,2,1,81906
P002,Samsung,Samsung Galaxy S25 Ultra,Smartphone,95000,66,Returning,2,1,82090
P003,Apple,MacBook Air M4,Laptop,110000,85,Premium,3,0,96718
P004,Sony,PlayStation 5,Gaming Console,55000,56,Premium,3,1,47375
P002,Samsung,Samsung Galaxy S25 Ultra,Smartphone,95000,94,Premium,2,0,80720
P007,Dell,Dell XPS 13,Laptop,120000,23,Premium,1,0,107935
P007,Dell,Dell XPS 13,Laptop,120000,56,Returning,3,0,106883
P004,Sony,PlayStation 5,Gaming Console,55000,58,Premium,2,0,49972
P007,Dell,Dell XPS 13,Laptop,120000,42,New,1,0,110374
P005,Sony,Sony WH-1000XM6,Headphones,32000,75,Premium,1,1,25999
P009,Apple,iPad Air M3,Tablet,65000,14,New,2,1,60587
P008,Canon,Canon EOS R50,Camera,75000,62,Returning,1,1,65080
P010,ASUS,ASUS ROG Zephyrus G16,Laptop,160000,64,Returning,2,0,137662
P004,Sony,PlayStation 5,Gaming Console,55000,72,Returning,3,0,49324
P001,Apple,iPhone 16,Smartphone,80000,10,Premium,2,0,76291
P008,Canon,Canon EOS R50,Camera,75000,14,Returning,2,1,66814
P010,ASUS,ASUS ROG Zephyrus G16,Laptop,160000,25,Premium,1,0,137704
P006,Apple,Apple Watch Series 10,Smartwatch,50000,51,Returning,1,1,44082
P002,Samsung,Samsung Galaxy S25 Ultra,Smartphone,95000,40,Premium,2,0,82207
P006,Apple,Apple Watch Series 10,Smartwatch,50000,100,New,1,0,44768
P005,Sony,Sony WH-1000XM6,Headphones,32000,77,Premium,3,0,25955
P008,Canon,Canon EOS R50,Camera,75000,72,Returning,2,1,64050
P004,Sony,PlayStation 5,Gaming Console,55000,83,New,1,0,49568
P002,Samsung,Samsung Galaxy S25 Ultra,Smartphone,95000,14,Premium,1,1,84698
P001,Apple,iPhone 16,Smartphone,80000,9,Premium,3,1,73955
P001,Apple,iPhone 16,Smartphone,80000,64,Returning,1,0,75111
P010,ASUS,ASUS ROG Zephyrus G16,Laptop,160000,45,New,1,0,140532
P004,Sony,PlayStation 5,Gaming Console,55000,53,Premium,1,0,50199
P009,Apple,iPad Air M3,Tablet,65000,3,Returning,1,0,61263
P008,Canon,Canon EOS R50,Camera,75000,82,New,1,0,66331
P005,Sony,Sony WH-1000XM6,Headphones,32000,23,Returning,3,1,25242
P005,Sony,Sony WH-1000XM6,Headphones,32000,90,Premium,2,1,24704
P008,Canon,Canon EOS R50,Camera,75000,95,Premium,2,0,63964
P006,Apple,Apple Watch Series 10,Smartwatch,50000,64,Premium,1,1,43812
P007,Dell,Dell XPS 13,Laptop,120000,85,Premium,2,1,102194
P008,Canon,Canon EOS R50,Camera,75000,33,New,3,1,64555
P008,Canon,Canon EOS R50,Camera,75000,27,Returning,3,1,63509
P006,Apple,Apple Watch Series 10,Smartwatch,50000,29,Returning,2,0,44787
P007,Dell,Dell XPS 13,Laptop,120000,84,Returning,3,1,101862
P009,Apple,iPad Air M3,Tablet,65000,26,Premium,3,1,56568
P004,Sony,PlayStation 5,Gaming Console,55000,38,Premium,3,0,49127
P006,Apple,Apple Watch Series 10,Smartwatch,50000,84,Premium,2,0,43875
P007,Dell,Dell XPS 13,Laptop,120000,64,New,2,1,107149
P005,Sony,Sony WH-1000XM6,Headphones,32000,67,Returning,1,0,26410
P008,Canon,Canon EOS R50,Camera,75000,61,Returning,3,1,63254
P009,Apple,iPad Air M3,Tablet,65000,78,Returning,1,0,60091
P007,Dell,Dell XPS 13,Laptop,120000,99,Premium,3,0,103372
P005,Sony,Sony WH-1000XM6,Headphones,32000,39,New,3,1,26031
P006,Apple,Apple Watch Series 10,Smartwatch,50000,69,New,2,0,45781
P005,Sony,Sony WH-1000XM6,Headphones,32000,41,New,2,0,26990
P003,Apple,MacBook Air M4,Laptop,110000,69,Returning,2,1,98669
P001,Apple,iPhone 16,Smartphone,80000,7,Returning,1,1,75676
P010,ASUS,ASUS ROG Zephyrus G16,Laptop,160000,98,New,3,0,134613
P008,Canon,Canon EOS R50,Camera,75000,58,New,3,1,64928
P003,Apple,MacBook Air M4,Laptop,110000,76,Returning,2,1,99182
P001,Apple,iPhone 16,Smartphone,80000,31,Premium,1,0,74331
P003,Apple,MacBook Air M4,Laptop,110000,43,Premium,2,0,99962
P001,Apple,iPhone 16,Smartphone,80000,87,New,3,0,72607
P006,Apple,Apple Watch Series 10,Smartwatch,50000,3,Premium,1,0,46319
P004,Sony,PlayStation 5,Gaming Console,55000,44,New,1,0,51580
P008,Canon,Canon EOS R50,Camera,75000,77,Returning,3,0,65594
P004,Sony,PlayStation 5,Gaming Console,55000,97,Returning,3,1,46992
P002,Samsung,Samsung Galaxy S25 Ultra,Smartphone,95000,93,Premium,1,0,81345
P004,Sony,PlayStation 5,Gaming Console,55000,85,Returning,3,0,48181
P003,Apple,MacBook Air M4,Laptop,110000,52,Returning,1,1,100436
P005,Sony,Sony WH-1000XM6,Headphones,32000,20,Premium,2,1,26027
P003,Apple,MacBook Air M4,Laptop,110000,86,Returning,1,0,100136
P006,Apple,Apple Watch Series 10,Smartwatch,50000,64,New,3,0,45067
P006,Apple,Apple Watch Series 10,Smartwatch,50000,45,Returning,2,0,44765
P007,Dell,Dell XPS 13,Laptop,120000,6,Premium,3,0,109298
P004,Sony,PlayStation 5,Gaming Console,55000,42,New,1,1,50231
P005,Sony,Sony WH-1000XM6,Headphones,32000,45,Returning,2,0,26765
P008,Canon,Canon EOS R50,Camera,75000,90,New,2,0,65235
P003,Apple,MacBook Air M4,Laptop,110000,70,New,2,1,99804
P004,Sony,PlayStation 5,Gaming Console,55000,57,Returning,2,0,50413
P003,Apple,MacBook Air M4,Laptop,110000,12,Premium,2,1,101083
P007,Dell,Dell XPS 13,Laptop,120000,93,Premium,3,0,103479
P007,Dell,Dell XPS 13,Laptop,120000,33,New,1,1,107529
P009,Apple,iPad Air M3,Tablet,65000,33,Premium,1,1,57751
P003,Apple,MacBook Air M4,Laptop,110000,2,Premium,3,0,102234
P010,ASUS,ASUS ROG Zephyrus G16,Laptop,160000,30,New,3,1,134146
P001,Apple,iPhone 16,Smartphone,80000,31,Premium,3,1,71672
P002,Samsung,Samsung Galaxy S25 Ultra,Smartphone,95000,56,Premium,2,0,82468
P006,Apple,Apple Watch Series 10,Smartwatch,50000,5,Premium,2,0,46439
P003,Apple,MacBook Air M4,Laptop,110000,87,Premium,3,1,94551
P004,Sony,PlayStation 5,Gaming Console,55000,87,New,1,0,49837
P004,Sony,PlayStation 5,Gaming Console,55000,100,Premium,3,0,47665
P009,Apple,iPad Air M3,Tablet,65000,45,New,3,1,58015
P003,Apple,MacBook Air M4,Laptop,110000,8,New,2,0,105510
P005,Sony,Sony WH-1000XM6,Headphones,32000,47,New,3,0,26626
P003,Apple,MacBook Air M4,Laptop,110000,93,New,1,0,100961
P003,Apple,MacBook Air M4,Laptop,110000,61,Returning,2,1,98887
P008,Canon,Canon EOS R50,Camera,75000,24,Premium,3,0,64112
P006,Apple,Apple Watch Series 10,Smartwatch,50000,38,Premium,1,1,44143
P005,Sony,Sony WH-1000XM6,Headphones,32000,25,New,3,0,26722
P005,Sony,Sony WH-1000XM6,Headphones,32000,32,Returning,3,1,25330
P002,Samsung,Samsung Galaxy S25 Ultra,Smartphone,95000,5,Premium,3,0,84730
P010,ASUS,ASUS ROG Zephyrus G16,Laptop,160000,62,Returning,1,0,139028
P001,Apple,iPhone 16,Smartphone,80000,53,New,3,0,74871
P008,Canon,Canon EOS R50,Camera,75000,78,New,2,1,65578
P002,Samsung,Samsung Galaxy S25 Ultra,Smartphone,95000,58,New,1,0,85862
P007,Dell,Dell XPS 13,Laptop,120000,19,Premium,3,0,109461
P001,Apple,iPhone 16,Smartphone,80000,94,Premium,2,0,72339
P010,ASUS,ASUS ROG Zephyrus G16,Laptop,160000,20,New,1,0,140706
P010,ASUS,ASUS ROG Zephyrus G16,Laptop,160000,10,Returning,2,0,142595
P008,Canon,Canon EOS R50,Camera,75000,56,Returning,1,0,66617
P003,Apple,MacBook Air M4,Laptop,110000,73,Premium,3,1,96799
P001,Apple,iPhone 16,Smartphone,80000,57,Premium,2,1,72370
P010,ASUS,ASUS ROG Zephyrus G16,Laptop,160000,95,Premium,3,0,131082
P004,Sony,PlayStation 5,Gaming Console,55000,8,Returning,2,1,50152
P001,Apple,iPhone 16,Smartphone,80000,23,New,1,1,74660
P009,Apple,iPad Air M3,Tablet,65000,32,Premium,2,0,58908
P004,Sony,PlayStation 5,Gaming Console,55000,96,Returning,3,1,47701
P001,Apple,iPhone 16,Smartphone,80000,22,Premium,2,1,71963
P007,Dell,Dell XPS 13,Laptop,120000,7,New,3,0,111378
P001,Apple,iPhone 16,Smartphone,80000,78,Premium,1,1,72717
P008,Canon,Canon EOS R50,Camera,75000,87,Returning,2,0,64549
P003,Apple,MacBook Air M4,Laptop,110000,31,Returning,3,0,99645
P002,Samsung,Samsung Galaxy S25 Ultra,Smartphone,95000,32,Premium,3,0,81657
P003,Apple,MacBook Air M4,Laptop,110000,10,New,2,0,105349
P004,Sony,PlayStation 5,Gaming Console,55000,36,Returning,1,0,50658
P005,Sony,Sony WH-1000XM6,Headphones,32000,21,New,1,0,26940
P009,Apple,iPad Air M3,Tablet,65000,85,Premium,1,1,56865
P004,Sony,PlayStation 5,Gaming Console,55000,23,New,3,0,50251
P002,Samsung,Samsung Galaxy S25 Ultra,Smartphone,95000,97,Premium,2,0,80991
P007,Dell,Dell XPS 13,Laptop,120000,29,Returning,1,0,109250
P010,ASUS,ASUS ROG Zephyrus G16,Laptop,160000,87,Premium,3,0,131364
P008,Canon,Canon EOS R50,Camera,75000,32,Premium,2,0,65227
P009,Apple,iPad Air M3,Tablet,65000,76,Premium,2,1,57138
P008,Canon,Canon EOS R50,Camera,75000,24,New,1,0,67362
P003,Apple,MacBook Air M4,Laptop,110000,11,Returning,3,0,103699
P001,Apple,iPhone 16,Smartphone,80000,61,New,2,0,75144
P004,Sony,PlayStation 5,Gaming Console,55000,35,Premium,2,0,49813
P009,Apple,iPad Air M3,Tablet,65000,78,Returning,1,0,59521
P008,Canon,Canon EOS R50,Camera,75000,1,Premium,2,0,67783
P002,Samsung,Samsung Galaxy S25 Ultra,Smartphone,95000,100,Premium,1,1,80117
P005,Sony,Sony WH-1000XM6,Headphones,32000,47,Returning,2,1,26040
P008,Canon,Canon EOS R50,Camera,75000,19,Premium,2,1,65846
P007,Dell,Dell XPS 13,Laptop,120000,15,Premium,1,1,109138
P008,Canon,Canon EOS R50,Camera,75000,11,New,2,1,67751
P002,Samsung,Samsung Galaxy S25 Ultra,Smartphone,95000,89,Premium,3,1,78168
P003,Apple,MacBook Air M4,Laptop,110000,55,New,3,1,98910
P002,Samsung,Samsung Galaxy S25 Ultra,Smartphone,95000,18,Premium,2,1,84045
P008,Canon,Canon EOS R50,Camera,75000,70,New,1,1,65872
P008,Canon,Canon EOS R50,Camera,75000,27,Returning,1,0,66807
P009,Apple,iPad Air M3,Tablet,65000,62,Premium,2,0,58169
P003,Apple,MacBook Air M4,Laptop,110000,28,Premium,3,1,96983
P007,Dell,Dell XPS 13,Laptop,120000,9,Returning,2,1,109607
P007,Dell,Dell XPS 13,Laptop,120000,23,Returning,2,0,108244
P004,Sony,PlayStation 5,Gaming Console,55000,1,Returning,3,0,50723
P008,Canon,Canon EOS R50,Camera,75000,54,New,3,1,64178
P002,Samsung,Samsung Galaxy S25 Ultra,Smartphone,95000,48,New,2,0,84165
P010,ASUS,ASUS ROG Zephyrus G16,Laptop,160000,51,Premium,3,1,130912
P007,Dell,Dell XPS 13,Laptop,120000,34,Returning,1,1,106697
P006,Apple,Apple Watch Series 10,Smartwatch,50000,49,Premium,3,1,43107
P009,Apple,iPad Air M3,Tablet,65000,62,New,1,1,59214
P009,Apple,iPad Air M3,Tablet,65000,100,New,1,0,58934
P009,Apple,iPad Air M3,Tablet,65000,29,Returning,3,0,58411
P004,Sony,PlayStation 5,Gaming Console,55000,89,New,2,0,49764
P003,Apple,MacBook Air M4,Laptop,110000,100,Premium,3,0,96977
P003,Apple,MacBook Air M4,Laptop,110000,62,New,2,1,100212
P004,Sony,PlayStation 5,Gaming Console,55000,36,New,1,1,49601
P007,Dell,Dell XPS 13,Laptop,120000,96,Premium,1,0,105183
P009,Apple,iPad Air M3,Tablet,65000,58,New,1,0,60237
P008,Canon,Canon EOS R50,Camera,75000,16,Premium,1,0,67839
P009,Apple,iPad Air M3,Tablet,65000,15,Returning,3,1,59317
P001,Apple,iPhone 16,Smartphone,80000,62,Returning,3,1,72038
P010,ASUS,ASUS ROG Zephyrus G16,Laptop,160000,94,Premium,3,1,128352
P010,ASUS,ASUS ROG Zephyrus G16,Laptop,160000,62,Returning,3,1,132939
P010,ASUS,ASUS ROG Zephyrus G16,Laptop,160000,8,Returning,1,0,143609
P008,Canon,Canon EOS R50,Camera,75000,16,New,2,1,67809
P006,Apple,Apple Watch Series 10,Smartwatch,50000,54,Returning,3,0,44566
P010,ASUS,ASUS ROG Zephyrus G16,Laptop,160000,69,Premium,1,0,137543
P002,Samsung,Samsung Galaxy S25 Ultra,Smartphone,95000,64,New,3,1,81616
P004,Sony,PlayStation 5,Gaming Console,55000,13,Returning,1,0,51922
P010,ASUS,ASUS ROG Zephyrus G16,Laptop,160000,60,Returning,2,1,134737
P003,Apple,MacBook Air M4,Laptop,110000,96,Returning,1,1,98011
P005,Sony,Sony WH-1000XM6,Headphones,32000,78,Returning,1,1,26675
P009,Apple,iPad Air M3,Tablet,65000,65,New,1,0,60488
P010,ASUS,ASUS ROG Zephyrus G16,Laptop,160000,83,Premium,3,0,131101
P009,Apple,iPad Air M3,Tablet,65000,22,Premium,1,0,59431
P004,Sony,PlayStation 5,Gaming Console,55000,83,New,2,0,49436
P008,Canon,Canon EOS R50,Camera,75000,45,New,3,0,65617
P007,Dell,Dell XPS 13,Laptop,120000,29,Premium,1,1,106043
P002,Samsung,Samsung Galaxy S25 Ultra,Smartphone,95000,31,New,2,1,82424
P010,ASUS,ASUS ROG Zephyrus G16,Laptop,160000,5,New,2,0,143748
P008,Canon,Canon EOS R50,Camera,75000,87,New,3,1,63267
P005,Sony,Sony WH-1000XM6,Headphones,32000,48,Premium,2,0,26089
P007,Dell,Dell XPS 13,Laptop,120000,31,Premium,3,0,105256
P008,Canon,Canon EOS R50,Camera,75000,36,Premium,1,0,65648
P006,Apple,Apple Watch Series 10,Smartwatch,50000,100,Returning,1,1,43828
P005,Sony,Sony WH-1000XM6,Headphones,32000,9,Premium,3,0,26710
P009,Apple,iPad Air M3,Tablet,65000,9,Premium,3,1,58852
P008,Canon,Canon EOS R50,Camera,75000,54,New,1,0,67723
P004,Sony,PlayStation 5,Gaming Console,55000,52,New,1,1,49788
P010,ASUS,ASUS ROG Zephyrus G16,Laptop,160000,77,Returning,2,1,134000
P004,Sony,PlayStation 5,Gaming Console,55000,93,Premium,2,1,47039
P002,Samsung,Samsung Galaxy S25 Ultra,Smartphone,95000,41,Returning,1,0,84667
P004,Sony,PlayStation 5,Gaming Console,55000,2,Returning,3,1,50083
P006,Apple,Apple Watch Series 10,Smartwatch,50000,100,Premium,1,1,43212
P005,Sony,Sony WH-1000XM6,Headphones,32000,47,Premium,3,1,24918
P005,Sony,Sony WH-1000XM6,Headphones,32000,94,New,3,0,26139
P002,Samsung,Samsung Galaxy S25 Ultra,Smartphone,95000,59,Returning,3,0,82486
P002,Samsung,Samsung Galaxy S25 Ultra,Smartphone,95000,54,Returning,3,0,82218
P004,Sony,PlayStation 5,Gaming Console,55000,28,Premium,2,0,49956
P007,Dell,Dell XPS 13,Laptop,120000,58,New,2,0,108823
P008,Canon,Canon EOS R50,Camera,75000,85,New,3,1,63498
P001,Apple,iPhone 16,Smartphone,80000,91,New,2,0,73766
P003,Apple,MacBook Air M4,Laptop,110000,83,New,3,1,96396
P010,ASUS,ASUS ROG Zephyrus G16,Laptop,160000,68,Premium,1,0,137521
P004,Sony,PlayStation 5,Gaming Console,55000,24,Premium,1,1,48770
P005,Sony,Sony WH-1000XM6,Headphones,32000,2,New,3,0,27684
P005,Sony,Sony WH-1000XM6,Headphones,32000,38,Returning,1,1,26519
P009,Apple,iPad Air M3,Tablet,65000,35,New,3,0,58811
P005,Sony,Sony WH-1000XM6,Headphones,32000,32,Returning,1,1,26189
P007,Dell,Dell XPS 13,Laptop,120000,45,Premium,1,0,108184
P009,Apple,iPad Air M3,Tablet,65000,55,Premium,1,1,57776
P005,Sony,Sony WH-1000XM6,Headphones,32000,2,Premium,3,1,25845
P005,Sony,Sony WH-1000XM6,Headphones,32000,64,Returning,1,0,27298
P004,Sony,PlayStation 5,Gaming Console,55000,60,New,2,1,49850
P003,Apple,MacBook Air M4,Laptop,110000,39,Returning,1,0,102320
P003,Apple,MacBook Air M4,Laptop,110000,50,New,3,0,100727
P004,Sony,PlayStation 5,Gaming Console,55000,41,Returning,2,1,48635
P010,ASUS,ASUS ROG Zephyrus G16,Laptop,160000,76,New,1,0,140547
P008,Canon,Canon EOS R50,Camera,75000,49,Premium,2,1,63847
P007,Dell,Dell XPS 13,Laptop,120000,77,New,1,1,107739
P004,Sony,PlayStation 5,Gaming Console,55000,69,Returning,1,1,49095
P002,Samsung,Samsung Galaxy S25 Ultra,Smartphone,95000,81,Premium,1,0,82055
P010,ASUS,ASUS ROG Zephyrus G16,Laptop,160000,30,Returning,1,1,136169
P003,Apple,MacBook Air M4,Laptop,110000,38,New,2,1,100289
P003,Apple,MacBook Air M4,Laptop,110000,66,Premium,1,1,98919
P004,Sony,PlayStation 5,Gaming Console,55000,26,Returning,3,0,49975
P004,Sony,PlayStation 5,Gaming Console,55000,33,New,2,1,49104
P009,Apple,iPad Air M3,Tablet,65000,49,Returning,3,1,57449
P001,Apple,iPhone 16,Smartphone,80000,65,Returning,2,1,72479
P005,Sony,Sony WH-1000XM6,Headphones,32000,32,Premium,3,0,25812
P010,ASUS,ASUS ROG Zephyrus G16,Laptop,160000,18,Premium,2,1,137121
P008,Canon,Canon EOS R50,Camera,75000,35,New,2,0,66841
P006,Apple,Apple Watch Series 10,Smartwatch,50000,21,Premium,3,1,43123
P005,Sony,Sony WH-1000XM6,Headphones,32000,62,Premium,1,0,26642
P007,Dell,Dell XPS 13,Laptop,120000,78,Returning,2,1,105314
P006,Apple,Apple Watch Series 10,Smartwatch,50000,77,New,2,1,44336
P001,Apple,iPhone 16,Smartphone,80000,34,Returning,1,0,74704
P001,Apple,iPhone 16,Smartphone,80000,98,Premium,3,1,69380
P003,Apple,MacBook Air M4,Laptop,110000,71,Premium,2,0,100556
P005,Sony,Sony WH-1000XM6,Headphones,32000,37,Premium,3,1,25462
P007,Dell,Dell XPS 13,Laptop,120000,67,Returning,2,1,105703
P009,Apple,iPad Air M3,Tablet,65000,79,Premium,2,1,56716
P007,Dell,Dell XPS 13,Laptop,120000,90,New,2,0,107193
P007,Dell,Dell XPS 13,Laptop,120000,75,New,1,1,108136
P008,Canon,Canon EOS R50,Camera,75000,11,New,1,0,70067
P009,Apple,iPad Air M3,Tablet,65000,34,Premium,2,0,58344
P007,Dell,Dell XPS 13,Laptop,120000,62,Returning,2,1,105845
P006,Apple,Apple Watch Series 10,Smartwatch,50000,1,Premium,2,0,46055
P009,Apple,iPad Air M3,Tablet,65000,55,New,3,0,59043
P008,Canon,Canon EOS R50,Camera,75000,85,Returning,2,0,64209
P005,Sony,Sony WH-1000XM6,Headphones,32000,89,New,2,1,25689
P009,Apple,iPad Air M3,Tablet,65000,42,New,2,1,58777
P001,Apple,iPhone 16,Smartphone,80000,83,Returning,2,1,71577
P010,ASUS,ASUS ROG Zephyrus G16,Laptop,160000,30,Returning,2,1,133946
P003,Apple,MacBook Air M4,Laptop,110000,92,Premium,2,0,98214
P009,Apple,iPad Air M3,Tablet,65000,56,New,2,0,60221
P006,Apple,Apple Watch Series 10,Smartwatch,50000,58,New,2,0,45864
P003,Apple,MacBook Air M4,Laptop,110000,43,New,3,0,101251
P006,Apple,Apple Watch Series 10,Smartwatch,50000,91,Returning,2,0,44273
P007,Dell,Dell XPS 13,Laptop,120000,39,Premium,1,1,105878
P004,Sony,PlayStation 5,Gaming Console,55000,67,Premium,2,0,49776
P007,Dell,Dell XPS 13,Laptop,120000,72,New,3,1,105300
P006,Apple,Apple Watch Series 10,Smartwatch,50000,66,Returning,1,0,45737
P002,Samsung,Samsung Galaxy S25 Ultra,Smartphone,95000,3,New,1,1,86512
P010,ASUS,ASUS ROG Zephyrus G16,Laptop,160000,49,Premium,2,0,136490
P010,ASUS,ASUS ROG Zephyrus G16,Laptop,160000,84,New,1,1,134558
P009,Apple,iPad Air M3,Tablet,65000,48,New,3,1,57820
P006,Apple,Apple Watch Series 10,Smartwatch,50000,68,Returning,2,0,45412
P004,Sony,PlayStation 5,Gaming Console,55000,50,Returning,2,0,49602
P004,Sony,PlayStation 5,Gaming Console,55000,96,Returning,1,1,48211
P005,Sony,Sony WH-1000XM6,Headphones,32000,28,Premium,3,1,25192
P009,Apple,iPad Air M3,Tablet,65000,100,Premium,2,0,56938
P002,Samsung,Samsung Galaxy S25 Ultra,Smartphone,95000,69,New,3,0,83300
P004,Sony,PlayStation 5,Gaming Console,55000,48,Returning,3,1,47990
P008,Canon,Canon EOS R50,Camera,75000,92,Premium,1,1,63403
P004,Sony,PlayStation 5,Gaming Console,55000,16,Returning,2,1,50987
P006,Apple,Apple Watch Series 10,Smartwatch,50000,60,Returning,2,0,45191
P007,Dell,Dell XPS 13,Laptop,120000,18,Returning,1,1,110355
P009,Apple,iPad Air M3,Tablet,65000,41,Premium,1,1,58183
P008,Canon,Canon EOS R50,Camera,75000,34,Returning,2,1,64700
P005,Sony,Sony WH-1000XM6,Headphones,32000,84,New,2,1,25241
P010,ASUS,ASUS ROG Zephyrus G16,Laptop,160000,46,New,2,1,136306
P005,Sony,Sony WH-1000XM6,Headphones,32000,4,New,2,1,27176
P007,Dell,Dell XPS 13,Laptop,120000,72,Returning,2,0,107771
P003,Apple,MacBook Air M4,Laptop,110000,3,Returning,2,1,102163
P002,Samsung,Samsung Galaxy S25 Ultra,Smartphone,95000,40,Premium,2,1,80454
P005,Sony,Sony WH-1000XM6,Headphones,32000,12,New,2,1,27484
P004,Sony,PlayStation 5,Gaming Console,55000,84,New,1,0,50357
P001,Apple,iPhone 16,Smartphone,80000,83,Premium,1,1,71456
P001,Apple,iPhone 16,Smartphone,80000,53,Returning,2,1,73043
P009,Apple,iPad Air M3,Tablet,65000,20,New,3,1,58089
P005,Sony,Sony WH-1000XM6,Headphones,32000,44,New,3,1,26090
P007,Dell,Dell XPS 13,Laptop,120000,47,New,2,0,109635
P004,Sony,PlayStation 5,Gaming Console,55000,87,New,2,1,47932
P001,Apple,iPhone 16,Smartphone,80000,5,Returning,2,0,77175
P010,ASUS,ASUS ROG Zephyrus G16,Laptop,160000,95,New,1,0,137853
P004,Sony,PlayStation 5,Gaming Console,55000,40,Premium,3,1,48194
P007,Dell,Dell XPS 13,Laptop,120000,10,New,3,1,109553
P006,Apple,Apple Watch Series 10,Smartwatch,50000,11,New,3,0,46699
P006,Apple,Apple Watch Series 10,Smartwatch,50000,65,New,3,1,44306
P005,Sony,Sony WH-1000XM6,Headphones,32000,52,Returning,1,1,26487
P005,Sony,Sony WH-1000XM6,Headphones,32000,61,Returning,2,0,26582
P007,Dell,Dell XPS 13,Laptop,120000,66,Returning,3,0,106587
P008,Canon,Canon EOS R50,Camera,75000,94,Premium,2,1,62437
P007,Dell,Dell XPS 13,Laptop,120000,71,New,3,0,108258
P006,Apple,Apple Watch Series 10,Smartwatch,50000,92,New,2,1,43351
P010,ASUS,ASUS ROG Zephyrus G16,Laptop,160000,76,Returning,1,0,138982
P003,Apple,MacBook Air M4,Laptop,110000,90,New,3,0,98503
P003,Apple,MacBook Air M4,Laptop,110000,74,Premium,1,1,98932
P005,Sony,Sony WH-1000XM6,Headphones,32000,3,Returning,2,1,27076
P004,Sony,PlayStation 5,Gaming Console,55000,80,Premium,2,0,49936
P003,Apple,MacBook Air M4,Laptop,110000,9,Returning,1,1,102968
P004,Sony,PlayStation 5,Gaming Console,55000,12,Premium,2,1,49583
P005,Sony,Sony WH-1000XM6,Headphones,32000,63,Returning,2,0,26278
P009,Apple,iPad Air M3,Tablet,65000,76,New,2,1,58750
P009,Apple,iPad Air M3,Tablet,65000,44,New,2,1,58306
P005,Sony,Sony WH-1000XM6,Headphones,32000,17,New,1,1,27640
P005,Sony,Sony WH-1000XM6,Headphones,32000,37,New,1,0,27638
P004,Sony,PlayStation 5,Gaming Console,55000,65,Returning,3,0,49858
P006,Apple,Apple Watch Series 10,Smartwatch,50000,11,Premium,3,1,44423
P005,Sony,Sony WH-1000XM6,Headphones,32000,64,Returning,2,0,26268
P002,Samsung,Samsung Galaxy S25 Ultra,Smartphone,95000,27,Returning,1,0,84058
P003,Apple,MacBook Air M4,Laptop,110000,46,Premium,2,0,99873
P007,Dell,Dell XPS 13,Laptop,120000,99,Returning,3,0,104257
P004,Sony,PlayStation 5,Gaming Console,55000,80,Premium,3,1,48003
P003,Apple,MacBook Air M4,Laptop,110000,89,New,2,1,97751
P010,ASUS,ASUS ROG Zephyrus G16,Laptop,160000,80,New,3,1,134622
P002,Samsung,Samsung Galaxy S25 Ultra,Smartphone,95000,22,Premium,2,1,80619
P009,Apple,iPad Air M3,Tablet,65000,15,Returning,2,1,60076
P010,ASUS,ASUS ROG Zephyrus G16,Laptop,160000,23,New,3,0,138065
P002,Samsung,Samsung Galaxy S25 Ultra,Smartphone,95000,76,New,2,0,84610
P001,Apple,iPhone 16,Smartphone,80000,94,New,1,0,74738
P005,Sony,Sony WH-1000XM6,Headphones,32000,50,New,2,0,27100
P010,ASUS,ASUS ROG Zephyrus G16,Laptop,160000,23,Returning,1,0,139405
P010,ASUS,ASUS ROG Zephyrus G16,Laptop,160000,48,Premium,2,0,136281
P001,Apple,iPhone 16,Smartphone,80000,76,Premium,1,0,73964
P009,Apple,iPad Air M3,Tablet,65000,41,New,2,0,59602
P002,Samsung,Samsung Galaxy S25 Ultra,Smartphone,95000,12,Returning,3,1,83190
P004,Sony,PlayStation 5,Gaming Console,55000,32,New,2,1,49371
P004,Sony,PlayStation 5,Gaming Console,55000,7,New,2,0,51789
P004,Sony,PlayStation 5,Gaming Console,55000,8,Returning,2,0,51660
P008,Canon,Canon EOS R50,Camera,75000,69,New,3,0,66415
P001,Apple,iPhone 16,Smartphone,80000,79,Premium,2,1,72128
P009,Apple,iPad Air M3,Tablet,65000,39,Premium,2,1,57167
P007,Dell,Dell XPS 13,Laptop,120000,95,Premium,2,0,104667
P005,Sony,Sony WH-1000XM6,Headphones,32000,42,Returning,1,0,26991
P010,ASUS,ASUS ROG Zephyrus G16,Laptop,160000,13,New,2,1,140649
P003,Apple,MacBook Air M4,Laptop,110000,8,Returning,2,0,104957
P010,ASUS,ASUS ROG Zephyrus G16,Laptop,160000,94,New,1,1,134895
P002,Samsung,Samsung Galaxy S25 Ultra,Smartphone,95000,89,Premium,2,1,79056
P010,ASUS,ASUS ROG Zephyrus G16,Laptop,160000,12,New,1,0,145263
P005,Sony,Sony WH-1000XM6,Headphones,32000,18,Premium,1,1,26928
P003,Apple,MacBook Air M4,Laptop,110000,54,Premium,1,0,101403
P002,Samsung,Samsung Galaxy S25 Ultra,Smartphone,95000,82,Returning,2,1,79474
P007,Dell,Dell XPS 13,Laptop,120000,80,Premium,2,0,106331
P009,Apple,iPad Air M3,Tablet,65000,25,Premium,2,1,57286
P002,Samsung,Samsung Galaxy S25 Ultra,Smartphone,95000,96,New,1,1,81782
P004,Sony,PlayStation 5,Gaming Console,55000,18,Premium,3,1,49504
P003,Apple,MacBook Air M4,Laptop,110000,98,New,3,1,96350
P004,Sony,PlayStation 5,Gaming Console,55000,21,New,1,0,51633
P008,Canon,Canon EOS R50,Camera,75000,35,Premium,2,1,64002
P003,Apple,MacBook Air M4,Laptop,110000,33,New,3,1,99461
P002,Samsung,Samsung Galaxy S25 Ultra,Smartphone,95000,19,Premium,2,0,85302
P006,Apple,Apple Watch Series 10,Smartwatch,50000,24,Premium,1,1,44193
P009,Apple,iPad Air M3,Tablet,65000,83,New,3,0,58285
P009,Apple,iPad Air M3,Tablet,65000,52,New,2,0,59594
P009,Apple,iPad Air M3,Tablet,65000,4,New,1,1,60613
P007,Dell,Dell XPS 13,Laptop,120000,46,Returning,2,1,105561
P007,Dell,Dell XPS 13,Laptop,120000,89,Premium,2,0,104635
P010,ASUS,ASUS ROG Zephyrus G16,Laptop,160000,3,Returning,1,1,140746
P007,Dell,Dell XPS 13,Laptop,120000,89,Returning,1,0,106396
P007,Dell,Dell XPS 13,Laptop,120000,43,Premium,2,1,104724
P003,Apple,MacBook Air M4,Laptop,110000,29,Premium,3,1,96843
P009,Apple,iPad Air M3,Tablet,65000,66,Returning,3,1,57055
P007,Dell,Dell XPS 13,Laptop,120000,90,Premium,3,0,102775
P004,Sony,PlayStation 5,Gaming Console,55000,50,Premium,1,1,49112
P003,Apple,MacBook Air M4,Laptop,110000,18,Premium,1,0,104100
P004,Sony,PlayStation 5,Gaming Console,55000,72,Returning,1,1,49493
P010,ASUS,ASUS ROG Zephyrus G16,Laptop,160000,36,Premium,2,0,136271
P010,ASUS,ASUS ROG Zephyrus G16,Laptop,160000,79,New,1,0,140512
P006,Apple,Apple Watch Series 10,Smartwatch,50000,16,Premium,3,1,44877
P009,Apple,iPad Air M3,Tablet,65000,76,Returning,3,0,58573
P003,Apple,MacBook Air M4,Laptop,110000,92,Premium,2,1,95275
P010,ASUS,ASUS ROG Zephyrus G16,Laptop,160000,92,New,2,1,133128
P010,ASUS,ASUS ROG Zephyrus G16,Laptop,160000,94,New,2,0,135815
P008,Canon,Canon EOS R50,Camera,75000,17,Premium,1,1,67153
P002,Samsung,Samsung Galaxy S25 Ultra,Smartphone,95000,95,Returning,2,0,81854
P001,Apple,iPhone 16,Smartphone,80000,73,Returning,3,0,73229
P007,Dell,Dell XPS 13,Laptop,120000,64,New,3,1,105985
P009,Apple,iPad Air M3,Tablet,65000,98,Premium,2,1,56254
P006,Apple,Apple Watch Series 10,Smartwatch,50000,49,Premium,3,0,44107
P003,Apple,MacBook Air M4,Laptop,110000,48,Premium,3,0,99393
P003,Apple,MacBook Air M4,Laptop,110000,68,New,3,0,101478
P002,Samsung,Samsung Galaxy S25 Ultra,Smartphone,95000,68,New,1,0,85382
P004,Sony,PlayStation 5,Gaming Console,55000,6,Returning,3,1,49987
P009,Apple,iPad Air M3,Tablet,65000,94,Returning,3,1,55896
P007,Dell,Dell XPS 13,Laptop,120000,82,Returning,3,0,104525
P007,Dell,Dell XPS 13,Laptop,120000,36,Returning,3,0,106791
P005,Sony,Sony WH-1000XM6,Headphones,32000,94,Returning,3,1,25310
P010,ASUS,ASUS ROG Zephyrus G16,Laptop,160000,61,Returning,1,0,138936
P006,Apple,Apple Watch Series 10,Smartwatch,50000,82,New,1,1,43830
P006,Apple,Apple Watch Series 10,Smartwatch,50000,88,Premium,2,0,43945
P009,Apple,iPad Air M3,Tablet,65000,90,Premium,2,1,55950
P008,Canon,Canon EOS R50,Camera,75000,36,New,3,0,66222
P005,Sony,Sony WH-1000XM6,Headphones,32000,68,Returning,3,0,26178
P008,Canon,Canon EOS R50,Camera,75000,42,New,3,0,66308
P010,ASUS,ASUS ROG Zephyrus G16,Laptop,160000,80,Returning,2,1,134242
P004,Sony,PlayStation 5,Gaming Console,55000,35,Premium,2,1,48706
P006,Apple,Apple Watch Series 10,Smartwatch,50000,10,Returning,3,1,44818
P002,Samsung,Samsung Galaxy S25 Ultra,Smartphone,95000,79,Returning,2,1,81443
P001,Apple,iPhone 16,Smartphone,80000,7,Premium,1,1,75454
P009,Apple,iPad Air M3,Tablet,65000,24,New,1,1,59453
P004,Sony,PlayStation 5,Gaming Console,55000,5,New,3,1,50689
P008,Canon,Canon EOS R50,Camera,75000,84,Premium,1,0,64944
P005,Sony,Sony WH-1000XM6,Headphones,32000,19,New,3,1,27157
P009,Apple,iPad Air M3,Tablet,65000,96,New,2,0,58491
P007,Dell,Dell XPS 13,Laptop,120000,53,Premium,1,1,105546
P001,Apple,iPhone 16,Smartphone,80000,11,Premium,3,0,74981
P001,Apple,iPhone 16,Smartphone,80000,27,New,2,0,74773
P006,Apple,Apple Watch Series 10,Smartwatch,50000,29,Returning,3,0,44383
P009,Apple,iPad Air M3,Tablet,65000,52,Returning,3,1,56806
P006,Apple,Apple Watch Series 10,Smartwatch,50000,42,Returning,2,1,44401
P001,Apple,iPhone 16,Smartphone,80000,45,New,3,0,74813
P007,Dell,Dell XPS 13,Laptop,120000,6,Premium,2,1,108376
P005,Sony,Sony WH-1000XM6,Headphones,32000,96,Returning,3,0,25607
P003,Apple,MacBook Air M4,Laptop,110000,7,Premium,2,0,103304
P005,Sony,Sony WH-1000XM6,Headphones,32000,80,Premium,1,0,26673
P003,Apple,MacBook Air M4,Laptop,110000,91,Premium,2,1,95655
P003,Apple,MacBook Air M4,Laptop,110000,65,Returning,3,0,99774
P002,Samsung,Samsung Galaxy S25 Ultra,Smartphone,95000,46,Returning,3,0,82720
P004,Sony,PlayStation 5,Gaming Console,55000,3,Premium,2,1,49898
P006,Apple,Apple Watch Series 10,Smartwatch,50000,71,New,1,0,45895
P003,Apple,MacBook Air M4,Laptop,110000,54,Returning,1,1,100007
P008,Canon,Canon EOS R50,Camera,75000,83,Premium,2,1,62516
P007,Dell,Dell XPS 13,Laptop,120000,1,Returning,3,0,110751
P008,Canon,Canon EOS R50,Camera,75000,44,New,3,0,66121
P009,Apple,iPad Air M3,Tablet,65000,9,Returning,2,1,59679
P002,Samsung,Samsung Galaxy S25 Ultra,Smartphone,95000,20,Premium,3,1,79606
P002,Samsung,Samsung Galaxy S25 Ultra,Smartphone,95000,40,Premium,1,1,81410
P002,Samsung,Samsung Galaxy S25 Ultra,Smartphone,95000,55,Returning,3,0,82682
P004,Sony,PlayStation 5,Gaming Console,55000,67,Premium,2,1,48178
P008,Canon,Canon EOS R50,Camera,75000,57,Returning,2,1,64798
P006,Apple,Apple Watch Series 10,Smartwatch,50000,75,New,2,0,45370
P006,Apple,Apple Watch Series 10,Smartwatch,50000,39,Premium,3,1,43164
P004,Sony,PlayStation 5,Gaming Console,55000,82,Returning,1,1,48449
P008,Canon,Canon EOS R50,Camera,75000,85,Returning,1,1,64130
P007,Dell,Dell XPS 13,Laptop,120000,73,New,1,0,110749
P010,ASUS,ASUS ROG Zephyrus G16,Laptop,160000,35,Premium,1,1,134314
P004,Sony,PlayStation 5,Gaming Console,55000,39,New,2,0,50468
P010,ASUS,ASUS ROG Zephyrus G16,Laptop,160000,60,Returning,1,0,139379
P001,Apple,iPhone 16,Smartphone,80000,15,New,2,1,75973
P008,Canon,Canon EOS R50,Camera,75000,30,Returning,3,1,63496
P002,Samsung,Samsung Galaxy S25 Ultra,Smartphone,95000,85,Returning,3,1,78486
P003,Apple,MacBook Air M4,Laptop,110000,46,Returning,2,1,98910
P005,Sony,Sony WH-1000XM6,Headphones,32000,14,New,2,1,27363
P008,Canon,Canon EOS R50,Camera,75000,40,New,2,1,65646
P006,Apple,Apple Watch Series 10,Smartwatch,50000,60,New,3,1,43655
P004,Sony,PlayStation 5,Gaming Console,55000,19,Premium,2,1,49907
P009,Apple,iPad Air M3,Tablet,65000,3,Premium,3,1,58497
P010,ASUS,ASUS ROG Zephyrus G16,Laptop,160000,39,Returning,2,0,137769
P007,Dell,Dell XPS 13,Laptop,120000,52,New,1,1,108143
P002,Samsung,Samsung Galaxy S25 Ultra,Smartphone,95000,100,New,2,0,82394
P004,Sony,PlayStation 5,Gaming Console,55000,95,Premium,3,1,46704
P001,Apple,iPhone 16,Smartphone,80000,39,New,2,0,74957
P007,Dell,Dell XPS 13,Laptop,120000,76,Returning,3,0,106560
P008,Canon,Canon EOS R50,Camera,75000,86,Premium,2,0,64247
P005,Sony,Sony WH-1000XM6,Headphones,32000,16,Premium,2,1,26645
P006,Apple,Apple Watch Series 10,Smartwatch,50000,6,Premium,3,0,45511
P005,Sony,Sony WH-1000XM6,Headphones,32000,48,Premium,2,0,25865
P008,Canon,Canon EOS R50,Camera,75000,4,New,3,1,66353
P001,Apple,iPhone 16,Smartphone,80000,10,Returning,2,0,76974
P001,Apple,iPhone 16,Smartphone,80000,98,New,2,0,74062
P007,Dell,Dell XPS 13,Laptop,120000,59,Premium,3,1,103288
P001,Apple,iPhone 16,Smartphone,80000,63,Premium,2,0,74066
P009,Apple,iPad Air M3,Tablet,65000,41,Returning,3,0,58407
P003,Apple,MacBook Air M4,Laptop,110000,15,Premium,2,0,103580
P009,Apple,iPad Air M3,Tablet,65000,99,Premium,2,1,55811
P004,Sony,PlayStation 5,Gaming Console,55000,46,New,2,1,49245
P006,Apple,Apple Watch Series 10,Smartwatch,50000,87,Returning,3,1,42046
P008,Canon,Canon EOS R50,Camera,75000,8,Returning,1,0,69046
P009,Apple,iPad Air M3,Tablet,65000,28,Returning,1,0,59536
P006,Apple,Apple Watch Series 10,Smartwatch,50000,14,New,3,0,46076
P005,Sony,Sony WH-1000XM6,Headphones,32000,25,New,3,1,26352
P005,Sony,Sony WH-1000XM6,Headphones,32000,22,Returning,3,1,26098
P010,ASUS,ASUS ROG Zephyrus G16,Laptop,160000,30,Returning,2,0,137421
P008,Canon,Canon EOS R50,Camera,75000,92,Premium,3,1,61452
P002,Samsung,Samsung Galaxy S25 Ultra,Smartphone,95000,89,Returning,3,0,80450
P001,Apple,iPhone 16,Smartphone,80000,86,New,2,0,73923
P006,Apple,Apple Watch Series 10,Smartwatch,50000,100,Premium,2,1,42574
P003,Apple,MacBook Air M4,Laptop,110000,50,New,3,0,101697
P006,Apple,Apple Watch Series 10,Smartwatch,50000,24,Premium,2,0,44918
P008,Canon,Canon EOS R50,Camera,75000,76,Returning,3,0,64894
P009,Apple,iPad Air M3,Tablet,65000,98,Premium,2,1,56361
P010,ASUS,ASUS ROG Zephyrus G16,Laptop,160000,14,New,1,0,146079
P004,Sony,PlayStation 5,Gaming Console,55000,22,New,2,0,50430
P003,Apple,MacBook Air M4,Laptop,110000,49,New,1,1,101508
P009,Apple,iPad Air M3,Tablet,65000,73,New,2,1,58403
P006,Apple,Apple Watch Series 10,Smartwatch,50000,58,Returning,3,1,43386
P006,Apple,Apple Watch Series 10,Smartwatch,50000,90,New,1,1,44202
P006,Apple,Apple Watch Series 10,Smartwatch,50000,36,Returning,1,0,45533
P002,Samsung,Samsung Galaxy S25 Ultra,Smartphone,95000,99,Premium,3,1,77487
P004,Sony,PlayStation 5,Gaming Console,55000,49,Returning,1,0,50803
P006,Apple,Apple Watch Series 10,Smartwatch,50000,19,New,1,0,47706
P010,ASUS,ASUS ROG Zephyrus G16,Laptop,160000,28,Returning,3,1,132825
P005,Sony,Sony WH-1000XM6,Headphones,32000,100,New,3,1,25662
P008,Canon,Canon EOS R50,Camera,75000,11,Returning,2,0,67919
P001,Apple,iPhone 16,Smartphone,80000,10,Returning,3,0,75703
P004,Sony,PlayStation 5,Gaming Console,55000,42,Returning,1,0,50213
P003,Apple,MacBook Air M4,Laptop,110000,57,New,3,0,101633
P007,Dell,Dell XPS 13,Laptop,120000,2,New,1,1,111999
P007,Dell,Dell XPS 13,Laptop,120000,38,Returning,2,0,108249
P010,ASUS,ASUS ROG Zephyrus G16,Laptop,160000,2,Returning,3,1,137545
P002,Samsung,Samsung Galaxy S25 Ultra,Smartphone,95000,70,New,2,1,82297
P010,ASUS,ASUS ROG Zephyrus G16,Laptop,160000,48,New,2,1,136169
P008,Canon,Canon EOS R50,Camera,75000,89,New,3,1,62689
P002,Samsung,Samsung Galaxy S25 Ultra,Smartphone,95000,64,New,1,1,83658
P009,Apple,iPad Air M3,Tablet,65000,67,Returning,3,0,58672
P005,Sony,Sony WH-1000XM6,Headphones,32000,14,Premium,2,0,26745
P004,Sony,PlayStation 5,Gaming Console,55000,86,New,2,1,48570
P006,Apple,Apple Watch Series 10,Smartwatch,50000,52,Returning,3,1,43478
P005,Sony,Sony WH-1000XM6,Headphones,32000,14,Premium,3,0,26790
P001,Apple,iPhone 16,Smartphone,80000,42,Premium,3,0,72923
P001,Apple,iPhone 16,Smartphone,80000,50,Returning,3,0,74088
P010,ASUS,ASUS ROG Zephyrus G16,Laptop,160000,93,Premium,2,0,132534
P005,Sony,Sony WH-1000XM6,Headphones,32000,17,Returning,3,0,27422
P010,ASUS,ASUS ROG Zephyrus G16,Laptop,160000,58,Premium,1,0,137665
P002,Samsung,Samsung Galaxy S25 Ultra,Smartphone,95000,95,Returning,3,0,80442
P007,Dell,Dell XPS 13,Laptop,120000,70,New,3,1,105575
P001,Apple,iPhone 16,Smartphone,80000,60,Returning,1,0,75683
P006,Apple,Apple Watch Series 10,Smartwatch,50000,32,New,3,0,45152
P007,Dell,Dell XPS 13,Laptop,120000,94,New,2,0,106711
P001,Apple,iPhone 16,Smartphone,80000,18,New,1,1,76885
P001,Apple,iPhone 16,Smartphone,80000,71,Premium,3,1,71075
P005,Sony,Sony WH-1000XM6,Headphones,32000,66,New,1,0,26903
P006,Apple,Apple Watch Series 10,Smartwatch,50000,70,New,3,1,43696
P010,ASUS,ASUS ROG Zephyrus G16,Laptop,160000,82,New,1,1,134270
P008,Canon,Canon EOS R50,Camera,75000,31,Returning,1,1,65068
P006,Apple,Apple Watch Series 10,Smartwatch,50000,33,Returning,3,0,44790
P006,Apple,Apple Watch Series 10,Smartwatch,50000,16,New,1,0,47311
P001,Apple,iPhone 16,Smartphone,80000,98,New,1,0,74093
P002,Samsung,Samsung Galaxy S25 Ultra,Smartphone,95000,74,Returning,2,1,81779
P010,ASUS,ASUS ROG Zephyrus G16,Laptop,160000,2,New,2,1,140402
P008,Canon,Canon EOS R50,Camera,75000,64,New,2,0,66446
P001,Apple,iPhone 16,Smartphone,80000,45,Returning,3,1,72429
P001,Apple,iPhone 16,Smartphone,80000,74,Returning,1,0,74959
P007,Dell,Dell XPS 13,Laptop,120000,1,Returning,1,1,110159
P009,Apple,iPad Air M3,Tablet,65000,30,Premium,3,1,56263
P004,Sony,PlayStation 5,Gaming Console,55000,58,Returning,3,1,48018
P009,Apple,iPad Air M3,Tablet,65000,59,Returning,2,1,58236
P007,Dell,Dell XPS 13,Laptop,120000,8,New,2,1,110129
P005,Sony,Sony WH-1000XM6,Headphones,32000,42,Premium,3,1,25472
P004,Sony,PlayStation 5,Gaming Console,55000,11,Premium,2,0,50695
P004,Sony,PlayStation 5,Gaming Console,55000,29,New,2,1,49766
P008,Canon,Canon EOS R50,Camera,75000,43,Returning,2,1,64119
P001,Apple,iPhone 16,Smartphone,80000,39,Premium,2,0,73700
P005,Sony,Sony WH-1000XM6,Headphones,32000,90,Returning,3,0,25963
P002,Samsung,Samsung Galaxy S25 Ultra,Smartphone,95000,70,New,2,1,82170
P006,Apple,Apple Watch Series 10,Smartwatch,50000,38,New,2,0,45465
P010,ASUS,ASUS ROG Zephyrus G16,Laptop,160000,100,Premium,2,1,129922
P008,Canon,Canon EOS R50,Camera,75000,53,New,1,0,67052
P008,Canon,Canon EOS R50,Camera,75000,74,Returning,2,1,64902
P008,Canon,Canon EOS R50,Camera,75000,47,Returning,3,1,63678
P006,Apple,Apple Watch Series 10,Smartwatch,50000,60,New,3,1,43655
P003,Apple,MacBook Air M4,Laptop,110000,50,Premium,3,0,98803
P009,Apple,iPad Air M3,Tablet,65000,44,Returning,3,0,58776
P004,Sony,PlayStation 5,Gaming Console,55000,75,New,3,1,49429
P007,Dell,Dell XPS 13,Laptop,120000,68,Returning,3,1,103911
P007,Dell,Dell XPS 13,Laptop,120000,49,Premium,3,0,106044
P007,Dell,Dell XPS 13,Laptop,120000,9,New,3,0,112053
P007,Dell,Dell XPS 13,Laptop,120000,71,Returning,1,1,107204
P008,Canon,Canon EOS R50,Camera,75000,59,Returning,3,1,63729
P001,Apple,iPhone 16,Smartphone,80000,97,Premium,1,1,70847
P007,Dell,Dell XPS 13,Laptop,120000,29,Returning,2,0,108400
P008,Canon,Canon EOS R50,Camera,75000,9,Premium,1,0,68719
P008,Canon,Canon EOS R50,Camera,75000,98,New,2,0,64883
P009,Apple,iPad Air M3,Tablet,65000,77,Returning,1,0,59976
P001,Apple,iPhone 16,Smartphone,80000,53,Premium,3,0,72594
P004,Sony,PlayStation 5,Gaming Console,55000,21,New,1,0,50703
P003,Apple,MacBook Air M4,Laptop,110000,28,Premium,3,0,98758
P005,Sony,Sony WH-1000XM6,Headphones,32000,49,New,2,0,27234
P007,Dell,Dell XPS 13,Laptop,120000,73,Returning,3,0,106996
P001,Apple,iPhone 16,Smartphone,80000,52,Premium,2,0,73295
P006,Apple,Apple Watch Series 10,Smartwatch,50000,57,Premium,2,1,43797
P003,Apple,MacBook Air M4,Laptop,110000,77,Returning,1,0,102317
P006,Apple,Apple Watch Series 10,Smartwatch,50000,32,Returning,3,0,44033
P007,Dell,Dell XPS 13,Laptop,120000,34,Returning,3,1,104194
P009,Apple,iPad Air M3,Tablet,65000,62,Returning,1,0,59419
P010,ASUS,ASUS ROG Zephyrus G16,Laptop,160000,81,Premium,1,1,130870
P006,Apple,Apple Watch Series 10,Smartwatch,50000,45,Returning,1,0,45331
P004,Sony,PlayStation 5,Gaming Console,55000,57,Returning,2,0,49923
P006,Apple,Apple Watch Series 10,Smartwatch,50000,4,Returning,3,1,45063
P009,Apple,iPad Air M3,Tablet,65000,82,Returning,3,1,55428
P003,Apple,MacBook Air M4,Laptop,110000,6,New,3,0,104172
P002,Samsung,Samsung Galaxy S25 Ultra,Smartphone,95000,32,New,2,0,84973
P002,Samsung,Samsung Galaxy S25 Ultra,Smartphone,95000,80,Premium,2,1,81237
P007,Dell,Dell XPS 13,Laptop,120000,27,Premium,3,0,105652
P008,Canon,Canon EOS R50,Camera,75000,73,Premium,2,0,65691
P009,Apple,iPad Air M3,Tablet,65000,64,New,3,0,58907
P003,Apple,MacBook Air M4,Laptop,110000,40,Premium,2,1,97577
P010,ASUS,ASUS ROG Zephyrus G16,Laptop,160000,15,Returning,3,1,137417
P005,Sony,Sony WH-1000XM6,Headphones,32000,15,Returning,1,0,27539
P003,Apple,MacBook Air M4,Laptop,110000,70,Premium,3,0,98982
P001,Apple,iPhone 16,Smartphone,80000,3,Returning,1,0,77283
P009,Apple,iPad Air M3,Tablet,65000,63,Returning,2,0,58803
P001,Apple,iPhone 16,Smartphone,80000,19,Premium,1,0,76384
P008,Canon,Canon EOS R50,Camera,75000,47,Returning,2,1,64068
P007,Dell,Dell XPS 13,Laptop,120000,36,Premium,2,0,106974
P002,Samsung,Samsung Galaxy S25 Ultra,Smartphone,95000,8,Returning,2,1,84184
P008,Canon,Canon EOS R50,Camera,75000,41,Premium,3,0,64798
P002,Samsung,Samsung Galaxy S25 Ultra,Smartphone,95000,46,New,2,1,82408
P005,Sony,Sony WH-1000XM6,Headphones,32000,22,New,1,1,26116
P008,Canon,Canon EOS R50,Camera,75000,69,Returning,2,0,65706
P001,Apple,iPhone 16,Smartphone,80000,74,Returning,3,1,71645
P004,Sony,PlayStation 5,Gaming Console,55000,89,Premium,1,1,47897
P001,Apple,iPhone 16,Smartphone,80000,55,New,1,1,74243
P008,Canon,Canon EOS R50,Camera,75000,77,New,1,0,67410
P008,Canon,Canon EOS R50,Camera,75000,10,Returning,3,1,66012
P002,Samsung,Samsung Galaxy S25 Ultra,Smartphone,95000,80,Premium,2,0,82247
P006,Apple,Apple Watch Series 10,Smartwatch,50000,6,Premium,1,1,45508
P010,ASUS,ASUS ROG Zephyrus G16,Laptop,160000,62,Premium,1,0,137732
P003,Apple,MacBook Air M4,Laptop,110000,45,New,3,0,100747
P002,Samsung,Samsung Galaxy S25 Ultra,Smartphone,95000,72,New,3,1,81329
P004,Sony,PlayStation 5,Gaming Console,55000,30,Premium,1,1,49311
P001,Apple,iPhone 16,Smartphone,80000,35,Premium,3,0,73072
P008,Canon,Canon EOS R50,Camera,75000,75,Returning,3,0,65357
P002,Samsung,Samsung Galaxy S25 Ultra,Smartphone,95000,44,Premium,3,1,80236
P006,Apple,Apple Watch Series 10,Smartwatch,50000,16,New,2,0,47321
P010,ASUS,ASUS ROG Zephyrus G16,Laptop,160000,83,Returning,1,1,132915
P003,Apple,MacBook Air M4,Laptop,110000,3,Returning,2,1,102109
P002,Samsung,Samsung Galaxy S25 Ultra,Smartphone,95000,40,New,2,1,82996
P004,Sony,PlayStation 5,Gaming Console,55000,75,Returning,1,1,49133
P006,Apple,Apple Watch Series 10,Smartwatch,50000,77,New,3,0,45209
P002,Samsung,Samsung Galaxy S25 Ultra,Smartphone,95000,23,Returning,3,1,80995
P008,Canon,Canon EOS R50,Camera,75000,31,Premium,2,1,63741
P003,Apple,MacBook Air M4,Laptop,110000,97,Returning,2,0,99150
P005,Sony,Sony WH-1000XM6,Headphones,32000,26,Premium,2,1,25737
P008,Canon,Canon EOS R50,Camera,75000,67,Returning,1,1,65120
P008,Canon,Canon EOS R50,Camera,75000,15,Returning,2,1,66478
P009,Apple,iPad Air M3,Tablet,65000,87,Premium,1,0,57978
P010,ASUS,ASUS ROG Zephyrus G16,Laptop,160000,7,New,2,0,144156
P005,Sony,Sony WH-1000XM6,Headphones,32000,17,Returning,2,1,27364
P001,Apple,iPhone 16,Smartphone,80000,81,New,3,0,72881
P005,Sony,Sony WH-1000XM6,Headphones,32000,2,Premium,1,1,27095
P006,Apple,Apple Watch Series 10,Smartwatch,50000,62,New,2,1,44130
P005,Sony,Sony WH-1000XM6,Headphones,32000,22,Returning,2,0,26188
P006,Apple,Apple Watch Series 10,Smartwatch,50000,34,Premium,1,0,44726
P007,Dell,Dell XPS 13,Laptop,120000,77,New,1,0,110635
P005,Sony,Sony WH-1000XM6,Headphones,32000,81,New,1,1,25571
P008,Canon,Canon EOS R50,Camera,75000,31,New,3,0,66270
P008,Canon,Canon EOS R50,Camera,75000,24,New,2,1,65683
P002,Samsung,Samsung Galaxy S25 Ultra,Smartphone,95000,34,Returning,2,1,81785
P001,Apple,iPhone 16,Smartphone,80000,2,Premium,1,1,74828
P010,ASUS,ASUS ROG Zephyrus G16,Laptop,160000,29,New,2,1,135959
P005,Sony,Sony WH-1000XM6,Headphones,32000,21,New,3,0,26914
P006,Apple,Apple Watch Series 10,Smartwatch,50000,79,Returning,3,1,43933
P008,Canon,Canon EOS R50,Camera,75000,62,New,2,0,67133
P010,ASUS,ASUS ROG Zephyrus G16,Laptop,160000,3,New,1,1,142687
P003,Apple,MacBook Air M4,Laptop,110000,95,Returning,2,0,98912
P006,Apple,Apple Watch Series 10,Smartwatch,50000,2,New,3,0,46146
P010,ASUS,ASUS ROG Zephyrus G16,Laptop,160000,73,New,3,0,137820
P001,Apple,iPhone 16,Smartphone,80000,56,Returning,2,1,72369
P005,Sony,Sony WH-1000XM6,Headphones,32000,39,New,2,1,25995
P006,Apple,Apple Watch Series 10,Smartwatch,50000,41,Returning,3,0,44731
P005,Sony,Sony WH-1000XM6,Headphones,32000,23,Premium,1,0,26470
P010,ASUS,ASUS ROG Zephyrus G16,Laptop,160000,64,Premium,1,0,137852
P007,Dell,Dell XPS 13,Laptop,120000,57,Returning,2,0,108136
P004,Sony,PlayStation 5,Gaming Console,55000,40,New,3,1,49051
P001,Apple,iPhone 16,Smartphone,80000,36,Returning,1,0,75510
P006,Apple,Apple Watch Series 10,Smartwatch,50000,23,Premium,2,0,44342
P008,Canon,Canon EOS R50,Camera,75000,26,New,3,0,66413
P004,Sony,PlayStation 5,Gaming Console,55000,32,New,2,0,50383
P006,Apple,Apple Watch Series 10,Smartwatch,50000,32,Premium,3,0,43551
P003,Apple,MacBook Air M4,Laptop,110000,30,Returning,2,0,101565
P003,Apple,MacBook Air M4,Laptop,110000,20,Returning,2,1,98522
P010,ASUS,ASUS ROG Zephyrus G16,Laptop,160000,69,Returning,1,1,135661
P001,Apple,iPhone 16,Smartphone,80000,31,New,2,0,75031
P002,Samsung,Samsung Galaxy S25 Ultra,Smartphone,95000,52,New,1,0,85841
P003,Apple,MacBook Air M4,Laptop,110000,42,New,1,1,101425
P002,Samsung,Samsung Galaxy S25 Ultra,Smartphone,95000,47,Returning,2,1,81255
P010,ASUS,ASUS ROG Zephyrus G16,Laptop,160000,35,Premium,3,0,134179
P003,Apple,MacBook Air M4,Laptop,110000,20,Premium,3,1,97269
P006,Apple,Apple Watch Series 10,Smartwatch,50000,51,Returning,1,0,45607
P010,ASUS,ASUS ROG Zephyrus G16,Laptop,160000,21,Returning,2,0,137234
P006,Apple,Apple Watch Series 10,Smartwatch,50000,30,Premium,1,1,44289
P009,Apple,iPad Air M3,Tablet,65000,10,Premium,1,0,61442
P006,Apple,Apple Watch Series 10,Smartwatch,50000,3,Returning,3,0,46246
P005,Sony,Sony WH-1000XM6,Headphones,32000,79,Returning,1,1,25852
P006,Apple,Apple Watch Series 10,Smartwatch,50000,89,Returning,2,1,43008
P002,Samsung,Samsung Galaxy S25 Ultra,Smartphone,95000,51,Returning,1,0,85031
P009,Apple,iPad Air M3,Tablet,65000,81,Premium,1,1,56469
P004,Sony,PlayStation 5,Gaming Console,55000,3,Returning,1,1,50787
P002,Samsung,Samsung Galaxy S25 Ultra,Smartphone,95000,86,Premium,3,1,78313
P007,Dell,Dell XPS 13,Laptop,120000,31,Returning,1,0,109594
P001,Apple,iPhone 16,Smartphone,80000,59,Returning,1,1,73142
P005,Sony,Sony WH-1000XM6,Headphones,32000,20,New,2,1,26252
P006,Apple,Apple Watch Series 10,Smartwatch,50000,86,Premium,2,1,42471
P002,Samsung,Samsung Galaxy S25 Ultra,Smartphone,95000,40,New,3,0,83809
P007,Dell,Dell XPS 13,Laptop,120000,4,Premium,1,0,111211
P001,Apple,iPhone 16,Smartphone,80000,11,Returning,2,0,77169
P001,Apple,iPhone 16,Smartphone,80000,94,New,3,0,72797
P009,Apple,iPad Air M3,Tablet,65000,68,Premium,3,0,57900
P010,ASUS,ASUS ROG Zephyrus G16,Laptop,160000,27,New,2,1,136172
P002,Samsung,Samsung Galaxy S25 Ultra,Smartphone,95000,50,New,3,0,83517
P009,Apple,iPad Air M3,Tablet,65000,61,Premium,3,1,56140
P009,Apple,iPad Air M3,Tablet,65000,88,Returning,2,0,57708
P001,Apple,iPhone 16,Smartphone,80000,85,Premium,2,1,70309
P009,Apple,iPad Air M3,Tablet,65000,69,New,2,1,58180
P009,Apple,iPad Air M3,Tablet,65000,5,New,2,0,61981
P008,Canon,Canon EOS R50,Camera,75000,21,New,3,0,66189
P005,Sony,Sony WH-1000XM6,Headphones,32000,58,New,3,0,26529
P004,Sony,PlayStation 5,Gaming Console,55000,46,Returning,2,0,50027
P009,Apple,iPad Air M3,Tablet,65000,29,Premium,3,0,58332
P009,Apple,iPad Air M3,Tablet,65000,29,New,2,1,58975
P009,Apple,iPad Air M3,Tablet,65000,98,Premium,3,1,54855
P005,Sony,Sony WH-1000XM6,Headphones,32000,45,Returning,3,0,26161
P008,Canon,Canon EOS R50,Camera,75000,11,Returning,2,1,66519
P010,ASUS,ASUS ROG Zephyrus G16,Laptop,160000,5,Returning,2,1,139160
P006,Apple,Apple Watch Series 10,Smartwatch,50000,9,Premium,2,1,45414
P002,Samsung,Samsung Galaxy S25 Ultra,Smartphone,95000,11,Returning,2,1,84491
P001,Apple,iPhone 16,Smartphone,80000,45,Premium,3,1,71540
P007,Dell,Dell XPS 13,Laptop,120000,27,Returning,1,0,109215
P001,Apple,iPhone 16,Smartphone,80000,81,Premium,2,0,72102
P003,Apple,MacBook Air M4,Laptop,110000,3,Premium,1,0,104357
P009,Apple,iPad Air M3,Tablet,65000,45,Returning,2,0,58895
P008,Canon,Canon EOS R50,Camera,75000,91,Returning,2,0,64018
P004,Sony,PlayStation 5,Gaming Console,55000,13,Returning,2,1,50210
P010,ASUS,ASUS ROG Zephyrus G16,Laptop,160000,21,Returning,1,1,135789
P009,Apple,iPad Air M3,Tablet,65000,62,Premium,1,0,59522
P002,Samsung,Samsung Galaxy S25 Ultra,Smartphone,95000,19,Returning,3,0,85141
P006,Apple,Apple Watch Series 10,Smartwatch,50000,38,Returning,2,0,45173
P001,Apple,iPhone 16,Smartphone,80000,44,Returning,3,0,73619
P001,Apple,iPhone 16,Smartphone,80000,86,Premium,3,0,71281
P008,Canon,Canon EOS R50,Camera,75000,52,Premium,2,0,65282
P009,Apple,iPad Air M3,Tablet,65000,62,New,2,1,58099
P007,Dell,Dell XPS 13,Laptop,120000,28,New,1,1,107754
P009,Apple,iPad Air M3,Tablet,65000,29,Premium,1,0,58680
P010,ASUS,ASUS ROG Zephyrus G16,Laptop,160000,11,Returning,1,1,140461
P010,ASUS,ASUS ROG Zephyrus G16,Laptop,160000,40,Premium,1,0,137603
P005,Sony,Sony WH-1000XM6,Headphones,32000,14,Returning,3,1,26381
P005,Sony,Sony WH-1000XM6,Headphones,32000,53,Returning,1,1,26449
P004,Sony,PlayStation 5,Gaming Console,55000,46,New,3,1,48610
P003,Apple,MacBook Air M4,Laptop,110000,44,New,2,1,100247
P007,Dell,Dell XPS 13,Laptop,120000,8,New,1,0,113755
P001,Apple,iPhone 16,Smartphone,80000,17,New,2,0,77481
P007,Dell,Dell XPS 13,Laptop,120000,96,Returning,2,0,105288
P006,Apple,Apple Watch Series 10,Smartwatch,50000,11,Premium,2,0,46345
P005,Sony,Sony WH-1000XM6,Headphones,32000,14,Premium,3,0,27170
P009,Apple,iPad Air M3,Tablet,65000,2,Returning,1,1,60362
P007,Dell,Dell XPS 13,Laptop,120000,6,Premium,3,0,109570
P003,Apple,MacBook Air M4,Laptop,110000,28,Premium,1,1,99039
P009,Apple,iPad Air M3,Tablet,65000,38,Returning,2,0,59247
P009,Apple,iPad Air M3,Tablet,65000,49,New,2,0,59634
P003,Apple,MacBook Air M4,Laptop,110000,61,Returning,3,1,98249
P009,Apple,iPad Air M3,Tablet,65000,37,Returning,2,0,58665
P003,Apple,MacBook Air M4,Laptop,110000,21,Returning,3,0,99857
P009,Apple,iPad Air M3,Tablet,65000,70,Returning,1,0,59550
P008,Canon,Canon EOS R50,Camera,75000,31,Returning,1,1,65125
P001,Apple,iPhone 16,Smartphone,80000,29,New,1,0,76212
P003,Apple,MacBook Air M4,Laptop,110000,49,Premium,2,0,100542
P005,Sony,Sony WH-1000XM6,Headphones,32000,16,Premium,1,1,26386
P007,Dell,Dell XPS 13,Laptop,120000,11,New,2,1,110853
P002,Samsung,Samsung Galaxy S25 Ultra,Smartphone,95000,65,Premium,3,0,82050
P002,Samsung,Samsung Galaxy S25 Ultra,Smartphone,95000,75,Premium,1,1,82067
P007,Dell,Dell XPS 13,Laptop,120000,85,Premium,3,0,103609
P005,Sony,Sony WH-1000XM6,Headphones,32000,93,Returning,2,0,25716
P002,Samsung,Samsung Galaxy S25 Ultra,Smartphone,95000,6,New,2,0,87187
P002,Samsung,Samsung Galaxy S25 Ultra,Smartphone,95000,26,New,3,0,83213
P009,Apple,iPad Air M3,Tablet,65000,82,New,2,0,58971
P006,Apple,Apple Watch Series 10,Smartwatch,50000,11,Premium,3,0,45160
P006,Apple,Apple Watch Series 10,Smartwatch,50000,82,New,2,0,44317
P005,Sony,Sony WH-1000XM6,Headphones,32000,58,New,3,1,25844
P001,Apple,iPhone 16,Smartphone,80000,74,Premium,2,0,73926
P007,Dell,Dell XPS 13,Laptop,120000,59,New,2,1,106839
P004,Sony,PlayStation 5,Gaming Console,55000,9,New,1,0,52568
P006,Apple,Apple Watch Series 10,Smartwatch,50000,98,Returning,2,1,42985
P003,Apple,MacBook Air M4,Laptop,110000,98,New,2,1,98077
P008,Canon,Canon EOS R50,Camera,75000,77,Returning,1,1,65493
P005,Sony,Sony WH-1000XM6,Headphones,32000,4,New,1,1,27291
P005,Sony,Sony WH-1000XM6,Headphones,32000,80,Premium,3,1,24783
P010,ASUS,ASUS ROG Zephyrus G16,Laptop,160000,30,New,3,0,137825
P004,Sony,PlayStation 5,Gaming Console,55000,51,Premium,3,1,47441
P003,Apple,MacBook Air M4,Laptop,110000,81,Returning,2,0,98504
P007,Dell,Dell XPS 13,Laptop,120000,3,New,1,1,111877
P008,Canon,Canon EOS R50,Camera,75000,45,New,1,0,67356
P008,Canon,Canon EOS R50,Camera,75000,51,New,1,0,67083
P001,Apple,iPhone 16,Smartphone,80000,69,Premium,2,1,71802
P007,Dell,Dell XPS 13,Laptop,120000,13,New,2,0,112705
P001,Apple,iPhone 16,Smartphone,80000,50,Returning,1,0,74987
P008,Canon,Canon EOS R50,Camera,75000,38,Premium,2,1,63863
P005,Sony,Sony WH-1000XM6,Headphones,32000,72,Returning,3,1,25620
P005,Sony,Sony WH-1000XM6,Headphones,32000,67,New,2,0,27299
P004,Sony,PlayStation 5,Gaming Console,55000,52,New,1,0,51593
P008,Canon,Canon EOS R50,Camera,75000,60,New,1,1,65997
P004,Sony,PlayStation 5,Gaming Console,55000,84,Returning,2,1,47959
P004,Sony,PlayStation 5,Gaming Console,55000,26,New,2,0,50213
P002,Samsung,Samsung Galaxy S25 Ultra,Smartphone,95000,57,New,3,1,82052
P001,Apple,iPhone 16,Smartphone,80000,5,Returning,3,0,75674
P002,Samsung,Samsung Galaxy S25 Ultra,Smartphone,95000,35,Returning,2,0,84067
P006,Apple,Apple Watch Series 10,Smartwatch,50000,43,Premium,2,1,43286
P004,Sony,PlayStation 5,Gaming Console,55000,30,New,3,1,49129
P010,ASUS,ASUS ROG Zephyrus G16,Laptop,160000,94,Returning,3,1,129483
P003,Apple,MacBook Air M4,Laptop,110000,30,Premium,1,1,99294
P001,Apple,iPhone 16,Smartphone,80000,28,Premium,1,1,72549
P001,Apple,iPhone 16,Smartphone,80000,97,New,2,0,73493
P007,Dell,Dell XPS 13,Laptop,120000,45,New,3,1,105834
P002,Samsung,Samsung Galaxy S25 Ultra,Smartphone,95000,95,Premium,2,1,78591
P002,Samsung,Samsung Galaxy S25 Ultra,Smartphone,95000,59,New,3,1,81981
P007,Dell,Dell XPS 13,Laptop,120000,89,New,2,1,104634
P003,Apple,MacBook Air M4,Laptop,110000,26,Premium,3,1,97166
P009,Apple,iPad Air M3,Tablet,65000,49,Returning,3,0,58855
P010,ASUS,ASUS ROG Zephyrus G16,Laptop,160000,20,Returning,3,1,132866
P008,Canon,Canon EOS R50,Camera,75000,85,New,2,0,65697
P004,Sony,PlayStation 5,Gaming Console,55000,36,Premium,1,0,50466
P008,Canon,Canon EOS R50,Camera,75000,78,Returning,2,0,65940
P001,Apple,iPhone 16,Smartphone,80000,47,Returning,3,0,73589
P004,Sony,PlayStation 5,Gaming Console,55000,41,Returning,3,0,49121
P002,Samsung,Samsung Galaxy S25 Ultra,Smartphone,95000,50,New,2,0,84452
P010,ASUS,ASUS ROG Zephyrus G16,Laptop,160000,72,Premium,1,1,134668
P005,Sony,Sony WH-1000XM6,Headphones,32000,51,Returning,2,0,26899
P010,ASUS,ASUS ROG Zephyrus G16,Laptop,160000,69,Premium,3,1,130715
P002,Samsung,Samsung Galaxy S25 Ultra,Smartphone,95000,38,Premium,3,1,79669
P008,Canon,Canon EOS R50,Camera,75000,1,New,3,0,68006
P003,Apple,MacBook Air M4,Laptop,110000,61,Premium,1,1,98907
P010,ASUS,ASUS ROG Zephyrus G16,Laptop,160000,20,Returning,2,0,137718
P001,Apple,iPhone 16,Smartphone,80000,43,New,3,0,74298
P001,Apple,iPhone 16,Smartphone,80000,1,New,3,0,77102
P002,Samsung,Samsung Galaxy S25 Ultra,Smartphone,95000,86,Premium,1,0,82037
P006,Apple,Apple Watch Series 10,Smartwatch,50000,55,New,2,0,45866
P010,ASUS,ASUS ROG Zephyrus G16,Laptop,160000,59,New,3,1,134706
P005,Sony,Sony WH-1000XM6,Headphones,32000,99,Premium,3,0,24922
P002,Samsung,Samsung Galaxy S25 Ultra,Smartphone,95000,30,New,1,0,85670
P004,Sony,PlayStation 5,Gaming Console,55000,68,Returning,3,1,48752
P010,ASUS,ASUS ROG Zephyrus G16,Laptop,160000,80,New,3,1,134389
P003,Apple,MacBook Air M4,Laptop,110000,26,Premium,1,0,100762
P005,Sony,Sony WH-1000XM6,Headphones,32000,86,Returning,3,0,25605
P008,Canon,Canon EOS R50,Camera,75000,81,New,3,1,63376
P006,Apple,Apple Watch Series 10,Smartwatch,50000,41,Premium,2,0,44620
P003,Apple,MacBook Air M4,Laptop,110000,17,New,3,0,104899
P003,Apple,MacBook Air M4,Laptop,110000,3,Returning,1,0,105638
P007,Dell,Dell XPS 13,Laptop,120000,37,New,2,1,106364
P004,Sony,PlayStation 5,Gaming Console,55000,4,New,1,1,51468
P002,Samsung,Samsung Galaxy S25 Ultra,Smartphone,95000,89,Premium,2,0,80683
P009,Apple,iPad Air M3,Tablet,65000,25,Returning,3,0,58423
P008,Canon,Canon EOS R50,Camera,75000,56,Returning,1,0,66400
P004,Sony,PlayStation 5,Gaming Console,55000,74,Premium,1,0,50224
P003,Apple,MacBook Air M4,Laptop,110000,44,New,3,0,101606
P007,Dell,Dell XPS 13,Laptop,120000,59,New,1,1,108409
P010,ASUS,ASUS ROG Zephyrus G16,Laptop,160000,31,Returning,3,1,132919
P010,ASUS,ASUS ROG Zephyrus G16,Laptop,160000,73,Returning,1,0,139020
P003,Apple,MacBook Air M4,Laptop,110000,79,Returning,2,1,98808
P009,Apple,iPad Air M3,Tablet,65000,36,New,3,1,58135
P009,Apple,iPad Air M3,Tablet,65000,56,Premium,1,0,58726
P005,Sony,Sony WH-1000XM6,Headphones,32000,29,New,1,1,26323
P001,Apple,iPhone 16,Smartphone,80000,78,Premium,3,0,72628
P009,Apple,iPad Air M3,Tablet,65000,64,Returning,1,1,58324
P006,Apple,Apple Watch Series 10,Smartwatch,50000,77,Premium,3,0,44289
P007,Dell,Dell XPS 13,Laptop,120000,90,New,2,1,104851
P010,ASUS,ASUS ROG Zephyrus G16,Laptop,160000,7,New,2,0,144204
P003,Apple,MacBook Air M4,Laptop,110000,3,Premium,3,1,100577
P007,Dell,Dell XPS 13,Laptop,120000,31,Returning,1,0,109122
P003,Apple,MacBook Air M4,Laptop,110000,93,Returning,2,0,98721
P003,Apple,MacBook Air M4,Laptop,110000,25,Returning,3,1,97474
P009,Apple,iPad Air M3,Tablet,65000,1,New,3,1,59652
P010,ASUS,ASUS ROG Zephyrus G16,Laptop,160000,76,Premium,2,1,133088
P004,Sony,PlayStation 5,Gaming Console,55000,93,Returning,3,0,48516
P006,Apple,Apple Watch Series 10,Smartwatch,50000,63,Premium,2,1,43069
P010,ASUS,ASUS ROG Zephyrus G16,Laptop,160000,83,New,2,1,132575
P002,Samsung,Samsung Galaxy S25 Ultra,Smartphone,95000,10,New,2,0,87300
P008,Canon,Canon EOS R50,Camera,75000,2,New,3,1,66401
P006,Apple,Apple Watch Series 10,Smartwatch,50000,51,Premium,2,1,43106
P002,Samsung,Samsung Galaxy S25 Ultra,Smartphone,95000,21,Returning,3,1,80997
P003,Apple,MacBook Air M4,Laptop,110000,27,New,1,0,103456
P001,Apple,iPhone 16,Smartphone,80000,47,Returning,1,0,75460
P009,Apple,iPad Air M3,Tablet,65000,90,New,3,0,57993
P005,Sony,Sony WH-1000XM6,Headphones,32000,82,Premium,1,1,25008
P003,Apple,MacBook Air M4,Laptop,110000,15,New,2,0,105185
P003,Apple,MacBook Air M4,Laptop,110000,82,Returning,1,1,97761
P005,Sony,Sony WH-1000XM6,Headphones,32000,70,Returning,1,0,26382
P008,Canon,Canon EOS R50,Camera,75000,18,New,1,1,68615
P001,Apple,iPhone 16,Smartphone,80000,71,Returning,1,1,73359
P002,Samsung,Samsung Galaxy S25 Ultra,Smartphone,95000,56,Premium,3,0,81701
P010,ASUS,ASUS ROG Zephyrus G16,Laptop,160000,90,Returning,1,1,132634
P002,Samsung,Samsung Galaxy S25 Ultra,Smartphone,95000,21,Premium,3,1,79661
P006,Apple,Apple Watch Series 10,Smartwatch,50000,12,Premium,3,0,45018
P006,Apple,Apple Watch Series 10,Smartwatch,50000,11,New,3,0,46633
P005,Sony,Sony WH-1000XM6,Headphones,32000,89,Premium,2,0,25231
P007,Dell,Dell XPS 13,Laptop,120000,23,New,3,0,107513
P004,Sony,PlayStation 5,Gaming Console,55000,54,New,2,0,50232
P004,Sony,PlayStation 5,Gaming Console,55000,42,New,1,0,50652
P004,Sony,PlayStation 5,Gaming Console,55000,86,Returning,3,0,48798
P005,Sony,Sony WH-1000XM6,Headphones,32000,26,Returning,2,0,26648
P002,Samsung,Samsung Galaxy S25 Ultra,Smartphone,95000,56,Premium,1,0,83985
P010,ASUS,ASUS ROG Zephyrus G16,Laptop,160000,15,Returning,3,1,137326
P002,Samsung,Samsung Galaxy S25 Ultra,Smartphone,95000,55,Returning,3,1,81106
P009,Apple,iPad Air M3,Tablet,65000,61,Premium,3,1,56059
P004,Sony,PlayStation 5,Gaming Console,55000,27,New,2,1,49285
P005,Sony,Sony WH-1000XM6,Headphones,32000,9,New,2,0,27786
P007,Dell,Dell XPS 13,Laptop,120000,34,Premium,2,0,106331
P009,Apple,iPad Air M3,Tablet,65000,37,Returning,3,1,57265
P001,Apple,iPhone 16,Smartphone,80000,13,Returning,3,0,76001
P007,Dell,Dell XPS 13,Laptop,120000,39,New,3,1,105950
P003,Apple,MacBook Air M4,Laptop,110000,67,New,3,0,101002
P002,Samsung,Samsung Galaxy S25 Ultra,Smartphone,95000,16,Returning,1,1,85837
P001,Apple,iPhone 16,Smartphone,80000,84,Premium,2,1,70001
P004,Sony,PlayStation 5,Gaming Console,55000,16,Returning,1,1,51031
P003,Apple,MacBook Air M4,Laptop,110000,90,New,3,0,98636
P009,Apple,iPad Air M3,Tablet,65000,7,Returning,3,0,60416
P008,Canon,Canon EOS R50,Camera,75000,82,Returning,1,1,64193
P005,Sony,Sony WH-1000XM6,Headphones,32000,95,New,3,1,25288
P007,Dell,Dell XPS 13,Laptop,120000,23,Returning,3,0,106910
P006,Apple,Apple Watch Series 10,Smartwatch,50000,6,New,1,0,47936
P006,Apple,Apple Watch Series 10,Smartwatch,50000,100,New,2,1,43518
P007,Dell,Dell XPS 13,Laptop,120000,24,Returning,2,0,107911
P001,Apple,iPhone 16,Smartphone,80000,29,New,2,1,73644
P010,ASUS,ASUS ROG Zephyrus G16,Laptop,160000,3,New,1,1,142830
P006,Apple,Apple Watch Series 10,Smartwatch,50000,69,Premium,1,1,43620
P009,Apple,iPad Air M3,Tablet,65000,56,New,2,0,59482
P010,ASUS,ASUS ROG Zephyrus G16,Laptop,160000,29,Returning,3,1,133282
P005,Sony,Sony WH-1000XM6,Headphones,32000,85,Premium,2,0,25146
P006,Apple,Apple Watch Series 10,Smartwatch,50000,95,Returning,3,1,42453
P006,Apple,Apple Watch Series 10,Smartwatch,50000,57,Returning,3,0,44109
P004,Sony,PlayStation 5,Gaming Console,55000,58,Premium,3,0,48468
P005,Sony,Sony WH-1000XM6,Headphones,32000,98,Returning,2,1,25774
P003,Apple,MacBook Air M4,Laptop,110000,57,Returning,2,0,100789
P007,Dell,Dell XPS 13,Laptop,120000,1,Premium,3,1,107291
P009,Apple,iPad Air M3,Tablet,65000,74,Returning,1,0,60199
P006,Apple,Apple Watch Series 10,Smartwatch,50000,85,New,1,0,45295
P004,Sony,PlayStation 5,Gaming Console,55000,26,Returning,3,1,47962
P001,Apple,iPhone 16,Smartphone,80000,66,New,2,1,73543
P002,Samsung,Samsung Galaxy S25 Ultra,Smartphone,95000,17,Premium,3,0,84057
P008,Canon,Canon EOS R50,Camera,75000,36,Returning,1,0,67015
P004,Sony,PlayStation 5,Gaming Console,55000,94,Premium,3,1,46841
P010,ASUS,ASUS ROG Zephyrus G16,Laptop,160000,17,Returning,1,1,141012
P007,Dell,Dell XPS 13,Laptop,120000,7,New,1,1,111866
P009,Apple,iPad Air M3,Tablet,65000,67,Premium,2,0,58525
P006,Apple,Apple Watch Series 10,Smartwatch,50000,94,Premium,3,1,42024
P002,Samsung,Samsung Galaxy S25 Ultra,Smartphone,95000,70,Returning,1,1,82555
P004,Sony,PlayStation 5,Gaming Console,55000,7,Premium,3,0,50760
P001,Apple,iPhone 16,Smartphone,80000,61,New,2,1,73730
P010,ASUS,ASUS ROG Zephyrus G16,Laptop,160000,79,Premium,3,1,131500
P005,Sony,Sony WH-1000XM6,Headphones,32000,41,Returning,3,1,25990
P005,Sony,Sony WH-1000XM6,Headphones,32000,36,New,1,1,26472
P010,ASUS,ASUS ROG Zephyrus G16,Laptop,160000,22,Premium,2,0,135894
P006,Apple,Apple Watch Series 10,Smartwatch,50000,37,Premium,1,1,44287
P008,Canon,Canon EOS R50,Camera,75000,46,Premium,1,1,64031
P005,Sony,Sony WH-1000XM6,Headphones,32000,32,Returning,3,0,26683
P010,ASUS,ASUS ROG Zephyrus G16,Laptop,160000,67,Returning,3,0,135973
P010,ASUS,ASUS ROG Zephyrus G16,Laptop,160000,91,Premium,2,1,129618
P006,Apple,Apple Watch Series 10,Smartwatch,50000,58,Premium,1,1,43837
P007,Dell,Dell XPS 13,Laptop,120000,86,Premium,1,1,103188
P009,Apple,iPad Air M3,Tablet,65000,40,New,2,0,59800
P004,Sony,PlayStation 5,Gaming Console,55000,8,Returning,3,0,51475
P008,Canon,Canon EOS R50,Camera,75000,60,Returning,1,0,66573
P001,Apple,iPhone 16,Smartphone,80000,83,Premium,1,1,71220
P009,Apple,iPad Air M3,Tablet,65000,28,Returning,3,0,58152
P004,Sony,PlayStation 5,Gaming Console,55000,26,Premium,3,1,47639
P001,Apple,iPhone 16,Smartphone,80000,31,New,2,1,73233
P009,Apple,iPad Air M3,Tablet,65000,43,Premium,1,0,58879
P002,Samsung,Samsung Galaxy S25 Ultra,Smartphone,95000,98,New,3,1,79622
P004,Sony,PlayStation 5,Gaming Console,55000,21,Returning,1,1,49711
P006,Apple,Apple Watch Series 10,Smartwatch,50000,16,Returning,3,1,44659
P005,Sony,Sony WH-1000XM6,Headphones,32000,77,Premium,1,0,26203
P003,Apple,MacBook Air M4,Laptop,110000,32,Returning,2,1,98576
P005,Sony,Sony WH-1000XM6,Headphones,32000,55,Premium,2,0,26339
P004,Sony,PlayStation 5,Gaming Console,55000,91,Returning,2,1,47702
P008,Canon,Canon EOS R50,Camera,75000,6,New,1,0,69670
P002,Samsung,Samsung Galaxy S25 Ultra,Smartphone,95000,61,Returning,1,0,84478
P005,Sony,Sony WH-1000XM6,Headphones,32000,34,Returning,3,1,25918
P008,Canon,Canon EOS R50,Camera,75000,51,New,1,0,67564
P010,ASUS,ASUS ROG Zephyrus G16,Laptop,160000,32,Premium,3,0,134879
P003,Apple,MacBook Air M4,Laptop,110000,62,Premium,3,0,99362
P007,Dell,Dell XPS 13,Laptop,120000,42,New,2,1,106405
P003,Apple,MacBook Air M4,Laptop,110000,22,New,3,0,101371
P001,Apple,iPhone 16,Smartphone,80000,47,Returning,2,1,72729
P009,Apple,iPad Air M3,Tablet,65000,89,Returning,1,0,58959
P005,Sony,Sony WH-1000XM6,Headphones,32000,48,Returning,2,1,26014
P006,Apple,Apple Watch Series 10,Smartwatch,50000,7,New,2,0,47222
P006,Apple,Apple Watch Series 10,Smartwatch,50000,55,New,2,1,44498
P009,Apple,iPad Air M3,Tablet,65000,78,Premium,2,0,58237
P003,Apple,MacBook Air M4,Laptop,110000,63,Returning,1,0,102069
P007,Dell,Dell XPS 13,Laptop,120000,5,New,3,0,111810
P004,Sony,PlayStation 5,Gaming Console,55000,52,Premium,2,0,49970
P007,Dell,Dell XPS 13,Laptop,120000,73,New,1,0,110053
P001,Apple,iPhone 16,Smartphone,80000,73,Returning,2,1,72992
P001,Apple,iPhone 16,Smartphone,80000,52,New,2,0,75142
P008,Canon,Canon EOS R50,Camera,75000,4,Premium,1,1,66944
P002,Samsung,Samsung Galaxy S25 Ultra,Smartphone,95000,23,New,1,0,85598
P004,Sony,PlayStation 5,Gaming Console,55000,33,Returning,3,0,49468
P007,Dell,Dell XPS 13,Laptop,120000,77,Returning,1,0,109091
P003,Apple,MacBook Air M4,Laptop,110000,94,New,3,0,99202
P004,Sony,PlayStation 5,Gaming Console,55000,97,Premium,1,0,49208
P010,ASUS,ASUS ROG Zephyrus G16,Laptop,160000,21,Premium,2,0,135615
P001,Apple,iPhone 16,Smartphone,80000,44,New,1,1,73987
P003,Apple,MacBook Air M4,Laptop,110000,23,Returning,1,0,102719
P009,Apple,iPad Air M3,Tablet,65000,17,New,3,0,61268
P008,Canon,Canon EOS R50,Camera,75000,57,Premium,2,0,65214
P001,Apple,iPhone 16,Smartphone,80000,41,Returning,3,1,72002
P009,Apple,iPad Air M3,Tablet,65000,69,Returning,1,0,59363
P007,Dell,Dell XPS 13,Laptop,120000,25,New,1,0,110883
P002,Samsung,Samsung Galaxy S25 Ultra,Smartphone,95000,22,Returning,3,0,83073
P005,Sony,Sony WH-1000XM6,Headphones,32000,34,Returning,3,1,25474
P009,Apple,iPad Air M3,Tablet,65000,75,Returning,1,1,58502
P007,Dell,Dell XPS 13,Laptop,120000,2,Premium,2,0,110562
P007,Dell,Dell XPS 13,Laptop,120000,34,Returning,1,1,107238
P006,Apple,Apple Watch Series 10,Smartwatch,50000,23,Returning,2,0,44963
P009,Apple,iPad Air M3,Tablet,65000,60,Premium,2,1,57206
P009,Apple,iPad Air M3,Tablet,65000,69,Returning,1,1,58003
P010,ASUS,ASUS ROG Zephyrus G16,Laptop,160000,35,Returning,2,1,134379
P008,Canon,Canon EOS R50,Camera,75000,100,New,2,0,64895
P010,ASUS,ASUS ROG Zephyrus G16,Laptop,160000,66,Premium,3,1,131676
P003,Apple,MacBook Air M4,Laptop,110000,70,Returning,1,1,100134
P001,Apple,iPhone 16,Smartphone,80000,77,New,3,0,74815
P007,Dell,Dell XPS 13,Laptop,120000,88,Premium,1,1,102963
P002,Samsung,Samsung Galaxy S25 Ultra,Smartphone,95000,57,New,1,1,83300
P008,Canon,Canon EOS R50,Camera,75000,10,Premium,3,1,64784
P006,Apple,Apple Watch Series 10,Smartwatch,50000,50,Premium,3,1,43055
P009,Apple,iPad Air M3,Tablet,65000,2,New,1,1,60987
P005,Sony,Sony WH-1000XM6,Headphones,32000,61,Premium,2,0,25887
P008,Canon,Canon EOS R50,Camera,75000,75,Premium,1,0,66401
P003,Apple,MacBook Air M4,Laptop,110000,98,Returning,1,1,97643
P006,Apple,Apple Watch Series 10,Smartwatch,50000,87,Premium,2,0,43858
P007,Dell,Dell XPS 13,Laptop,120000,3,New,3,0,112100
P010,ASUS,ASUS ROG Zephyrus G16,Laptop,160000,72,Premium,2,0,136034
P008,Canon,Canon EOS R50,Camera,75000,1,Premium,1,1,66251
P009,Apple,iPad Air M3,Tablet,65000,100,Premium,3,1,55247
P002,Samsung,Samsung Galaxy S25 Ultra,Smartphone,95000,47,New,1,1,83578
P002,Samsung,Samsung Galaxy S25 Ultra,Smartphone,95000,93,New,2,1,80309
P005,Sony,Sony WH-1000XM6,Headphones,32000,29,New,2,1,26489
P008,Canon,Canon EOS R50,Camera,75000,77,Returning,2,0,66163
P005,Sony,Sony WH-1000XM6,Headphones,32000,53,New,3,0,26395
P002,Samsung,Samsung Galaxy S25 Ultra,Smartphone,95000,12,New,3,0,86002
P008,Canon,Canon EOS R50,Camera,75000,7,New,2,1,67028
P003,Apple,MacBook Air M4,Laptop,110000,2,Returning,1,0,105456
P005,Sony,Sony WH-1000XM6,Headphones,32000,73,Returning,1,0,27100
P010,ASUS,ASUS ROG Zephyrus G16,Laptop,160000,23,New,1,0,140990
P003,Apple,MacBook Air M4,Laptop,110000,80,Returning,2,1,98775
P008,Canon,Canon EOS R50,Camera,75000,87,Premium,3,1,61655
P004,Sony,PlayStation 5,Gaming Console,55000,77,Returning,2,1,49216
P005,Sony,Sony WH-1000XM6,Headphones,32000,33,New,2,0,26772
P010,ASUS,ASUS ROG Zephyrus G16,Laptop,160000,98,Premium,2,0,132357
P005,Sony,Sony WH-1000XM6,Headphones,32000,11,Returning,2,0,27377
P004,Sony,PlayStation 5,Gaming Console,55000,57,Returning,1,1,49095
P004,Sony,PlayStation 5,Gaming Console,55000,31,Returning,3,0,49889
P008,Canon,Canon EOS R50,Camera,75000,55,Returning,3,1,63638
P009,Apple,iPad Air M3,Tablet,65000,15,Premium,3,1,58785
P001,Apple,iPhone 16,Smartphone,80000,68,Returning,2,1,73085
P002,Samsung,Samsung Galaxy S25 Ultra,Smartphone,95000,59,Returning,3,0,82969
P006,Apple,Apple Watch Series 10,Smartwatch,50000,67,Returning,3,1,43528
P009,Apple,iPad Air M3,Tablet,65000,11,Returning,2,0,61127
P001,Apple,iPhone 16,Smartphone,80000,28,Returning,3,1,71675
P005,Sony,Sony WH-1000XM6,Headphones,32000,95,New,3,1,25234
P005,Sony,Sony WH-1000XM6,Headphones,32000,34,Returning,1,1,25954
P003,Apple,MacBook Air M4,Laptop,110000,34,Returning,1,1,99748
P008,Canon,Canon EOS R50,Camera,75000,95,Premium,1,0,64922
P002,Samsung,Samsung Galaxy S25 Ultra,Smartphone,95000,12,Premium,1,1,84869
P002,Samsung,Samsung Galaxy S25 Ultra,Smartphone,95000,69,Returning,2,1,82118
P009,Apple,iPad Air M3,Tablet,65000,79,Premium,3,1,56660
P004,Sony,PlayStation 5,Gaming Console,55000,22,New,1,1,50396
P010,ASUS,ASUS ROG Zephyrus G16,Laptop,160000,53,New,3,0,137153
P008,Canon,Canon EOS R50,Camera,75000,93,Premium,1,1,63209
P009,Apple,iPad Air M3,Tablet,65000,2,New,1,0,62572
P007,Dell,Dell XPS 13,Laptop,120000,34,New,2,1,106978
P003,Apple,MacBook Air M4,Laptop,110000,2,Returning,2,1,102359
P003,Apple,MacBook Air M4,Laptop,110000,74,Premium,2,0,100335
P010,ASUS,ASUS ROG Zephyrus G16,Laptop,160000,19,New,2,1,141295
P005,Sony,Sony WH-1000XM6,Headphones,32000,78,Premium,3,1,25237
P005,Sony,Sony WH-1000XM6,Headphones,32000,50,New,2,0,26977
P004,Sony,PlayStation 5,Gaming Console,55000,59,New,2,1,49698
P008,Canon,Canon EOS R50,Camera,75000,24,New,2,1,64830
P008,Canon,Canon EOS R50,Camera,75000,24,Returning,2,0,66328
P005,Sony,Sony WH-1000XM6,Headphones,32000,45,New,3,0,26493
P008,Canon,Canon EOS R50,Camera,75000,55,Premium,3,1,63103
P009,Apple,iPad Air M3,Tablet,65000,68,Returning,2,1,57650
P005,Sony,Sony WH-1000XM6,Headphones,32000,43,Premium,2,1,25876
P005,Sony,Sony WH-1000XM6,Headphones,32000,9,New,2,0,27458
P010,ASUS,ASUS ROG Zephyrus G16,Laptop,160000,18,Premium,3,0,139125
P001,Apple,iPhone 16,Smartphone,80000,89,Returning,3,1,70086
P008,Canon,Canon EOS R50,Camera,75000,43,Premium,1,0,65757
P007,Dell,Dell XPS 13,Laptop,120000,32,Premium,3,0,105213
P003,Apple,MacBook Air M4,Laptop,110000,36,Premium,2,1,97890
P010,ASUS,ASUS ROG Zephyrus G16,Laptop,160000,32,Returning,3,1,132716
P002,Samsung,Samsung Galaxy S25 Ultra,Smartphone,95000,9,Returning,2,1,84189
P003,Apple,MacBook Air M4,Laptop,110000,90,New,1,1,98528
P007,Dell,Dell XPS 13,Laptop,120000,43,Premium,2,0,107187
P006,Apple,Apple Watch Series 10,Smartwatch,50000,30,New,2,0,45134
P003,Apple,MacBook Air M4,Laptop,110000,58,Premium,2,0,99854
P001,Apple,iPhone 16,Smartphone,80000,28,Returning,3,0,73927
P008,Canon,Canon EOS R50,Camera,75000,9,Premium,2,0,67291
P005,Sony,Sony WH-1000XM6,Headphones,32000,59,Returning,2,0,26942
P002,Samsung,Samsung Galaxy S25 Ultra,Smartphone,95000,14,New,3,0,86164
P009,Apple,iPad Air M3,Tablet,65000,90,New,2,0,58570
P008,Canon,Canon EOS R50,Camera,75000,70,New,2,1,64829
P006,Apple,Apple Watch Series 10,Smartwatch,50000,90,Returning,2,1,43025
P007,Dell,Dell XPS 13,Laptop,120000,49,New,2,1,106633
P005,Sony,Sony WH-1000XM6,Headphones,32000,11,Premium,1,0,27663
P009,Apple,iPad Air M3,Tablet,65000,88,Premium,1,1,56192
P002,Samsung,Samsung Galaxy S25 Ultra,Smartphone,95000,22,Premium,3,1,79743
P010,ASUS,ASUS ROG Zephyrus G16,Laptop,160000,6,Returning,3,1,137499
P010,ASUS,ASUS ROG Zephyrus G16,Laptop,160000,92,Premium,3,1,127679
P009,Apple,iPad Air M3,Tablet,65000,65,New,3,1,57809
P001,Apple,iPhone 16,Smartphone,80000,43,New,1,0,75581
P004,Sony,PlayStation 5,Gaming Console,55000,87,New,3,1,47443
P003,Apple,MacBook Air M4,Laptop,110000,27,Premium,1,0,100912
P007,Dell,Dell XPS 13,Laptop,120000,49,Premium,2,1,104029
P008,Canon,Canon EOS R50,Camera,75000,96,Returning,3,1,61889
P007,Dell,Dell XPS 13,Laptop,120000,70,Premium,3,1,102890
P008,Canon,Canon EOS R50,Camera,75000,19,Premium,2,1,65529
P004,Sony,PlayStation 5,Gaming Console,55000,20,New,3,1,48909
P009,Apple,iPad Air M3,Tablet,65000,29,Returning,2,0,59629
P001,Apple,iPhone 16,Smartphone,80000,53,New,3,0,74743
P004,Sony,PlayStation 5,Gaming Console,55000,35,Premium,3,1,48182
P006,Apple,Apple Watch Series 10,Smartwatch,50000,62,New,2,1,44177
P004,Sony,PlayStation 5,Gaming Console,55000,84,New,2,1,48559
P001,Apple,iPhone 16,Smartphone,80000,8,Returning,2,0,76647
P009,Apple,iPad Air M3,Tablet,65000,46,Premium,3,1,56273
P001,Apple,iPhone 16,Smartphone,80000,17,Returning,1,0,77274
P009,Apple,iPad Air M3,Tablet,65000,45,Returning,1,1,58726
P003,Apple,MacBook Air M4,Laptop,110000,33,New,3,0,101039
P006,Apple,Apple Watch Series 10,Smartwatch,50000,44,Returning,2,0,45092
P008,Canon,Canon EOS R50,Camera,75000,59,Premium,1,1,64106
P002,Samsung,Samsung Galaxy S25 Ultra,Smartphone,95000,54,Returning,3,0,82518
P010,ASUS,ASUS ROG Zephyrus G16,Laptop,160000,54,Premium,2,1,133190
P008,Canon,Canon EOS R50,Camera,75000,30,Premium,2,1,63639
P010,ASUS,ASUS ROG Zephyrus G16,Laptop,160000,2,Returning,2,1,139464
P007,Dell,Dell XPS 13,Laptop,120000,64,Premium,1,0,107691
P003,Apple,MacBook Air M4,Laptop,110000,80,New,3,0,100990
P009,Apple,iPad Air M3,Tablet,65000,78,Returning,2,1,58290
P008,Canon,Canon EOS R50,Camera,75000,4,New,3,1,67162
P003,Apple,MacBook Air M4,Laptop,110000,31,Premium,3,1,97262
P006,Apple,Apple Watch Series 10,Smartwatch,50000,75,Premium,3,1,43481
P003,Apple,MacBook Air M4,Laptop,110000,54,Returning,1,1,100022
P001,Apple,iPhone 16,Smartphone,80000,82,Premium,3,1,69311
P001,Apple,iPhone 16,Smartphone,80000,11,New,3,0,76530
P004,Sony,PlayStation 5,Gaming Console,55000,74,Premium,1,0,49797
P009,Apple,iPad Air M3,Tablet,65000,64,New,2,0,59857
P004,Sony,PlayStation 5,Gaming Console,55000,32,Returning,2,0,49878
P009,Apple,iPad Air M3,Tablet,65000,100,New,1,0,59619
P002,Samsung,Samsung Galaxy S25 Ultra,Smartphone,95000,47,New,1,1,83386
P004,Sony,PlayStation 5,Gaming Console,55000,42,Returning,2,0,49682
P008,Canon,Canon EOS R50,Camera,75000,63,New,3,1,64072
P006,Apple,Apple Watch Series 10,Smartwatch,50000,49,Returning,3,1,43675
P010,ASUS,ASUS ROG Zephyrus G16,Laptop,160000,48,Returning,3,1,132661
P008,Canon,Canon EOS R50,Camera,75000,44,Premium,2,1,64249
P006,Apple,Apple Watch Series 10,Smartwatch,50000,4,Returning,2,0,46704
P007,Dell,Dell XPS 13,Laptop,120000,18,Premium,3,0,109153
P002,Samsung,Samsung Galaxy S25 Ultra,Smartphone,95000,39,Premium,2,1,81169
P002,Samsung,Samsung Galaxy S25 Ultra,Smartphone,95000,72,New,3,1,82164
P003,Apple,MacBook Air M4,Laptop,110000,89,Returning,1,1,97546
P001,Apple,iPhone 16,Smartphone,80000,59,Premium,3,0,73093
P002,Samsung,Samsung Galaxy S25 Ultra,Smartphone,95000,51,Premium,2,0,83044
P002,Samsung,Samsung Galaxy S25 Ultra,Smartphone,95000,79,Premium,3,0,81294
P005,Sony,Sony WH-1000XM6,Headphones,32000,48,Returning,2,1,25747
P003,Apple,MacBook Air M4,Laptop,110000,8,New,1,0,106684
P007,Dell,Dell XPS 13,Laptop,120000,98,Premium,2,1,101707
P001,Apple,iPhone 16,Smartphone,80000,66,Premium,3,0,72607
P001,Apple,iPhone 16,Smartphone,80000,25,Premium,2,0,73276
P002,Samsung,Samsung Galaxy S25 Ultra,Smartphone,95000,22,Premium,2,1,80259
P003,Apple,MacBook Air M4,Laptop,110000,75,New,2,0,102096
P001,Apple,iPhone 16,Smartphone,80000,74,Returning,1,0,75516
P002,Samsung,Samsung Galaxy S25 Ultra,Smartphone,95000,71,New,2,0,84412
P008,Canon,Canon EOS R50,Camera,75000,74,Returning,3,0,65474
P001,Apple,iPhone 16,Smartphone,80000,37,Returning,3,1,71590
P003,Apple,MacBook Air M4,Laptop,110000,84,New,1,1,98809
P007,Dell,Dell XPS 13,Laptop,120000,2,New,3,0,112077
P002,Samsung,Samsung Galaxy S25 Ultra,Smartphone,95000,27,Returning,3,0,82418
P009,Apple,iPad Air M3,Tablet,65000,91,Returning,2,0,57556
P004,Sony,PlayStation 5,Gaming Console,55000,77,Premium,3,1,48058
P003,Apple,MacBook Air M4,Laptop,110000,60,Returning,3,1,97489
P003,Apple,MacBook Air M4,Laptop,110000,64,New,2,0,101918
P002,Samsung,Samsung Galaxy S25 Ultra,Smartphone,95000,20,New,1,0,85904
P004,Sony,PlayStation 5,Gaming Console,55000,65,New,1,0,50744
P005,Sony,Sony WH-1000XM6,Headphones,32000,76,Returning,3,0,25906
P010,ASUS,ASUS ROG Zephyrus G16,Laptop,160000,68,Premium,1,0,137692
P007,Dell,Dell XPS 13,Laptop,120000,87,Returning,2,1,102861
P004,Sony,PlayStation 5,Gaming Console,55000,15,Premium,1,0,51725
P003,Apple,MacBook Air M4,Laptop,110000,9,Premium,1,0,104328
P007,Dell,Dell XPS 13,Laptop,120000,72,Premium,3,0,105196
P008,Canon,Canon EOS R50,Camera,75000,20,New,2,1,65250
P001,Apple,iPhone 16,Smartphone,80000,39,Premium,3,0,73233
P008,Canon,Canon EOS R50,Camera,75000,11,New,3,0,68457
P009,Apple,iPad Air M3,Tablet,65000,73,New,3,0,59559
P009,Apple,iPad Air M3,Tablet,65000,98,Returning,2,0,57678
P001,Apple,iPhone 16,Smartphone,80000,15,New,3,0,77100
P003,Apple,MacBook Air M4,Laptop,110000,3,New,2,1,103506
P006,Apple,Apple Watch Series 10,Smartwatch,50000,56,New,2,0,45262
P009,Apple,iPad Air M3,Tablet,65000,61,Returning,2,0,59496
P008,Canon,Canon EOS R50,Camera,75000,59,Returning,3,0,65116
P008,Canon,Canon EOS R50,Camera,75000,20,New,1,1,66274
P004,Sony,PlayStation 5,Gaming Console,55000,16,Returning,1,0,52428
P008,Canon,Canon EOS R50,Camera,75000,83,Premium,3,0,62595
P001,Apple,iPhone 16,Smartphone,80000,41,Premium,2,0,74077
P004,Sony,PlayStation 5,Gaming Console,55000,98,Premium,3,1,47130
P004,Sony,PlayStation 5,Gaming Console,55000,8,Returning,2,1,50123
P001,Apple,iPhone 16,Smartphone,80000,45,Premium,3,1,71112
P010,ASUS,ASUS ROG Zephyrus G16,Laptop,160000,51,Returning,3,0,136381
P003,Apple,MacBook Air M4,Laptop,110000,99,New,1,1,98560
P001,Apple,iPhone 16,Smartphone,80000,64,New,3,1,72835
P001,Apple,iPhone 16,Smartphone,80000,4,Premium,2,0,75780
P001,Apple,iPhone 16,Smartphone,80000,72,Returning,1,0,74886
P004,Sony,PlayStation 5,Gaming Console,55000,39,New,1,1,49895
P009,Apple,iPad Air M3,Tablet,65000,100,Returning,2,1,56952
P009,Apple,iPad Air M3,Tablet,65000,89,Premium,3,0,56688
P003,Apple,MacBook Air M4,Laptop,110000,32,Returning,2,0,101560
P010,ASUS,ASUS ROG Zephyrus G16,Laptop,160000,64,New,1,1,138035
P009,Apple,iPad Air M3,Tablet,65000,89,New,3,1,56613
P006,Apple,Apple Watch Series 10,Smartwatch,50000,96,Returning,2,1,43391
P002,Samsung,Samsung Galaxy S25 Ultra,Smartphone,95000,28,Premium,1,1,82000
P001,Apple,iPhone 16,Smartphone,80000,28,Returning,3,0,73896
P004,Sony,PlayStation 5,Gaming Console,55000,55,Returning,3,0,49560
P008,Canon,Canon EOS R50,Camera,75000,26,Returning,3,0,64898
P004,Sony,PlayStation 5,Gaming Console,55000,69,New,1,1,50261
P004,Sony,PlayStation 5,Gaming Console,55000,53,Returning,2,1,48981
P005,Sony,Sony WH-1000XM6,Headphones,32000,53,Returning,2,1,26175
P008,Canon,Canon EOS R50,Camera,75000,92,Returning,1,1,63486
P008,Canon,Canon EOS R50,Camera,75000,99,New,1,0,65909
P004,Sony,PlayStation 5,Gaming Console,55000,14,Returning,2,1,51011
P003,Apple,MacBook Air M4,Laptop,110000,74,Returning,2,1,98538
P002,Samsung,Samsung Galaxy S25 Ultra,Smartphone,95000,34,Returning,3,1,80254
P009,Apple,iPad Air M3,Tablet,65000,14,New,3,1,59559
P002,Samsung,Samsung Galaxy S25 Ultra,Smartphone,95000,48,Returning,1,0,84773
P005,Sony,Sony WH-1000XM6,Headphones,32000,92,New,3,1,25693
P002,Samsung,Samsung Galaxy S25 Ultra,Smartphone,95000,10,Returning,3,1,83221
P002,Samsung,Samsung Galaxy S25 Ultra,Smartphone,95000,40,Returning,1,0,84948
P007,Dell,Dell XPS 13,Laptop,120000,10,New,3,0,111509
P001,Apple,iPhone 16,Smartphone,80000,43,Returning,2,1,72688
P006,Apple,Apple Watch Series 10,Smartwatch,50000,34,New,3,1,44012
P004,Sony,PlayStation 5,Gaming Console,55000,49,Premium,2,0,49511
P008,Canon,Canon EOS R50,Camera,75000,12,Returning,1,0,68797
P005,Sony,Sony WH-1000XM6,Headphones,32000,81,Premium,2,1,24806
P010,ASUS,ASUS ROG Zephyrus G16,Laptop,160000,46,Premium,2,1,132329
P001,Apple,iPhone 16,Smartphone,80000,30,New,1,0,76115
P007,Dell,Dell XPS 13,Laptop,120000,83,New,1,1,105894
P003,Apple,MacBook Air M4,Laptop,110000,29,Premium,2,1,98328
P005,Sony,Sony WH-1000XM6,Headphones,32000,88,New,3,0,26087
P008,Canon,Canon EOS R50,Camera,75000,96,New,2,0,65297
P006,Apple,Apple Watch Series 10,Smartwatch,50000,85,New,3,1,43357
P008,Canon,Canon EOS R50,Camera,75000,3,Premium,1,1,66280
P010,ASUS,ASUS ROG Zephyrus G16,Laptop,160000,74,New,2,1,135533
P009,Apple,iPad Air M3,Tablet,65000,15,New,1,1,61422
P005,Sony,Sony WH-1000XM6,Headphones,32000,97,New,1,1,26255
P009,Apple,iPad Air M3,Tablet,65000,81,Returning,3,1,55593
P008,Canon,Canon EOS R50,Camera,75000,60,New,1,1,65676
P008,Canon,Canon EOS R50,Camera,75000,74,Returning,3,1,64147
P002,Samsung,Samsung Galaxy S25 Ultra,Smartphone,95000,40,New,3,1,81461
P005,Sony,Sony WH-1000XM6,Headphones,32000,79,Premium,2,1,25689
P006,Apple,Apple Watch Series 10,Smartwatch,50000,38,New,1,1,45362
P006,Apple,Apple Watch Series 10,Smartwatch,50000,56,New,2,1,44172
P009,Apple,iPad Air M3,Tablet,65000,1,New,1,1,61590
P002,Samsung,Samsung Galaxy S25 Ultra,Smartphone,95000,83,Returning,1,1,80563
P008,Canon,Canon EOS R50,Camera,75000,75,Premium,2,1,63849
P003,Apple,MacBook Air M4,Laptop,110000,30,Returning,3,0,100435
P007,Dell,Dell XPS 13,Laptop,120000,92,New,3,0,105943
P003,Apple,MacBook Air M4,Laptop,110000,55,Returning,3,1,98135
P002,Samsung,Samsung Galaxy S25 Ultra,Smartphone,95000,88,Premium,1,0,81292
P008,Canon,Canon EOS R50,Camera,75000,2,Returning,3,0,67128
P010,ASUS,ASUS ROG Zephyrus G16,Laptop,160000,37,Premium,3,1,131159
P007,Dell,Dell XPS 13,Laptop,120000,10,Premium,3,0,108741
P005,Sony,Sony WH-1000XM6,Headphones,32000,100,Premium,2,1,24552
P005,Sony,Sony WH-1000XM6,Headphones,32000,23,Premium,3,0,25740
P006,Apple,Apple Watch Series 10,Smartwatch,50000,100,New,3,0,44155
P004,Sony,PlayStation 5,Gaming Console,55000,62,New,3,1,49180
P006,Apple,Apple Watch Series 10,Smartwatch,50000,52,Premium,2,0,44675
P004,Sony,PlayStation 5,Gaming Console,55000,7,New,2,1,51037
P005,Sony,Sony WH-1000XM6,Headphones,32000,82,Returning,3,1,24558
P002,Samsung,Samsung Galaxy S25 Ultra,Smartphone,95000,44,Premium,3,0,82104
P002,Samsung,Samsung Galaxy S25 Ultra,Smartphone,95000,68,Returning,1,1,82224
P001,Apple,iPhone 16,Smartphone,80000,63,Premium,3,0,72418
P007,Dell,Dell XPS 13,Laptop,120000,16,New,2,1,110163
P005,Sony,Sony WH-1000XM6,Headphones,32000,49,Premium,3,0,26411
P002,Samsung,Samsung Galaxy S25 Ultra,Smartphone,95000,75,Premium,1,0,83876
P010,ASUS,ASUS ROG Zephyrus G16,Laptop,160000,59,Returning,2,0,137849
P005,Sony,Sony WH-1000XM6,Headphones,32000,63,New,3,1,26413
P003,Apple,MacBook Air M4,Laptop,110000,31,Returning,3,1,98393
P005,Sony,Sony WH-1000XM6,Headphones,32000,72,Premium,3,1,25249
P001,Apple,iPhone 16,Smartphone,80000,8,Returning,3,0,76147
P003,Apple,MacBook Air M4,Laptop,110000,44,New,1,1,101653
P002,Samsung,Samsung Galaxy S25 Ultra,Smartphone,95000,21,New,3,0,83663
P003,Apple,MacBook Air M4,Laptop,110000,97,New,2,1,97985
P010,ASUS,ASUS ROG Zephyrus G16,Laptop,160000,8,Premium,2,1,137521
P001,Apple,iPhone 16,Smartphone,80000,19,Premium,2,1,74832
P004,Sony,PlayStation 5,Gaming Console,55000,71,New,3,1,48920
P002,Samsung,Samsung Galaxy S25 Ultra,Smartphone,95000,53,Returning,2,0,84098
P002,Samsung,Samsung Galaxy S25 Ultra,Smartphone,95000,99,Premium,1,0,81393
P008,Canon,Canon EOS R50,Camera,75000,2,Premium,3,0,66707
P001,Apple,iPhone 16,Smartphone,80000,32,Returning,3,0,73640
P009,Apple,iPad Air M3,Tablet,65000,97,Premium,2,1,56169
P010,ASUS,ASUS ROG Zephyrus G16,Laptop,160000,29,New,1,1,137919
P001,Apple,iPhone 16,Smartphone,80000,74,Premium,1,1,72816
P005,Sony,Sony WH-1000XM6,Headphones,32000,77,New,3,1,25923
P005,Sony,Sony WH-1000XM6,Headphones,32000,70,Returning,2,0,26690
P007,Dell,Dell XPS 13,Laptop,120000,45,New,2,1,106989
P005,Sony,Sony WH-1000XM6,Headphones,32000,44,Returning,2,1,25556
P007,Dell,Dell XPS 13,Laptop,120000,61,Returning,2,1,105191
P010,ASUS,ASUS ROG Zephyrus G16,Laptop,160000,66,New,3,0,137557
P010,ASUS,ASUS ROG Zephyrus G16,Laptop,160000,35,Returning,2,1,133903
P001,Apple,iPhone 16,Smartphone,80000,25,Returning,2,0,74672
P003,Apple,MacBook Air M4,Laptop,110000,8,New,2,0,105506
P010,ASUS,ASUS ROG Zephyrus G16,Laptop,160000,29,New,1,0,141165
P007,Dell,Dell XPS 13,Laptop,120000,85,Returning,2,0,106075
P006,Apple,Apple Watch Series 10,Smartwatch,50000,57,New,1,0,46126
P001,Apple,iPhone 16,Smartphone,80000,60,Returning,1,1,73332
P006,Apple,Apple Watch Series 10,Smartwatch,50000,12,Returning,3,1,44650
P003,Apple,MacBook Air M4,Laptop,110000,35,Returning,2,1,98876
P002,Samsung,Samsung Galaxy S25 Ultra,Smartphone,95000,17,Returning,3,0,85493
P010,ASUS,ASUS ROG Zephyrus G16,Laptop,160000,76,New,1,1,137960
P004,Sony,PlayStation 5,Gaming Console,55000,52,Premium,2,0,49198
P003,Apple,MacBook Air M4,Laptop,110000,64,Returning,1,0,102064
P003,Apple,MacBook Air M4,Laptop,110000,20,Premium,2,1,97563
P009,Apple,iPad Air M3,Tablet,65000,30,Returning,1,0,59809
P003,Apple,MacBook Air M4,Laptop,110000,24,Returning,3,0,99704
P001,Apple,iPhone 16,Smartphone,80000,30,New,3,1,73144
P001,Apple,iPhone 16,Smartphone,80000,1,Premium,3,1,73245
P004,Sony,PlayStation 5,Gaming Console,55000,33,New,1,1,49561
P005,Sony,Sony WH-1000XM6,Headphones,32000,26,New,1,0,27399
P002,Samsung,Samsung Galaxy S25 Ultra,Smartphone,95000,81,Premium,3,0,79846
P005,Sony,Sony WH-1000XM6,Headphones,32000,47,Returning,3,0,25870
P006,Apple,Apple Watch Series 10,Smartwatch,50000,83,Returning,3,0,43275
P008,Canon,Canon EOS R50,Camera,75000,29,Returning,1,1,65520
P002,Samsung,Samsung Galaxy S25 Ultra,Smartphone,95000,62,Returning,3,1,80803
P001,Apple,iPhone 16,Smartphone,80000,84,Premium,2,1,70278
P006,Apple,Apple Watch Series 10,Smartwatch,50000,40,Returning,3,0,44098
P006,Apple,Apple Watch Series 10,Smartwatch,50000,63,Premium,3,0,43974
P010,ASUS,ASUS ROG Zephyrus G16,Laptop,160000,86,New,2,1,132330
P006,Apple,Apple Watch Series 10,Smartwatch,50000,27,Premium,1,1,43702
P010,ASUS,ASUS ROG Zephyrus G16,Laptop,160000,55,Premium,3,1,131331
P004,Sony,PlayStation 5,Gaming Console,55000,34,Premium,1,0,50200
P010,ASUS,ASUS ROG Zephyrus G16,Laptop,160000,5,New,3,1,139328
P010,ASUS,ASUS ROG Zephyrus G16,Laptop,160000,60,Premium,3,0,134593
P004,Sony,PlayStation 5,Gaming Console,55000,11,Premium,2,0,50893
P003,Apple,MacBook Air M4,Laptop,110000,13,Premium,3,1,100375
P010,ASUS,ASUS ROG Zephyrus G16,Laptop,160000,87,Returning,2,1,131498
P002,Samsung,Samsung Galaxy S25 Ultra,Smartphone,95000,88,Premium,3,0,79430
P006,Apple,Apple Watch Series 10,Smartwatch,50000,2,Returning,2,1,45897
P009,Apple,iPad Air M3,Tablet,65000,52,Premium,3,0,57762
P008,Canon,Canon EOS R50,Camera,75000,29,Returning,2,1,64482
P002,Samsung,Samsung Galaxy S25 Ultra,Smartphone,95000,39,Premium,3,1,79552
P003,Apple,MacBook Air M4,Laptop,110000,72,Premium,2,0,100511
P001,Apple,iPhone 16,Smartphone,80000,30,Premium,2,0,73417
P003,Apple,MacBook Air M4,Laptop,110000,61,Returning,1,0,101905
P006,Apple,Apple Watch Series 10,Smartwatch,50000,46,Premium,2,0,44929
P008,Canon,Canon EOS R50,Camera,75000,38,New,3,1,64233
P010,ASUS,ASUS ROG Zephyrus G16,Laptop,160000,78,Returning,3,1,133238
P010,ASUS,ASUS ROG Zephyrus G16,Laptop,160000,37,New,1,1,137428
P005,Sony,Sony WH-1000XM6,Headphones,32000,54,Returning,2,1,25623
P002,Samsung,Samsung Galaxy S25 Ultra,Smartphone,95000,61,New,3,1,81422
P001,Apple,iPhone 16,Smartphone,80000,7,New,3,0,76316
P003,Apple,MacBook Air M4,Laptop,110000,95,Returning,1,1,98087
P007,Dell,Dell XPS 13,Laptop,120000,29,Premium,3,0,105459
P007,Dell,Dell XPS 13,Laptop,120000,85,Returning,1,0,106474
P004,Sony,PlayStation 5,Gaming Console,55000,37,Premium,2,1,48477
P004,Sony,PlayStation 5,Gaming Console,55000,77,New,2,1,49005
P002,Samsung,Samsung Galaxy S25 Ultra,Smartphone,95000,75,New,1,0,85309
P009,Apple,iPad Air M3,Tablet,65000,67,Returning,2,0,59415
P008,Canon,Canon EOS R50,Camera,75000,27,Premium,1,1,64316
P005,Sony,Sony WH-1000XM6,Headphones,32000,97,Returning,3,0,25780
P008,Canon,Canon EOS R50,Camera,75000,66,Returning,3,1,63895
P005,Sony,Sony WH-1000XM6,Headphones,32000,12,Returning,2,0,27825
P010,ASUS,ASUS ROG Zephyrus G16,Laptop,160000,86,New,3,0,134407
P002,Samsung,Samsung Galaxy S25 Ultra,Smartphone,95000,54,Returning,3,1,80903
P009,Apple,iPad Air M3,Tablet,65000,14,New,2,1,60719
P008,Canon,Canon EOS R50,Camera,75000,32,Premium,2,1,63695
P010,ASUS,ASUS ROG Zephyrus G16,Laptop,160000,39,Returning,2,0,137805
P004,Sony,PlayStation 5,Gaming Console,55000,70,Returning,3,0,49762
P006,Apple,Apple Watch Series 10,Smartwatch,50000,17,Premium,3,0,45675
P006,Apple,Apple Watch Series 10,Smartwatch,50000,50,Returning,2,0,45066
P004,Sony,PlayStation 5,Gaming Console,55000,57,Premium,2,1,48353
P002,Samsung,Samsung Galaxy S25 Ultra,Smartphone,95000,76,Premium,3,0,82200
P008,Canon,Canon EOS R50,Camera,75000,36,New,2,1,64794
P010,ASUS,ASUS ROG Zephyrus G16,Laptop,160000,52,Premium,2,0,136015
P001,Apple,iPhone 16,Smartphone,80000,51,New,3,1,72359
P003,Apple,MacBook Air M4,Laptop,110000,31,New,3,1,98787
P007,Dell,Dell XPS 13,Laptop,120000,78,Premium,1,1,106052
P004,Sony,PlayStation 5,Gaming Console,55000,39,New,2,1,49541
P007,Dell,Dell XPS 13,Laptop,120000,77,Returning,1,0,108891
P002,Samsung,Samsung Galaxy S25 Ultra,Smartphone,95000,88,Returning,2,0,82042
P004,Sony,PlayStation 5,Gaming Console,55000,65,Returning,1,0,50633
P009,Apple,iPad Air M3,Tablet,65000,6,New,2,1,60379
P010,ASUS,ASUS ROG Zephyrus G16,Laptop,160000,38,Returning,2,0,138026
P005,Sony,Sony WH-1000XM6,Headphones,32000,76,New,1,1,26472
P005,Sony,Sony WH-1000XM6,Headphones,32000,57,Returning,2,1,26172
P010,ASUS,ASUS ROG Zephyrus G16,Laptop,160000,16,Premium,3,0,139136
P002,Samsung,Samsung Galaxy S25 Ultra,Smartphone,95000,24,New,1,1,83145
P004,Sony,PlayStation 5,Gaming Console,55000,94,Premium,3,1,46965
P006,Apple,Apple Watch Series 10,Smartwatch,50000,45,Premium,2,0,44653
P010,ASUS,ASUS ROG Zephyrus G16,Laptop,160000,82,New,1,1,134025
P006,Apple,Apple Watch Series 10,Smartwatch,50000,67,Premium,1,0,44721
P006,Apple,Apple Watch Series 10,Smartwatch,50000,17,Premium,2,1,44501
P002,Samsung,Samsung Galaxy S25 Ultra,Smartphone,95000,29,Premium,2,1,81017
P001,Apple,iPhone 16,Smartphone,80000,99,New,1,1,73104
P008,Canon,Canon EOS R50,Camera,75000,25,Premium,1,0,66396
P001,Apple,iPhone 16,Smartphone,80000,9,New,2,1,76376
P008,Canon,Canon EOS R50,Camera,75000,13,Premium,1,1,66822
P001,Apple,iPhone 16,Smartphone,80000,50,Premium,3,0,72912
P005,Sony,Sony WH-1000XM6,Headphones,32000,78,Premium,3,0,25614
P007,Dell,Dell XPS 13,Laptop,120000,81,Premium,2,0,104798
P006,Apple,Apple Watch Series 10,Smartwatch,50000,44,New,3,0,45187
P010,ASUS,ASUS ROG Zephyrus G16,Laptop,160000,29,Premium,2,1,132383
P009,Apple,iPad Air M3,Tablet,65000,56,Premium,2,0,58494
P001,Apple,iPhone 16,Smartphone,80000,69,New,3,1,72924
P003,Apple,MacBook Air M4,Laptop,110000,77,New,3,0,101469
P009,Apple,iPad Air M3,Tablet,65000,92,Returning,1,1,57640
P002,Samsung,Samsung Galaxy S25 Ultra,Smartphone,95000,77,Returning,1,0,85035
P010,ASUS,ASUS ROG Zephyrus G16,Laptop,160000,29,New,1,0,141080
P004,Sony,PlayStation 5,Gaming Console,55000,36,Premium,2,0,49984
P003,Apple,MacBook Air M4,Laptop,110000,6,Premium,2,0,103581
P001,Apple,iPhone 16,Smartphone,80000,28,Returning,3,0,74058
P008,Canon,Canon EOS R50,Camera,75000,64,Returning,3,1,63644
P003,Apple,MacBook Air M4,Laptop,110000,92,Returning,2,0,98897
P007,Dell,Dell XPS 13,Laptop,120000,14,New,3,0,112026
P007,Dell,Dell XPS 13,Laptop,120000,95,New,3,0,105765
P004,Sony,PlayStation 5,Gaming Console,55000,8,Returning,3,1,50515
P002,Samsung,Samsung Galaxy S25 Ultra,Smartphone,95000,55,Returning,2,0,83272
P002,Samsung,Samsung Galaxy S25 Ultra,Smartphone,95000,16,Premium,2,0,85851
P002,Samsung,Samsung Galaxy S25 Ultra,Smartphone,95000,70,New,1,0,85884
P004,Sony,PlayStation 5,Gaming Console,55000,87,Premium,3,0,47550
P001,Apple,iPhone 16,Smartphone,80000,24,Returning,2,1,72894
P003,Apple,MacBook Air M4,Laptop,110000,8,Returning,1,0,105217
P005,Sony,Sony WH-1000XM6,Headphones,32000,85,Returning,3,1,25028
P009,Apple,iPad Air M3,Tablet,65000,90,Premium,1,0,58252
P010,ASUS,ASUS ROG Zephyrus G16,Laptop,160000,91,Returning,3,0,132884
P007,Dell,Dell XPS 13,Laptop,120000,71,New,2,1,106331
P006,Apple,Apple Watch Series 10,Smartwatch,50000,21,New,1,0,46272
P001,Apple,iPhone 16,Smartphone,80000,28,Returning,1,0,75114
P005,Sony,Sony WH-1000XM6,Headphones,32000,100,New,3,0,25679
P005,Sony,Sony WH-1000XM6,Headphones,32000,96,Returning,1,0,26448
P010,ASUS,ASUS ROG Zephyrus G16,Laptop,160000,64,New,2,0,139523
P009,Apple,iPad Air M3,Tablet,65000,31,Returning,2,1,57619
P005,Sony,Sony WH-1000XM6,Headphones,32000,73,Returning,1,1,25751
P010,ASUS,ASUS ROG Zephyrus G16,Laptop,160000,88,Premium,2,0,132723
P003,Apple,MacBook Air M4,Laptop,110000,89,Returning,2,1,96707
P007,Dell,Dell XPS 13,Laptop,120000,77,Premium,1,1,105685
P001,Apple,iPhone 16,Smartphone,80000,63,Returning,1,1,73180
P005,Sony,Sony WH-1000XM6,Headphones,32000,19,Premium,3,0,26677
P010,ASUS,ASUS ROG Zephyrus G16,Laptop,160000,46,Returning,3,1,133229
P007,Dell,Dell XPS 13,Laptop,120000,23,Returning,1,1,106765
P007,Dell,Dell XPS 13,Laptop,120000,97,Returning,3,0,104799
P010,ASUS,ASUS ROG Zephyrus G16,Laptop,160000,45,New,1,0,140700
P005,Sony,Sony WH-1000XM6,Headphones,32000,64,New,3,1,25546
P008,Canon,Canon EOS R50,Camera,75000,38,Premium,3,1,63411
P009,Apple,iPad Air M3,Tablet,65000,41,Premium,1,0,59639
P007,Dell,Dell XPS 13,Laptop,120000,17,Premium,2,1,107586
P002,Samsung,Samsung Galaxy S25 Ultra,Smartphone,95000,98,Returning,2,0,81987
P009,Apple,iPad Air M3,Tablet,65000,52,Returning,1,0,59615
P010,ASUS,ASUS ROG Zephyrus G16,Laptop,160000,67,New,2,1,136397
P009,Apple,iPad Air M3,Tablet,65000,77,Premium,3,1,56544
P001,Apple,iPhone 16,Smartphone,80000,16,Returning,2,1,74861
P008,Canon,Canon EOS R50,Camera,75000,96,Returning,3,1,61795
P003,Apple,MacBook Air M4,Laptop,110000,9,Returning,2,0,104211
P002,Samsung,Samsung Galaxy S25 Ultra,Smartphone,95000,92,New,2,0,82430
P003,Apple,MacBook Air M4,Laptop,110000,26,Returning,1,1,100447
P007,Dell,Dell XPS 13,Laptop,120000,5,New,3,1,109463
P009,Apple,iPad Air M3,Tablet,65000,80,Returning,3,1,57599
P002,Samsung,Samsung Galaxy S25 Ultra,Smartphone,95000,58,New,1,1,84078
P001,Apple,iPhone 16,Smartphone,80000,44,New,1,1,74829
P004,Sony,PlayStation 5,Gaming Console,55000,43,New,1,0,51386
P002,Samsung,Samsung Galaxy S25 Ultra,Smartphone,95000,66,Returning,2,1,81217
P006,Apple,Apple Watch Series 10,Smartwatch,50000,79,Premium,1,1,44179
P003,Apple,MacBook Air M4,Laptop,110000,32,New,1,0,102906
P010,ASUS,ASUS ROG Zephyrus G16,Laptop,160000,11,New,3,1,139638
P005,Sony,Sony WH-1000XM6,Headphones,32000,96,New,3,0,26231
P005,Sony,Sony WH-1000XM6,Headphones,32000,90,Premium,1,1,25662
P001,Apple,iPhone 16,Smartphone,80000,69,Returning,3,0,73371
P004,Sony,PlayStation 5,Gaming Console,55000,88,Premium,2,1,47405
P009,Apple,iPad Air M3,Tablet,65000,20,Premium,2,0,58774
P003,Apple,MacBook Air M4,Laptop,110000,13,New,2,0,105333
P002,Samsung,Samsung Galaxy S25 Ultra,Smartphone,95000,28,Returning,3,0,82664
P002,Samsung,Samsung Galaxy S25 Ultra,Smartphone,95000,84,New,1,1,81354
P005,Sony,Sony WH-1000XM6,Headphones,32000,21,Returning,2,1,25951
P010,ASUS,ASUS ROG Zephyrus G16,Laptop,160000,97,Returning,1,1,132670
P009,Apple,iPad Air M3,Tablet,65000,61,Returning,2,1,58237
P003,Apple,MacBook Air M4,Laptop,110000,54,New,3,1,99014
P009,Apple,iPad Air M3,Tablet,65000,69,New,1,1,59493
P003,Apple,MacBook Air M4,Laptop,110000,41,Returning,2,0,100831
P006,Apple,Apple Watch Series 10,Smartwatch,50000,26,Returning,1,0,45920
P008,Canon,Canon EOS R50,Camera,75000,68,Premium,3,0,64566
P001,Apple,iPhone 16,Smartphone,80000,43,New,1,1,74244
P006,Apple,Apple Watch Series 10,Smartwatch,50000,30,Premium,3,0,44023
P008,Canon,Canon EOS R50,Camera,75000,21,New,2,1,65156
P008,Canon,Canon EOS R50,Camera,75000,56,Returning,2,0,66045
P003,Apple,MacBook Air M4,Laptop,110000,70,Premium,2,1,97728
P009,Apple,iPad Air M3,Tablet,65000,58,New,3,0,58706
P008,Canon,Canon EOS R50,Camera,75000,41,New,1,0,67733
P007,Dell,Dell XPS 13,Laptop,120000,72,Returning,3,0,106405
P006,Apple,Apple Watch Series 10,Smartwatch,50000,100,Premium,1,1,42631
P002,Samsung,Samsung Galaxy S25 Ultra,Smartphone,95000,85,Premium,1,1,80161
P005,Sony,Sony WH-1000XM6,Headphones,32000,92,New,2,1,25325
P001,Apple,iPhone 16,Smartphone,80000,82,New,1,1,72383
P005,Sony,Sony WH-1000XM6,Headphones,32000,37,Returning,1,1,26693
P005,Sony,Sony WH-1000XM6,Headphones,32000,46,Premium,2,1,25377
P004,Sony,PlayStation 5,Gaming Console,55000,28,New,3,1,48549
P002,Samsung,Samsung Galaxy S25 Ultra,Smartphone,95000,88,Returning,1,0,82988
P004,Sony,PlayStation 5,Gaming Console,55000,36,Premium,2,0,49637
P007,Dell,Dell XPS 13,Laptop,120000,79,Returning,1,0,108725
P001,Apple,iPhone 16,Smartphone,80000,96,New,3,1,70931
P005,Sony,Sony WH-1000XM6,Headphones,32000,39,Premium,3,1,25153
P009,Apple,iPad Air M3,Tablet,65000,90,Returning,3,1,56041
P002,Samsung,Samsung Galaxy S25 Ultra,Smartphone,95000,94,Premium,3,0,80157
P008,Canon,Canon EOS R50,Camera,75000,66,Returning,1,0,66368
P006,Apple,Apple Watch Series 10,Smartwatch,50000,74,Premium,1,1,44121
P005,Sony,Sony WH-1000XM6,Headphones,32000,28,Returning,2,0,26587
P003,Apple,MacBook Air M4,Laptop,110000,63,Returning,3,0,100575
P004,Sony,PlayStation 5,Gaming Console,55000,28,New,1,0,50840
P004,Sony,PlayStation 5,Gaming Console,55000,78,Returning,2,0,50501
P008,Canon,Canon EOS R50,Camera,75000,2,Returning,2,0,68452
P002,Samsung,Samsung Galaxy S25 Ultra,Smartphone,95000,40,Premium,3,0,82016
P007,Dell,Dell XPS 13,Laptop,120000,72,Returning,2,1,105582
P008,Canon,Canon EOS R50,Camera,75000,33,New,2,0,66476
P007,Dell,Dell XPS 13,Laptop,120000,50,Returning,2,1,105112
P001,Apple,iPhone 16,Smartphone,80000,87,Returning,2,0,72465
P009,Apple,iPad Air M3,Tablet,65000,20,New,1,0,60073
P010,ASUS,ASUS ROG Zephyrus G16,Laptop,160000,28,Premium,2,0,135992
P009,Apple,iPad Air M3,Tablet,65000,34,Returning,1,1,58267
P004,Sony,PlayStation 5,Gaming Console,55000,77,New,1,0,51578
P005,Sony,Sony WH-1000XM6,Headphones,32000,93,Returning,3,1,25043
P003,Apple,MacBook Air M4,Laptop,110000,85,New,2,1,98075
P007,Dell,Dell XPS 13,Laptop,120000,5,Returning,3,1,107737
P002,Samsung,Samsung Galaxy S25 Ultra,Smartphone,95000,24,New,2,1,82360
P006,Apple,Apple Watch Series 10,Smartwatch,50000,67,Premium,2,0,44115
P009,Apple,iPad Air M3,Tablet,65000,85,Returning,2,1,56150
P003,Apple,MacBook Air M4,Laptop,110000,34,New,1,0,103793
P007,Dell,Dell XPS 13,Laptop,120000,96,New,2,0,106785
P001,Apple,iPhone 16,Smartphone,80000,40,Premium,3,0,73108
P007,Dell,Dell XPS 13,Laptop,120000,33,Premium,3,0,105185
P007,Dell,Dell XPS 13,Laptop,120000,94,Returning,3,1,102447
P006,Apple,Apple Watch Series 10,Smartwatch,50000,95,Premium,3,1,42086
P005,Sony,Sony WH-1000XM6,Headphones,32000,22,New,3,0,26571
P010,ASUS,ASUS ROG Zephyrus G16,Laptop,160000,97,New,1,0,137881
P007,Dell,Dell XPS 13,Laptop,120000,25,Premium,2,1,104490
P008,Canon,Canon EOS R50,Camera,75000,23,Returning,2,1,64437
P009,Apple,iPad Air M3,Tablet,65000,64,Returning,2,1,57931
P004,Sony,PlayStation 5,Gaming Console,55000,47,Premium,2,0,49213
P005,Sony,Sony WH-1000XM6,Headphones,32000,12,Returning,2,0,27618
P006,Apple,Apple Watch Series 10,Smartwatch,50000,29,Premium,1,1,43683
P007,Dell,Dell XPS 13,Laptop,120000,63,New,1,0,110522
P010,ASUS,ASUS ROG Zephyrus G16,Laptop,160000,2,Premium,2,1,137217
P006,Apple,Apple Watch Series 10,Smartwatch,50000,4,New,1,0,47083
P004,Sony,PlayStation 5,Gaming Console,55000,79,New,2,1,49538
P001,Apple,iPhone 16,Smartphone,80000,40,Returning,1,0,75122
P005,Sony,Sony WH-1000XM6,Headphones,32000,64,Premium,1,0,26327
P010,ASUS,ASUS ROG Zephyrus G16,Laptop,160000,78,New,1,0,141184
P009,Apple,iPad Air M3,Tablet,65000,51,New,2,1,58845
P008,Canon,Canon EOS R50,Camera,75000,91,Premium,1,1,63359
P010,ASUS,ASUS ROG Zephyrus G16,Laptop,160000,74,New,2,1,135729
P009,Apple,iPad Air M3,Tablet,65000,85,New,2,1,57327
P010,ASUS,ASUS ROG Zephyrus G16,Laptop,160000,49,Returning,3,0,135896
P008,Canon,Canon EOS R50,Camera,75000,24,New,3,1,64121
P001,Apple,iPhone 16,Smartphone,80000,24,New,2,0,75142
P005,Sony,Sony WH-1000XM6,Headphones,32000,29,Premium,1,0,26432
P009,Apple,iPad Air M3,Tablet,65000,50,Premium,3,1,56212
P005,Sony,Sony WH-1000XM6,Headphones,32000,47,Premium,2,0,26420
P006,Apple,Apple Watch Series 10,Smartwatch,50000,47,Premium,2,0,44160
P008,Canon,Canon EOS R50,Camera,75000,60,New,1,0,67697
P006,Apple,Apple Watch Series 10,Smartwatch,50000,40,Premium,3,0,44353
P008,Canon,Canon EOS R50,Camera,75000,87,Returning,1,0,65497
P007,Dell,Dell XPS 13,Laptop,120000,1,Premium,2,1,107916
P009,Apple,iPad Air M3,Tablet,65000,71,Premium,3,1,56822
P002,Samsung,Samsung Galaxy S25 Ultra,Smartphone,95000,5,Premium,2,1,83305
P006,Apple,Apple Watch Series 10,Smartwatch,50000,65,Returning,2,1,44349
P004,Sony,PlayStation 5,Gaming Console,55000,90,New,2,1,48178
P008,Canon,Canon EOS R50,Camera,75000,7,New,2,0,68653
P008,Canon,Canon EOS R50,Camera,75000,51,Returning,3,1,64156
P006,Apple,Apple Watch Series 10,Smartwatch,50000,77,Returning,2,1,44030
P008,Canon,Canon EOS R50,Camera,75000,84,Premium,2,1,62383
P005,Sony,Sony WH-1000XM6,Headphones,32000,75,Premium,2,1,25862
P002,Samsung,Samsung Galaxy S25 Ultra,Smartphone,95000,45,Returning,3,0,82431
P008,Canon,Canon EOS R50,Camera,75000,33,Returning,3,0,65484
P003,Apple,MacBook Air M4,Laptop,110000,33,New,2,0,102253
P008,Canon,Canon EOS R50,Camera,75000,22,Premium,3,0,64572
P005,Sony,Sony WH-1000XM6,Headphones,32000,87,Premium,3,1,24462
P004,Sony,PlayStation 5,Gaming Console,55000,83,Premium,2,1,47698
P001,Apple,iPhone 16,Smartphone,80000,31,Returning,2,1,72867
P001,Apple,iPhone 16,Smartphone,80000,99,Returning,3,0,71883
P004,Sony,PlayStation 5,Gaming Console,55000,69,New,1,1,50497
P007,Dell,Dell XPS 13,Laptop,120000,75,New,1,0,110153
P007,Dell,Dell XPS 13,Laptop,120000,77,Returning,2,0,108213
P005,Sony,Sony WH-1000XM6,Headphones,32000,100,New,2,0,26209
P004,Sony,PlayStation 5,Gaming Console,55000,8,Returning,1,1,50651
P007,Dell,Dell XPS 13,Laptop,120000,28,New,3,1,105958
P001,Apple,iPhone 16,Smartphone,80000,41,New,1,0,75917
P006,Apple,Apple Watch Series 10,Smartwatch,50000,67,New,3,1,44146
P010,ASUS,ASUS ROG Zephyrus G16,Laptop,160000,56,New,1,1,138046
P007,Dell,Dell XPS 13,Laptop,120000,60,Returning,3,1,104172
P007,Dell,Dell XPS 13,Laptop,120000,56,Premium,1,0,107723
P003,Apple,MacBook Air M4,Laptop,110000,63,New,3,1,98770
P002,Samsung,Samsung Galaxy S25 Ultra,Smartphone,95000,43,Premium,1,0,83825
P010,ASUS,ASUS ROG Zephyrus G16,Laptop,160000,37,New,1,0,140321
P003,Apple,MacBook Air M4,Laptop,110000,81,Returning,2,0,98994
P009,Apple,iPad Air M3,Tablet,65000,15,Premium,3,1,58117
P007,Dell,Dell XPS 13,Laptop,120000,39,Premium,2,1,104387
P010,ASUS,ASUS ROG Zephyrus G16,Laptop,160000,82,Returning,1,0,135741
P001,Apple,iPhone 16,Smartphone,80000,55,New,2,1,73320
P006,Apple,Apple Watch Series 10,Smartwatch,50000,58,Premium,2,1,43722
P008,Canon,Canon EOS R50,Camera,75000,68,Premium,1,1,64023
P006,Apple,Apple Watch Series 10,Smartwatch,50000,86,Premium,3,0,42919
P001,Apple,iPhone 16,Smartphone,80000,24,Returning,1,1,73981
P009,Apple,iPad Air M3,Tablet,65000,61,Returning,2,1,57411
P008,Canon,Canon EOS R50,Camera,75000,11,Premium,3,0,67214
P003,Apple,MacBook Air M4,Laptop,110000,77,New,1,1,101644
P002,Samsung,Samsung Galaxy S25 Ultra,Smartphone,95000,28,Premium,1,0,83292
P008,Canon,Canon EOS R50,Camera,75000,60,Returning,2,1,64982
P002,Samsung,Samsung Galaxy S25 Ultra,Smartphone,95000,90,Premium,1,0,81710
P007,Dell,Dell XPS 13,Laptop,120000,65,Returning,1,1,107238
P009,Apple,iPad Air M3,Tablet,65000,100,New,2,0,58776
P001,Apple,iPhone 16,Smartphone,80000,81,Returning,3,1,70021
P001,Apple,iPhone 16,Smartphone,80000,55,Returning,1,1,73136
P008,Canon,Canon EOS R50,Camera,75000,68,New,3,1,64451
P009,Apple,iPad Air M3,Tablet,65000,94,Returning,3,0,57524
P001,Apple,iPhone 16,Smartphone,80000,30,Returning,3,1,71973
P004,Sony,PlayStation 5,Gaming Console,55000,56,Returning,3,1,48606
P001,Apple,iPhone 16,Smartphone,80000,38,Returning,3,0,73590
P003,Apple,MacBook Air M4,Laptop,110000,66,New,3,0,100893
P002,Samsung,Samsung Galaxy S25 Ultra,Smartphone,95000,58,Premium,3,0,82010
P007,Dell,Dell XPS 13,Laptop,120000,33,New,3,0,107938
P008,Canon,Canon EOS R50,Camera,75000,96,Premium,2,1,62720
P005,Sony,Sony WH-1000XM6,Headphones,32000,35,New,3,1,26180
P010,ASUS,ASUS ROG Zephyrus G16,Laptop,160000,28,New,1,0,141295
P001,Apple,iPhone 16,Smartphone,80000,60,Premium,2,1,71505
P006,Apple,Apple Watch Series 10,Smartwatch,50000,20,Returning,3,0,44127
P006,Apple,Apple Watch Series 10,Smartwatch,50000,21,New,3,0,45420
P003,Apple,MacBook Air M4,Laptop,110000,78,Premium,3,1,96690
P004,Sony,PlayStation 5,Gaming Console,55000,29,New,3,0,50482
P004,Sony,PlayStation 5,Gaming Console,55000,46,Returning,2,1,49442
P001,Apple,iPhone 16,Smartphone,80000,32,New,2,0,75522
P006,Apple,Apple Watch Series 10,Smartwatch,50000,36,New,1,1,44713
P003,Apple,MacBook Air M4,Laptop,110000,4,New,1,1,104220
P002,Samsung,Samsung Galaxy S25 Ultra,Smartphone,95000,72,Returning,1,0,84349
P003,Apple,MacBook Air M4,Laptop,110000,26,New,3,0,101416
P001,Apple,iPhone 16,Smartphone,80000,98,Premium,2,0,72327
P001,Apple,iPhone 16,Smartphone,80000,39,Premium,1,0,74480
P004,Sony,PlayStation 5,Gaming Console,55000,8,Returning,2,1,50825
P008,Canon,Canon EOS R50,Camera,75000,28,Premium,2,1,64024
P008,Canon,Canon EOS R50,Camera,75000,77,Returning,1,0,66527
P006,Apple,Apple Watch Series 10,Smartwatch,50000,82,Premium,2,0,43538
P002,Samsung,Samsung Galaxy S25 Ultra,Smartphone,95000,48,New,3,0,83597
P003,Apple,MacBook Air M4,Laptop,110000,87,New,3,0,98947
P005,Sony,Sony WH-1000XM6,Headphones,32000,17,Premium,2,0,27216
P006,Apple,Apple Watch Series 10,Smartwatch,50000,24,Returning,2,1,44202
P007,Dell,Dell XPS 13,Laptop,120000,100,Premium,3,0,103044
P006,Apple,Apple Watch Series 10,Smartwatch,50000,76,New,1,0,46459
P009,Apple,iPad Air M3,Tablet,65000,16,Premium,2,1,59515
P005,Sony,Sony WH-1000XM6,Headphones,32000,34,Premium,3,1,25176
P002,Samsung,Samsung Galaxy S25 Ultra,Smartphone,95000,87,Returning,1,1,80774
P009,Apple,iPad Air M3,Tablet,65000,37,Premium,3,0,58256
P006,Apple,Apple Watch Series 10,Smartwatch,50000,95,New,3,0,44170
P005,Sony,Sony WH-1000XM6,Headphones,32000,37,Returning,3,1,25142
P004,Sony,PlayStation 5,Gaming Console,55000,43,New,2,1,49609
P006,Apple,Apple Watch Series 10,Smartwatch,50000,45,Returning,3,0,44377
P006,Apple,Apple Watch Series 10,Smartwatch,50000,66,Premium,1,0,45019
P003,Apple,MacBook Air M4,Laptop,110000,85,New,2,1,98194
P006,Apple,Apple Watch Series 10,Smartwatch,50000,39,Returning,2,1,44456
P008,Canon,Canon EOS R50,Camera,75000,35,Returning,3,0,65128
P005,Sony,Sony WH-1000XM6,Headphones,32000,91,New,1,0,26586
P008,Canon,Canon EOS R50,Camera,75000,19,Returning,3,0,67494
P010,ASUS,ASUS ROG Zephyrus G16,Laptop,160000,61,Premium,1,0,137605
P001,Apple,iPhone 16,Smartphone,80000,91,Returning,2,1,71314
P005,Sony,Sony WH-1000XM6,Headphones,32000,71,Returning,3,1,25572
P005,Sony,Sony WH-1000XM6,Headphones,32000,93,New,2,1,25235
P004,Sony,PlayStation 5,Gaming Console,55000,87,Premium,2,1,47474
P008,Canon,Canon EOS R50,Camera,75000,16,New,2,1,67600
P004,Sony,PlayStation 5,Gaming Console,55000,44,New,1,1,49991
P008,Canon,Canon EOS R50,Camera,75000,34,Premium,3,0,64384
P005,Sony,Sony WH-1000XM6,Headphones,32000,16,New,1,1,27171
P008,Canon,Canon EOS R50,Camera,75000,51,Returning,1,0,67214
P005,Sony,Sony WH-1000XM6,Headphones,32000,48,New,3,0,26342
P002,Samsung,Samsung Galaxy S25 Ultra,Smartphone,95000,64,Premium,1,0,83447
P005,Sony,Sony WH-1000XM6,Headphones,32000,47,Returning,3,0,26549
P005,Sony,Sony WH-1000XM6,Headphones,32000,46,Returning,3,1,26009
P006,Apple,Apple Watch Series 10,Smartwatch,50000,56,New,1,1,45071
P004,Sony,PlayStation 5,Gaming Console,55000,27,Returning,3,1,48616
P007,Dell,Dell XPS 13,Laptop,120000,54,Premium,1,1,105876
P001,Apple,iPhone 16,Smartphone,80000,39,Premium,3,0,72330
P009,Apple,iPad Air M3,Tablet,65000,54,Premium,1,1,57555
P002,Samsung,Samsung Galaxy S25 Ultra,Smartphone,95000,61,New,2,1,82846
P008,Canon,Canon EOS R50,Camera,75000,72,Returning,1,0,66890
P010,ASUS,ASUS ROG Zephyrus G16,Laptop,160000,59,Premium,1,0,137500
P009,Apple,iPad Air M3,Tablet,65000,50,New,3,0,59541
P002,Samsung,Samsung Galaxy S25 Ultra,Smartphone,95000,86,Premium,2,0,80786
P010,ASUS,ASUS ROG Zephyrus G16,Laptop,160000,67,Premium,3,1,131361
P001,Apple,iPhone 16,Smartphone,80000,12,New,2,1,76309
P009,Apple,iPad Air M3,Tablet,65000,26,Premium,1,0,58760
P006,Apple,Apple Watch Series 10,Smartwatch,50000,27,New,1,0,45915
P005,Sony,Sony WH-1000XM6,Headphones,32000,7,New,3,0,27722
P004,Sony,PlayStation 5,Gaming Console,55000,91,New,3,1,47598
P008,Canon,Canon EOS R50,Camera,75000,76,New,1,0,67681
P004,Sony,PlayStation 5,Gaming Console,55000,70,Premium,3,1,47881
P003,Apple,MacBook Air M4,Laptop,110000,84,New,3,0,99040
P005,Sony,Sony WH-1000XM6,Headphones,32000,37,Returning,3,0,26510
P007,Dell,Dell XPS 13,Laptop,120000,99,Returning,2,1,102954
P005,Sony,Sony WH-1000XM6,Headphones,32000,18,Premium,1,0,27326
P009,Apple,iPad Air M3,Tablet,65000,90,New,1,1,57540
P007,Dell,Dell XPS 13,Laptop,120000,56,Returning,2,1,105252
P007,Dell,Dell XPS 13,Laptop,120000,40,Returning,1,1,106774
P009,Apple,iPad Air M3,Tablet,65000,25,Premium,1,1,57963
P007,Dell,Dell XPS 13,Laptop,120000,53,New,2,1,106830
P002,Samsung,Samsung Galaxy S25 Ultra,Smartphone,95000,88,Premium,3,1,77854
P005,Sony,Sony WH-1000XM6,Headphones,32000,35,Premium,3,0,25738
P007,Dell,Dell XPS 13,Laptop,120000,68,Returning,3,0,106613
P005,Sony,Sony WH-1000XM6,Headphones,32000,50,Premium,1,1,25675
P002,Samsung,Samsung Galaxy S25 Ultra,Smartphone,95000,42,Returning,2,1,81518
P003,Apple,MacBook Air M4,Laptop,110000,26,Premium,2,0,100564
P003,Apple,MacBook Air M4,Laptop,110000,81,Returning,3,0,98267
P009,Apple,iPad Air M3,Tablet,65000,73,Returning,2,1,57749
P007,Dell,Dell XPS 13,Laptop,120000,86,Premium,1,0,105777
P009,Apple,iPad Air M3,Tablet,65000,24,New,3,0,58898
P003,Apple,MacBook Air M4,Laptop,110000,35,Returning,3,1,97540
P003,Apple,MacBook Air M4,Laptop,110000,7,New,2,0,105335
P008,Canon,Canon EOS R50,Camera,75000,91,Premium,2,0,63646
P002,Samsung,Samsung Galaxy S25 Ultra,Smartphone,95000,27,Premium,2,1,81191
P005,Sony,Sony WH-1000XM6,Headphones,32000,91,Premium,2,1,24973
P004,Sony,PlayStation 5,Gaming Console,55000,7,Returning,2,1,50698
P007,Dell,Dell XPS 13,Laptop,120000,88,Returning,3,1,102178
P007,Dell,Dell XPS 13,Laptop,120000,84,Premium,2,1,102014
P007,Dell,Dell XPS 13,Laptop,120000,72,Premium,1,0,108407
P006,Apple,Apple Watch Series 10,Smartwatch,50000,44,New,3,0,45438
P007,Dell,Dell XPS 13,Laptop,120000,82,Premium,2,1,101767
P005,Sony,Sony WH-1000XM6,Headphones,32000,78,Returning,1,1,26677
P004,Sony,PlayStation 5,Gaming Console,55000,22,Returning,1,1,49420
P002,Samsung,Samsung Galaxy S25 Ultra,Smartphone,95000,33,Returning,2,0,84003
P005,Sony,Sony WH-1000XM6,Headphones,32000,33,New,1,0,26998
P003,Apple,MacBook Air M4,Laptop,110000,12,Premium,3,1,100053
P005,Sony,Sony WH-1000XM6,Headphones,32000,59,Premium,1,1,25560
P001,Apple,iPhone 16,Smartphone,80000,32,Returning,1,0,75285
P009,Apple,iPad Air M3,Tablet,65000,45,Premium,3,0,58173
P006,Apple,Apple Watch Series 10,Smartwatch,50000,53,Returning,3,0,44241
P004,Sony,PlayStation 5,Gaming Console,55000,41,Premium,2,0,49556
P002,Samsung,Samsung Galaxy S25 Ultra,Smartphone,95000,81,Returning,1,0,83002
P003,Apple,MacBook Air M4,Laptop,110000,91,Premium,3,1,95020
P007,Dell,Dell XPS 13,Laptop,120000,53,Premium,1,0,108374
P008,Canon,Canon EOS R50,Camera,75000,86,Premium,3,0,63298
P005,Sony,Sony WH-1000XM6,Headphones,32000,17,New,1,0,27661
P007,Dell,Dell XPS 13,Laptop,120000,6,Premium,3,0,109454
P008,Canon,Canon EOS R50,Camera,75000,6,New,2,0,68629
P010,ASUS,ASUS ROG Zephyrus G16,Laptop,160000,11,Premium,2,1,137570
P005,Sony,Sony WH-1000XM6,Headphones,32000,75,Returning,2,0,26401
P003,Apple,MacBook Air M4,Laptop,110000,61,New,3,0,101059
P010,ASUS,ASUS ROG Zephyrus G16,Laptop,160000,80,Returning,1,0,139521
P005,Sony,Sony WH-1000XM6,Headphones,32000,28,Returning,3,0,25785
P005,Sony,Sony WH-1000XM6,Headphones,32000,1,Premium,2,1,26809
P006,Apple,Apple Watch Series 10,Smartwatch,50000,16,New,1,1,46078
P001,Apple,iPhone 16,Smartphone,80000,77,New,1,0,75911
P009,Apple,iPad Air M3,Tablet,65000,76,Returning,2,1,58172
P004,Sony,PlayStation 5,Gaming Console,55000,59,New,2,1,49244
P003,Apple,MacBook Air M4,Laptop,110000,6,Returning,1,0,105724
P003,Apple,MacBook Air M4,Laptop,110000,57,Returning,1,0,101983
P007,Dell,Dell XPS 13,Laptop,120000,55,Returning,2,1,105976
P001,Apple,iPhone 16,Smartphone,80000,23,New,1,1,73988
P007,Dell,Dell XPS 13,Laptop,120000,46,Returning,3,0,106728
P003,Apple,MacBook Air M4,Laptop,110000,33,Returning,2,1,98846
P003,Apple,MacBook Air M4,Laptop,110000,54,Returning,1,0,102490
P004,Sony,PlayStation 5,Gaming Console,55000,52,Premium,2,0,49147
P008,Canon,Canon EOS R50,Camera,75000,93,Returning,1,0,64757
P006,Apple,Apple Watch Series 10,Smartwatch,50000,96,Premium,2,1,42042
P007,Dell,Dell XPS 13,Laptop,120000,75,New,2,1,107279
P002,Samsung,Samsung Galaxy S25 Ultra,Smartphone,95000,99,New,1,0,83814
P009,Apple,iPad Air M3,Tablet,65000,12,Returning,2,0,61429
P003,Apple,MacBook Air M4,Laptop,110000,31,Returning,1,0,102578
P004,Sony,PlayStation 5,Gaming Console,55000,3,Premium,2,1,50092
P005,Sony,Sony WH-1000XM6,Headphones,32000,94,Premium,3,1,25131
P002,Samsung,Samsung Galaxy S25 Ultra,Smartphone,95000,54,Returning,2,0,84017
P008,Canon,Canon EOS R50,Camera,75000,75,Returning,1,0,67131
P002,Samsung,Samsung Galaxy S25 Ultra,Smartphone,95000,91,Premium,1,0,81351
P005,Sony,Sony WH-1000XM6,Headphones,32000,23,Returning,3,1,25522
P009,Apple,iPad Air M3,Tablet,65000,43,Premium,3,1,56806
P002,Samsung,Samsung Galaxy S25 Ultra,Smartphone,95000,74,New,1,0,85311
P002,Samsung,Samsung Galaxy S25 Ultra,Smartphone,95000,100,Premium,1,1,80027
P005,Sony,Sony WH-1000XM6,Headphones,32000,70,Premium,1,1,25520
P001,Apple,iPhone 16,Smartphone,80000,78,New,1,1,74300
P006,Apple,Apple Watch Series 10,Smartwatch,50000,93,New,1,1,43707
P004,Sony,PlayStation 5,Gaming Console,55000,1,Returning,2,1,50816
P005,Sony,Sony WH-1000XM6,Headphones,32000,25,Returning,3,0,25742
P010,ASUS,ASUS ROG Zephyrus G16,Laptop,160000,70,Returning,1,1,136289
P005,Sony,Sony WH-1000XM6,Headphones,32000,30,Returning,2,0,26715
P003,Apple,MacBook Air M4,Laptop,110000,13,Returning,1,1,103351
P001,Apple,iPhone 16,Smartphone,80000,15,New,2,0,77665
P004,Sony,PlayStation 5,Gaming Console,55000,28,Premium,3,1,47444
P008,Canon,Canon EOS R50,Camera,75000,83,Premium,2,1,62291
P002,Samsung,Samsung Galaxy S25 Ultra,Smartphone,95000,59,Returning,3,1,80633
P001,Apple,iPhone 16,Smartphone,80000,46,Premium,1,1,73274
P004,Sony,PlayStation 5,Gaming Console,55000,89,Premium,1,0,49231
P002,Samsung,Samsung Galaxy S25 Ultra,Smartphone,95000,8,Premium,2,1,84013
P010,ASUS,ASUS ROG Zephyrus G16,Laptop,160000,11,Returning,3,0,140553
P002,Samsung,Samsung Galaxy S25 Ultra,Smartphone,95000,63,Premium,1,1,81494
P008,Canon,Canon EOS R50,Camera,75000,4,Premium,3,1,65490
P005,Sony,Sony WH-1000XM6,Headphones,32000,6,Returning,2,1,27330
P006,Apple,Apple Watch Series 10,Smartwatch,50000,20,Premium,2,0,44953
P006,Apple,Apple Watch Series 10,Smartwatch,50000,60,New,3,1,44372
P007,Dell,Dell XPS 13,Laptop,120000,48,New,3,1,105501
P003,Apple,MacBook Air M4,Laptop,110000,2,Returning,3,1,101135
P003,Apple,MacBook Air M4,Laptop,110000,84,Premium,1,1,96413
P010,ASUS,ASUS ROG Zephyrus G16,Laptop,160000,85,New,2,0,136278
P003,Apple,MacBook Air M4,Laptop,110000,81,Premium,2,0,97524
P009,Apple,iPad Air M3,Tablet,65000,56,Premium,1,0,58677
P010,ASUS,ASUS ROG Zephyrus G16,Laptop,160000,29,Returning,1,0,139303
P005,Sony,Sony WH-1000XM6,Headphones,32000,74,New,3,0,26729
P008,Canon,Canon EOS R50,Camera,75000,7,New,1,0,69761
P007,Dell,Dell XPS 13,Laptop,120000,86,New,3,0,105452
P009,Apple,iPad Air M3,Tablet,65000,60,Returning,2,1,58153
P001,Apple,iPhone 16,Smartphone,80000,11,Returning,3,1,74037
P007,Dell,Dell XPS 13,Laptop,120000,65,New,1,0,110476
P006,Apple,Apple Watch Series 10,Smartwatch,50000,55,Premium,3,1,42813
P007,Dell,Dell XPS 13,Laptop,120000,4,Returning,2,0,111750
P006,Apple,Apple Watch Series 10,Smartwatch,50000,77,Returning,2,0,45107
P003,Apple,MacBook Air M4,Laptop,110000,20,New,2,0,102794
P004,Sony,PlayStation 5,Gaming Console,55000,48,Returning,1,1,49816
P005,Sony,Sony WH-1000XM6,Headphones,32000,94,Premium,3,0,25140
P001,Apple,iPhone 16,Smartphone,80000,7,Returning,2,0,76734
P008,Canon,Canon EOS R50,Camera,75000,96,Returning,3,1,62404
P008,Canon,Canon EOS R50,Camera,75000,25,Returning,3,0,65314
P003,Apple,MacBook Air M4,Laptop,110000,94,New,2,1,97668
P009,Apple,iPad Air M3,Tablet,65000,58,Returning,2,1,57971
P004,Sony,PlayStation 5,Gaming Console,55000,48,Premium,3,1,48020
P009,Apple,iPad Air M3,Tablet,65000,40,New,3,0,59031
P007,Dell,Dell XPS 13,Laptop,120000,78,Premium,3,1,103469
P002,Samsung,Samsung Galaxy S25 Ultra,Smartphone,95000,23,Returning,1,0,84912
P002,Samsung,Samsung Galaxy S25 Ultra,Smartphone,95000,79,New,1,1,84013
P005,Sony,Sony WH-1000XM6,Headphones,32000,55,Premium,3,0,25572
P007,Dell,Dell XPS 13,Laptop,120000,63,New,3,0,108082
P007,Dell,Dell XPS 13,Laptop,120000,75,Premium,1,0,107878
P004,Sony,PlayStation 5,Gaming Console,55000,87,New,1,0,49801
P009,Apple,iPad Air M3,Tablet,65000,62,Premium,1,0,58978
P007,Dell,Dell XPS 13,Laptop,120000,68,New,3,1,105482
P004,Sony,PlayStation 5,Gaming Console,55000,31,Returning,2,0,49983
P003,Apple,MacBook Air M4,Laptop,110000,7,New,3,1,102594
P009,Apple,iPad Air M3,Tablet,65000,63,Returning,2,0,58766
P003,Apple,MacBook Air M4,Laptop,110000,72,New,2,0,102097
P006,Apple,Apple Watch Series 10,Smartwatch,50000,16,Returning,1,0,47319
P003,Apple,MacBook Air M4,Laptop,110000,18,Premium,1,0,104451
P008,Canon,Canon EOS R50,Camera,75000,66,Returning,2,0,66312
P004,Sony,PlayStation 5,Gaming Console,55000,73,Premium,2,1,48282
P001,Apple,iPhone 16,Smartphone,80000,41,Returning,2,1,73042
P008,Canon,Canon EOS R50,Camera,75000,100,Premium,1,1,62807
P004,Sony,PlayStation 5,Gaming Console,55000,10,New,3,1,50316
P005,Sony,Sony WH-1000XM6,Headphones,32000,83,Returning,1,1,25353
P009,Apple,iPad Air M3,Tablet,65000,90,New,1,1,57856
P006,Apple,Apple Watch Series 10,Smartwatch,50000,5,Premium,1,1,45161
P001,Apple,iPhone 16,Smartphone,80000,80,Returning,3,0,73850
P004,Sony,PlayStation 5,Gaming Console,55000,49,Premium,3,1,47811
P006,Apple,Apple Watch Series 10,Smartwatch,50000,54,New,3,1,43701
P004,Sony,PlayStation 5,Gaming Console,55000,74,New,2,1,49911
P008,Canon,Canon EOS R50,Camera,75000,1,Premium,3,1,65082
P001,Apple,iPhone 16,Smartphone,80000,52,Premium,2,0,73892
P010,ASUS,ASUS ROG Zephyrus G16,Laptop,160000,83,Returning,2,0,133961
P002,Samsung,Samsung Galaxy S25 Ultra,Smartphone,95000,3,Returning,1,1,85798
P010,ASUS,ASUS ROG Zephyrus G16,Laptop,160000,61,Returning,3,0,135857
P005,Sony,Sony WH-1000XM6,Headphones,32000,75,New,1,0,26809
P009,Apple,iPad Air M3,Tablet,65000,10,Premium,3,1,58625
P010,ASUS,ASUS ROG Zephyrus G16,Laptop,160000,83,New,1,0,137880
P010,ASUS,ASUS ROG Zephyrus G16,Laptop,160000,32,Returning,2,1,134115
P009,Apple,iPad Air M3,Tablet,65000,40,Premium,3,0,57453
P002,Samsung,Samsung Galaxy S25 Ultra,Smartphone,95000,42,Premium,2,0,83025
P004,Sony,PlayStation 5,Gaming Console,55000,39,Returning,2,1,48504
P002,Samsung,Samsung Galaxy S25 Ultra,Smartphone,95000,53,Returning,3,0,82543
P003,Apple,MacBook Air M4,Laptop,110000,39,Returning,2,1,98926
P003,Apple,MacBook Air M4,Laptop,110000,1,New,1,0,106549
P005,Sony,Sony WH-1000XM6,Headphones,32000,50,Premium,3,0,25567
P004,Sony,PlayStation 5,Gaming Console,55000,73,Returning,1,1,49856
P002,Samsung,Samsung Galaxy S25 Ultra,Smartphone,95000,97,Returning,1,1,80484
P005,Sony,Sony WH-1000XM6,Headphones,32000,50,Returning,1,1,26593
P005,Sony,Sony WH-1000XM6,Headphones,32000,61,Premium,1,0,26487
P001,Apple,iPhone 16,Smartphone,80000,32,Premium,3,0,72352
P008,Canon,Canon EOS R50,Camera,75000,74,Returning,1,1,64944
P006,Apple,Apple Watch Series 10,Smartwatch,50000,18,New,2,0,47257
P003,Apple,MacBook Air M4,Laptop,110000,1,New,1,1,104648
P002,Samsung,Samsung Galaxy S25 Ultra,Smartphone,95000,63,Returning,2,0,83492
P009,Apple,iPad Air M3,Tablet,65000,6,Premium,2,1,58909
P002,Samsung,Samsung Galaxy S25 Ultra,Smartphone,95000,68,Premium,2,1,80374
P004,Sony,PlayStation 5,Gaming Console,55000,28,Premium,1,1,48851
P006,Apple,Apple Watch Series 10,Smartwatch,50000,94,New,1,1,44462
P010,ASUS,ASUS ROG Zephyrus G16,Laptop,160000,9,Returning,2,1,139265
P002,Samsung,Samsung Galaxy S25 Ultra,Smartphone,95000,57,Premium,3,0,81882
P006,Apple,Apple Watch Series 10,Smartwatch,50000,94,Returning,3,0,43579
P001,Apple,iPhone 16,Smartphone,80000,91,Returning,1,1,72106
P003,Apple,MacBook Air M4,Laptop,110000,22,New,3,0,101358
P002,Samsung,Samsung Galaxy S25 Ultra,Smartphone,95000,84,Returning,1,1,80765
P002,Samsung,Samsung Galaxy S25 Ultra,Smartphone,95000,38,New,2,0,84819
P002,Samsung,Samsung Galaxy S25 Ultra,Smartphone,95000,28,Premium,2,1,81172
P010,ASUS,ASUS ROG Zephyrus G16,Laptop,160000,75,New,3,0,137391
P003,Apple,MacBook Air M4,Laptop,110000,53,Returning,1,0,102727
P002,Samsung,Samsung Galaxy S25 Ultra,Smartphone,95000,21,Premium,1,0,83561
P005,Sony,Sony WH-1000XM6,Headphones,32000,6,New,1,1,27738
P005,Sony,Sony WH-1000XM6,Headphones,32000,56,Premium,3,1,25192
P006,Apple,Apple Watch Series 10,Smartwatch,50000,80,Returning,3,0,44707
P009,Apple,iPad Air M3,Tablet,65000,19,Returning,1,0,61503
P007,Dell,Dell XPS 13,Laptop,120000,59,Premium,2,0,107235
P007,Dell,Dell XPS 13,Laptop,120000,40,Returning,3,0,107230
P006,Apple,Apple Watch Series 10,Smartwatch,50000,25,New,3,0,45073
P001,Apple,iPhone 16,Smartphone,80000,13,New,1,0,78429
P006,Apple,Apple Watch Series 10,Smartwatch,50000,18,New,1,1,46412
P009,Apple,iPad Air M3,Tablet,65000,99,New,1,1,57537
P009,Apple,iPad Air M3,Tablet,65000,33,Premium,1,0,58801
P005,Sony,Sony WH-1000XM6,Headphones,32000,51,New,2,1,26593
P002,Samsung,Samsung Galaxy S25 Ultra,Smartphone,95000,81,New,1,0,83242
P006,Apple,Apple Watch Series 10,Smartwatch,50000,32,Returning,1,0,45549
P007,Dell,Dell XPS 13,Laptop,120000,57,New,2,1,106694
P001,Apple,iPhone 16,Smartphone,80000,40,New,3,0,74567
P010,ASUS,ASUS ROG Zephyrus G16,Laptop,160000,97,Premium,2,1,129825
P007,Dell,Dell XPS 13,Laptop,120000,61,Returning,1,1,106798
P003,Apple,MacBook Air M4,Laptop,110000,10,New,2,1,103082
P005,Sony,Sony WH-1000XM6,Headphones,32000,89,New,1,0,26912
P004,Sony,PlayStation 5,Gaming Console,55000,90,New,2,0,49019
P010,ASUS,ASUS ROG Zephyrus G16,Laptop,160000,92,Returning,1,1,133117
P008,Canon,Canon EOS R50,Camera,75000,18,Returning,2,0,68192
P006,Apple,Apple Watch Series 10,Smartwatch,50000,38,New,2,0,45607
P003,Apple,MacBook Air M4,Laptop,110000,63,Returning,3,0,100194
P009,Apple,iPad Air M3,Tablet,65000,41,Premium,1,0,59218
P002,Samsung,Samsung Galaxy S25 Ultra,Smartphone,95000,71,New,3,0,84029
P007,Dell,Dell XPS 13,Laptop,120000,83,New,3,0,105895
P008,Canon,Canon EOS R50,Camera,75000,71,Premium,2,0,65239
P001,Apple,iPhone 16,Smartphone,80000,36,New,3,0,74260
P008,Canon,Canon EOS R50,Camera,75000,99,Premium,1,0,64533
P010,ASUS,ASUS ROG Zephyrus G16,Laptop,160000,78,Returning,3,0,135572
P002,Samsung,Samsung Galaxy S25 Ultra,Smartphone,95000,93,Returning,3,0,80940
P002,Samsung,Samsung Galaxy S25 Ultra,Smartphone,95000,84,New,2,0,82469
P008,Canon,Canon EOS R50,Camera,75000,93,New,2,0,65584
P008,Canon,Canon EOS R50,Camera,75000,84,New,2,1,63633
P001,Apple,iPhone 16,Smartphone,80000,93,Premium,3,1,69679
P005,Sony,Sony WH-1000XM6,Headphones,32000,85,Premium,3,1,24342
P006,Apple,Apple Watch Series 10,Smartwatch,50000,59,Returning,3,1,43721
P007,Dell,Dell XPS 13,Laptop,120000,17,New,1,0,114331
P006,Apple,Apple Watch Series 10,Smartwatch,50000,75,Returning,1,1,44565
P005,Sony,Sony WH-1000XM6,Headphones,32000,95,Returning,2,0,25586
P006,Apple,Apple Watch Series 10,Smartwatch,50000,75,Returning,2,0,44700
P004,Sony,PlayStation 5,Gaming Console,55000,91,New,3,1,47977
P002,Samsung,Samsung Galaxy S25 Ultra,Smartphone,95000,45,Returning,1,1,82363
P006,Apple,Apple Watch Series 10,Smartwatch,50000,15,Premium,3,0,45026
P010,ASUS,ASUS ROG Zephyrus G16,Laptop,160000,53,Returning,2,1,134009
P004,Sony,PlayStation 5,Gaming Console,55000,55,New,2,1,49751
P010,ASUS,ASUS ROG Zephyrus G16,Laptop,160000,2,Returning,3,0,140557
P002,Samsung,Samsung Galaxy S25 Ultra,Smartphone,95000,63,New,2,0,84194
P004,Sony,PlayStation 5,Gaming Console,55000,34,New,2,1,49863
P009,Apple,iPad Air M3,Tablet,65000,60,New,3,0,59554
P003,Apple,MacBook Air M4,Laptop,110000,28,Premium,3,0,98643
P009,Apple,iPad Air M3,Tablet,65000,11,Returning,1,0,61611
P005,Sony,Sony WH-1000XM6,Headphones,32000,87,Returning,3,1,25358
P003,Apple,MacBook Air M4,Laptop,110000,16,New,1,1,104767
P006,Apple,Apple Watch Series 10,Smartwatch,50000,75,Returning,1,1,44912
P004,Sony,PlayStation 5,Gaming Console,55000,10,New,2,0,51994
P002,Samsung,Samsung Galaxy S25 Ultra,Smartphone,95000,3,Premium,3,1,82315
P004,Sony,PlayStation 5,Gaming Console,55000,7,Returning,3,1,50350
P010,ASUS,ASUS ROG Zephyrus G16,Laptop,160000,34,Premium,1,0,137340
P009,Apple,iPad Air M3,Tablet,65000,13,Premium,1,0,61321
P007,Dell,Dell XPS 13,Laptop,120000,39,Premium,2,0,106993
P001,Apple,iPhone 16,Smartphone,80000,6,New,1,0,78211
P002,Samsung,Samsung Galaxy S25 Ultra,Smartphone,95000,91,Returning,1,0,82608
P001,Apple,iPhone 16,Smartphone,80000,18,Premium,2,1,73964
P007,Dell,Dell XPS 13,Laptop,120000,82,Premium,2,1,102156
P004,Sony,PlayStation 5,Gaming Console,55000,24,New,2,1,49882
P001,Apple,iPhone 16,Smartphone,80000,27,Premium,1,0,74186
P004,Sony,PlayStation 5,Gaming Console,55000,83,Returning,3,1,47061
P004,Sony,PlayStation 5,Gaming Console,55000,93,New,2,1,48032
P002,Samsung,Samsung Galaxy S25 Ultra,Smartphone,95000,6,Returning,2,0,86841
P001,Apple,iPhone 16,Smartphone,80000,3,Returning,2,0,76367
P001,Apple,iPhone 16,Smartphone,80000,81,Returning,1,0,73224
P004,Sony,PlayStation 5,Gaming Console,55000,44,Returning,2,1,49034
P005,Sony,Sony WH-1000XM6,Headphones,32000,18,New,3,1,27158
P003,Apple,MacBook Air M4,Laptop,110000,88,Premium,1,0,99111
P006,Apple,Apple Watch Series 10,Smartwatch,50000,55,Premium,2,0,44672
P002,Samsung,Samsung Galaxy S25 Ultra,Smartphone,95000,63,Returning,1,1,82882
P009,Apple,iPad Air M3,Tablet,65000,59,Returning,2,1,58103
P008,Canon,Canon EOS R50,Camera,75000,48,New,1,1,65975
P002,Samsung,Samsung Galaxy S25 Ultra,Smartphone,95000,17,New,3,0,86495
P010,ASUS,ASUS ROG Zephyrus G16,Laptop,160000,29,Premium,2,0,135542
P005,Sony,Sony WH-1000XM6,Headphones,32000,65,Returning,1,0,26661
P006,Apple,Apple Watch Series 10,Smartwatch,50000,15,Premium,2,1,44849
P009,Apple,iPad Air M3,Tablet,65000,53,Premium,1,1,58198
P004,Sony,PlayStation 5,Gaming Console,55000,36,New,3,0,50060
P010,ASUS,ASUS ROG Zephyrus G16,Laptop,160000,85,Returning,2,0,134153
P002,Samsung,Samsung Galaxy S25 Ultra,Smartphone,95000,45,Returning,2,1,81834
P004,Sony,PlayStation 5,Gaming Console,55000,73,New,3,1,48694
P007,Dell,Dell XPS 13,Laptop,120000,93,New,1,1,106022
P005,Sony,Sony WH-1000XM6,Headphones,32000,40,Premium,1,0,26657
P003,Apple,MacBook Air M4,Laptop,110000,58,New,3,1,98757
P001,Apple,iPhone 16,Smartphone,80000,53,New,3,1,73167
P007,Dell,Dell XPS 13,Laptop,120000,59,New,1,0,110656
P008,Canon,Canon EOS R50,Camera,75000,82,New,2,0,65219
P009,Apple,iPad Air M3,Tablet,65000,85,Returning,1,0,58703
P006,Apple,Apple Watch Series 10,Smartwatch,50000,46,Premium,3,1,43236
P006,Apple,Apple Watch Series 10,Smartwatch,50000,97,New,3,1,42773
P005,Sony,Sony WH-1000XM6,Headphones,32000,98,New,2,1,25566
P008,Canon,Canon EOS R50,Camera,75000,90,Premium,3,0,63159
P003,Apple,MacBook Air M4,Laptop,110000,14,New,3,0,104466
P003,Apple,MacBook Air M4,Laptop,110000,87,Premium,1,1,96322
P010,ASUS,ASUS ROG Zephyrus G16,Laptop,160000,40,Returning,1,0,139501
P003,Apple,MacBook Air M4,Laptop,110000,38,Returning,1,1,99975
P008,Canon,Canon EOS R50,Camera,75000,69,Premium,1,1,64097
P001,Apple,iPhone 16,Smartphone,80000,89,Returning,3,1,70318
P008,Canon,Canon EOS R50,Camera,75000,11,Premium,2,1,66473
P005,Sony,Sony WH-1000XM6,Headphones,32000,20,Returning,1,1,26047
P008,Canon,Canon EOS R50,Camera,75000,8,Premium,2,1,65981
P002,Samsung,Samsung Galaxy S25 Ultra,Smartphone,95000,15,New,1,1,86427
P001,Apple,iPhone 16,Smartphone,80000,30,New,1,1,74374
P001,Apple,iPhone 16,Smartphone,80000,89,Returning,3,1,70129
P001,Apple,iPhone 16,Smartphone,80000,60,New,1,1,74760
P007,Dell,Dell XPS 13,Laptop,120000,85,Returning,3,1,102173
P005,Sony,Sony WH-1000XM6,Headphones,32000,77,Premium,1,0,26714
P001,Apple,iPhone 16,Smartphone,80000,34,New,3,0,74722
P008,Canon,Canon EOS R50,Camera,75000,57,Premium,3,0,64267
P007,Dell,Dell XPS 13,Laptop,120000,74,New,2,1,106322
P005,Sony,Sony WH-1000XM6,Headphones,32000,68,New,1,0,26760
P002,Samsung,Samsung Galaxy S25 Ultra,Smartphone,95000,66,Returning,2,0,83239
P004,Sony,PlayStation 5,Gaming Console,55000,11,Returning,2,1,50935
P006,Apple,Apple Watch Series 10,Smartwatch,50000,13,Premium,1,0,46474
P006,Apple,Apple Watch Series 10,Smartwatch,50000,77,New,2,0,45022
P004,Sony,PlayStation 5,Gaming Console,55000,35,New,2,1,49202
P003,Apple,MacBook Air M4,Laptop,110000,46,Returning,3,1,97703
P001,Apple,iPhone 16,Smartphone,80000,89,Returning,1,1,71641
P006,Apple,Apple Watch Series 10,Smartwatch,50000,12,Premium,3,0,45210
P002,Samsung,Samsung Galaxy S25 Ultra,Smartphone,95000,10,Returning,2,0,86602
P002,Samsung,Samsung Galaxy S25 Ultra,Smartphone,95000,15,Premium,1,0,85978
P007,Dell,Dell XPS 13,Laptop,120000,2,Returning,1,0,113054
P007,Dell,Dell XPS 13,Laptop,120000,84,Premium,1,0,105902
P001,Apple,iPhone 16,Smartphone,80000,47,New,1,0,76191
P005,Sony,Sony WH-1000XM6,Headphones,32000,34,New,3,1,26222
P008,Canon,Canon EOS R50,Camera,75000,84,New,3,1,63335
P004,Sony,PlayStation 5,Gaming Console,55000,72,Returning,3,0,49323
P007,Dell,Dell XPS 13,Laptop,120000,16,New,2,0,113286
P006,Apple,Apple Watch Series 10,Smartwatch,50000,86,Premium,3,1,41776
P003,Apple,MacBook Air M4,Laptop,110000,53,Premium,1,1,99371
P006,Apple,Apple Watch Series 10,Smartwatch,50000,41,New,2,1,44548
P003,Apple,MacBook Air M4,Laptop,110000,52,Premium,1,1,98561
P009,Apple,iPad Air M3,Tablet,65000,14,Returning,3,1,59640
P001,Apple,iPhone 16,Smartphone,80000,24,New,1,0,75855
P009,Apple,iPad Air M3,Tablet,65000,48,Premium,1,1,57873
P001,Apple,iPhone 16,Smartphone,80000,89,New,3,1,71596
P003,Apple,MacBook Air M4,Laptop,110000,66,Premium,1,1,98528
P008,Canon,Canon EOS R50,Camera,75000,41,New,2,0,66849
P008,Canon,Canon EOS R50,Camera,75000,28,Returning,2,1,64933
P003,Apple,MacBook Air M4,Laptop,110000,46,New,2,1,100104
P008,Canon,Canon EOS R50,Camera,75000,62,Returning,2,1,64579
P007,Dell,Dell XPS 13,Laptop,120000,34,Premium,1,0,107813
P007,Dell,Dell XPS 13,Laptop,120000,37,New,1,1,107508
P007,Dell,Dell XPS 13,Laptop,120000,73,Premium,3,0,105499
P005,Sony,Sony WH-1000XM6,Headphones,32000,70,Returning,1,1,26112
P006,Apple,Apple Watch Series 10,Smartwatch,50000,27,Returning,2,0,45304
P009,Apple,iPad Air M3,Tablet,65000,46,Premium,2,1,56721
P010,ASUS,ASUS ROG Zephyrus G16,Laptop,160000,13,New,1,0,146007
P005,Sony,Sony WH-1000XM6,Headphones,32000,4,Returning,1,1,26959
P006,Apple,Apple Watch Series 10,Smartwatch,50000,94,New,3,1,42544
P002,Samsung,Samsung Galaxy S25 Ultra,Smartphone,95000,97,Returning,1,0,82294
P005,Sony,Sony WH-1000XM6,Headphones,32000,60,New,2,0,26786
P003,Apple,MacBook Air M4,Laptop,110000,47,Premium,1,1,98803
P004,Sony,PlayStation 5,Gaming Console,55000,16,Premium,2,0,50872
P003,Apple,MacBook Air M4,Laptop,110000,48,New,3,0,101467
P010,ASUS,ASUS ROG Zephyrus G16,Laptop,160000,39,New,3,1,134870
P005,Sony,Sony WH-1000XM6,Headphones,32000,20,Returning,3,1,25259
P004,Sony,PlayStation 5,Gaming Console,55000,55,New,2,1,49583
P007,Dell,Dell XPS 13,Laptop,120000,93,Returning,2,1,103319
P006,Apple,Apple Watch Series 10,Smartwatch,50000,92,Premium,2,1,42750
P009,Apple,iPad Air M3,Tablet,65000,15,New,2,0,61993
P002,Samsung,Samsung Galaxy S25 Ultra,Smartphone,95000,64,Premium,2,0,82599
P002,Samsung,Samsung Galaxy S25 Ultra,Smartphone,95000,68,New,1,0,85954
P005,Sony,Sony WH-1000XM6,Headphones,32000,4,New,1,0,28063
P003,Apple,MacBook Air M4,Laptop,110000,61,Returning,1,1,100018
P005,Sony,Sony WH-1000XM6,Headphones,32000,91,New,3,1,24821
P005,Sony,Sony WH-1000XM6,Headphones,32000,94,Returning,2,1,24881
P002,Samsung,Samsung Galaxy S25 Ultra,Smartphone,95000,21,Premium,2,0,82666
P002,Samsung,Samsung Galaxy S25 Ultra,Smartphone,95000,16,New,2,0,87860
P003,Apple,MacBook Air M4,Laptop,110000,91,New,3,0,98538
P008,Canon,Canon EOS R50,Camera,75000,100,Premium,2,1,62351
P006,Apple,Apple Watch Series 10,Smartwatch,50000,22,Premium,3,0,43952
P007,Dell,Dell XPS 13,Laptop,120000,63,Returning,2,0,107711
P010,ASUS,ASUS ROG Zephyrus G16,Laptop,160000,27,Returning,3,1,132522
P004,Sony,PlayStation 5,Gaming Console,55000,82,Returning,1,0,49732
P008,Canon,Canon EOS R50,Camera,75000,67,New,3,1,64788
P010,ASUS,ASUS ROG Zephyrus G16,Laptop,160000,24,New,2,0,138742
P001,Apple,iPhone 16,Smartphone,80000,18,Returning,1,1,75951
P003,Apple,MacBook Air M4,Laptop,110000,9,Returning,1,1,103876
P009,Apple,iPad Air M3,Tablet,65000,50,Premium,3,1,57044
P006,Apple,Apple Watch Series 10,Smartwatch,50000,28,Returning,1,1,44924
P006,Apple,Apple Watch Series 10,Smartwatch,50000,61,New,1,0,45864
P003,Apple,MacBook Air M4,Laptop,110000,1,Premium,3,0,101867
P009,Apple,iPad Air M3,Tablet,65000,59,New,1,1,58702
P008,Canon,Canon EOS R50,Camera,75000,80,New,1,1,65960
P004,Sony,PlayStation 5,Gaming Console,55000,14,New,3,1,50297
P005,Sony,Sony WH-1000XM6,Headphones,32000,11,Premium,2,1,26112
P003,Apple,MacBook Air M4,Laptop,110000,88,Premium,2,1,95821
P001,Apple,iPhone 16,Smartphone,80000,68,New,2,0,74700
P010,ASUS,ASUS ROG Zephyrus G16,Laptop,160000,8,Returning,1,0,143528
P009,Apple,iPad Air M3,Tablet,65000,84,Premium,2,0,57592
P003,Apple,MacBook Air M4,Laptop,110000,97,New,3,1,96655
P003,Apple,MacBook Air M4,Laptop,110000,32,Premium,3,1,96883
P007,Dell,Dell XPS 13,Laptop,120000,99,New,1,0,107714
P002,Samsung,Samsung Galaxy S25 Ultra,Smartphone,95000,42,Premium,3,1,80268
P006,Apple,Apple Watch Series 10,Smartwatch,50000,15,Returning,2,1,45808
P010,ASUS,ASUS ROG Zephyrus G16,Laptop,160000,4,New,1,0,145114
P009,Apple,iPad Air M3,Tablet,65000,68,Premium,1,1,58234
P001,Apple,iPhone 16,Smartphone,80000,78,Returning,1,1,73444
P001,Apple,iPhone 16,Smartphone,80000,22,Premium,2,0,74069
P004,Sony,PlayStation 5,Gaming Console,55000,4,New,2,1,51155
P006,Apple,Apple Watch Series 10,Smartwatch,50000,67,Premium,2,1,43348
P009,Apple,iPad Air M3,Tablet,65000,44,New,3,1,57938
P002,Samsung,Samsung Galaxy S25 Ultra,Smartphone,95000,39,Returning,1,1,82783
P008,Canon,Canon EOS R50,Camera,75000,23,New,2,1,65386
P005,Sony,Sony WH-1000XM6,Headphones,32000,87,Returning,1,1,25282
P009,Apple,iPad Air M3,Tablet,65000,55,Returning,1,0,59594
P003,Apple,MacBook Air M4,Laptop,110000,6,Returning,1,1,103683
P006,Apple,Apple Watch Series 10,Smartwatch,50000,6,Premium,3,1,44928
P007,Dell,Dell XPS 13,Laptop,120000,19,New,2,1,110167
P004,Sony,PlayStation 5,Gaming Console,55000,38,Premium,1,1,48559
P007,Dell,Dell XPS 13,Laptop,120000,92,Returning,2,1,103691
P001,Apple,iPhone 16,Smartphone,80000,57,Premium,3,1,71277
P009,Apple,iPad Air M3,Tablet,65000,95,Premium,2,1,55857
P005,Sony,Sony WH-1000XM6,Headphones,32000,80,New,1,0,27104
P007,Dell,Dell XPS 13,Laptop,120000,59,Premium,1,1,105396
P002,Samsung,Samsung Galaxy S25 Ultra,Smartphone,95000,65,Returning,3,0,82818
P010,ASUS,ASUS ROG Zephyrus G16,Laptop,160000,58,Premium,3,1,130921
P008,Canon,Canon EOS R50,Camera,75000,61,New,1,0,67285
P010,ASUS,ASUS ROG Zephyrus G16,Laptop,160000,28,New,2,1,135864
P010,ASUS,ASUS ROG Zephyrus G16,Laptop,160000,67,New,2,0,139658
P008,Canon,Canon EOS R50,Camera,75000,70,New,2,1,64752
P005,Sony,Sony WH-1000XM6,Headphones,32000,6,Returning,3,0,27098
P006,Apple,Apple Watch Series 10,Smartwatch,50000,9,Premium,2,1,44903
P010,ASUS,ASUS ROG Zephyrus G16,Laptop,160000,23,Returning,3,0,136275
P001,Apple,iPhone 16,Smartphone,80000,100,New,3,0,72780
P004,Sony,PlayStation 5,Gaming Console,55000,44,Returning,1,0,50472
P007,Dell,Dell XPS 13,Laptop,120000,62,New,1,0,110773
P004,Sony,PlayStation 5,Gaming Console,55000,1,New,3,1,50568
P009,Apple,iPad Air M3,Tablet,65000,74,Returning,3,0,58376
P004,Sony,PlayStation 5,Gaming Console,55000,19,Premium,2,0,50998
P007,Dell,Dell XPS 13,Laptop,120000,49,New,1,0,110796
P006,Apple,Apple Watch Series 10,Smartwatch,50000,63,Premium,1,1,44169
P010,ASUS,ASUS ROG Zephyrus G16,Laptop,160000,6,Premium,1,0,142107
P005,Sony,Sony WH-1000XM6,Headphones,32000,10,New,3,1,26726
P004,Sony,PlayStation 5,Gaming Console,55000,17,Premium,3,1,49444
P009,Apple,iPad Air M3,Tablet,65000,35,Premium,3,1,56936
P008,Canon,Canon EOS R50,Camera,75000,4,Premium,2,0,67436
P001,Apple,iPhone 16,Smartphone,80000,4,Returning,2,1,74801
P005,Sony,Sony WH-1000XM6,Headphones,32000,31,New,2,0,26432
P005,Sony,Sony WH-1000XM6,Headphones,32000,94,Premium,1,1,25096
P005,Sony,Sony WH-1000XM6,Headphones,32000,26,Returning,3,1,25184
P007,Dell,Dell XPS 13,Laptop,120000,31,Premium,3,1,103147
P003,Apple,MacBook Air M4,Laptop,110000,11,Returning,2,1,102619
P005,Sony,Sony WH-1000XM6,Headphones,32000,1,Premium,2,1,27055
P006,Apple,Apple Watch Series 10,Smartwatch,50000,65,Returning,2,0,45036
P003,Apple,MacBook Air M4,Laptop,110000,38,Premium,3,1,96614
P002,Samsung,Samsung Galaxy S25 Ultra,Smartphone,95000,36,New,2,1,83053
P004,Sony,PlayStation 5,Gaming Console,55000,81,New,2,0,49743
P010,ASUS,ASUS ROG Zephyrus G16,Laptop,160000,65,Premium,2,0,135928
P004,Sony,PlayStation 5,Gaming Console,55000,91,Returning,3,0,47984
P003,Apple,MacBook Air M4,Laptop,110000,18,New,3,0,104590
P010,ASUS,ASUS ROG Zephyrus G16,Laptop,160000,68,New,1,1,137676
P001,Apple,iPhone 16,Smartphone,80000,2,Returning,3,0,75716
P003,Apple,MacBook Air M4,Laptop,110000,85,Premium,1,1,97035
P005,Sony,Sony WH-1000XM6,Headphones,32000,66,Returning,2,1,25884
P008,Canon,Canon EOS R50,Camera,75000,10,Returning,3,1,65613
P008,Canon,Canon EOS R50,Camera,75000,84,Premium,2,1,61757
P005,Sony,Sony WH-1000XM6,Headphones,32000,41,Returning,3,0,26330
P002,Samsung,Samsung Galaxy S25 Ultra,Smartphone,95000,13,Returning,3,1,83479
P008,Canon,Canon EOS R50,Camera,75000,84,Returning,2,1,63269
P007,Dell,Dell XPS 13,Laptop,120000,48,Returning,3,1,104294
P007,Dell,Dell XPS 13,Laptop,120000,33,Returning,2,0,108075
P006,Apple,Apple Watch Series 10,Smartwatch,50000,17,New,3,1,45870
P003,Apple,MacBook Air M4,Laptop,110000,76,Returning,2,1,99401
P006,Apple,Apple Watch Series 10,Smartwatch,50000,24,New,2,1,44063
P005,Sony,Sony WH-1000XM6,Headphones,32000,74,Premium,3,1,25321
P003,Apple,MacBook Air M4,Laptop,110000,76,Premium,3,1,96447
P008,Canon,Canon EOS R50,Camera,75000,47,Returning,3,1,63395
P003,Apple,MacBook Air M4,Laptop,110000,1,Returning,1,1,103608
P001,Apple,iPhone 16,Smartphone,80000,54,Premium,1,1,73102
P004,Sony,PlayStation 5,Gaming Console,55000,83,Premium,2,1,46835
P001,Apple,iPhone 16,Smartphone,80000,49,Returning,1,1,73524
P007,Dell,Dell XPS 13,Laptop,120000,26,Premium,1,0,107666
P002,Samsung,Samsung Galaxy S25 Ultra,Smartphone,95000,33,New,1,0,85091
P009,Apple,iPad Air M3,Tablet,65000,90,New,3,0,57597
P001,Apple,iPhone 16,Smartphone,80000,11,New,1,1,76984
P001,Apple,iPhone 16,Smartphone,80000,52,Returning,2,1,72651
P009,Apple,iPad Air M3,Tablet,65000,64,Returning,2,0,59363
P005,Sony,Sony WH-1000XM6,Headphones,32000,46,New,3,1,25526
P006,Apple,Apple Watch Series 10,Smartwatch,50000,10,Returning,1,1,46123
P008,Canon,Canon EOS R50,Camera,75000,33,Returning,2,0,65824
P002,Samsung,Samsung Galaxy S25 Ultra,Smartphone,95000,58,Premium,3,0,81865
P009,Apple,iPad Air M3,Tablet,65000,59,Premium,1,0,58986
P006,Apple,Apple Watch Series 10,Smartwatch,50000,51,Returning,3,1,43996
P004,Sony,PlayStation 5,Gaming Console,55000,85,New,3,1,48077
P009,Apple,iPad Air M3,Tablet,65000,56,Premium,2,0,58475
P009,Apple,iPad Air M3,Tablet,65000,19,Returning,3,1,59575
P001,Apple,iPhone 16,Smartphone,80000,89,New,3,0,73093
P007,Dell,Dell XPS 13,Laptop,120000,17,Returning,2,1,109349
P008,Canon,Canon EOS R50,Camera,75000,54,Premium,1,0,65902
P009,Apple,iPad Air M3,Tablet,65000,37,New,2,1,58856
P002,Samsung,Samsung Galaxy S25 Ultra,Smartphone,95000,63,Premium,2,0,82594
P008,Canon,Canon EOS R50,Camera,75000,73,Premium,3,0,64092
P001,Apple,iPhone 16,Smartphone,80000,17,Premium,2,0,76121
P001,Apple,iPhone 16,Smartphone,80000,87,Premium,2,0,72356
P001,Apple,iPhone 16,Smartphone,80000,25,Premium,3,1,70862
P002,Samsung,Samsung Galaxy S25 Ultra,Smartphone,95000,17,New,2,0,87485
P001,Apple,iPhone 16,Smartphone,80000,82,Returning,2,1,70875
P005,Sony,Sony WH-1000XM6,Headphones,32000,93,Returning,2,0,25574
P001,Apple,iPhone 16,Smartphone,80000,13,Returning,2,1,75117
P004,Sony,PlayStation 5,Gaming Console,55000,81,New,3,0,49144
P006,Apple,Apple Watch Series 10,Smartwatch,50000,5,Premium,1,1,45193
P003,Apple,MacBook Air M4,Laptop,110000,50,New,2,0,102489
P009,Apple,iPad Air M3,Tablet,65000,12,Returning,1,0,61304
P008,Canon,Canon EOS R50,Camera,75000,41,Returning,3,1,63317
P005,Sony,Sony WH-1000XM6,Headphones,32000,21,New,1,1,26601
P005,Sony,Sony WH-1000XM6,Headphones,32000,25,Returning,1,1,26026
P006,Apple,Apple Watch Series 10,Smartwatch,50000,2,Premium,3,0,45755
P004,Sony,PlayStation 5,Gaming Console,55000,24,Premium,1,1,48475
P003,Apple,MacBook Air M4,Laptop,110000,34,Returning,1,1,100550
P004,Sony,PlayStation 5,Gaming Console,55000,12,New,3,0,51679
P008,Canon,Canon EOS R50,Camera,75000,13,Premium,3,0,66491
P006,Apple,Apple Watch Series 10,Smartwatch,50000,90,Premium,1,0,44274
P008,Canon,Canon EOS R50,Camera,75000,61,Premium,3,0,64501
P007,Dell,Dell XPS 13,Laptop,120000,46,Returning,2,1,105507
P002,Samsung,Samsung Galaxy S25 Ultra,Smartphone,95000,57,New,2,1,82637
P004,Sony,PlayStation 5,Gaming Console,55000,44,Returning,2,0,49845
P008,Canon,Canon EOS R50,Camera,75000,13,New,2,1,67438
P002,Samsung,Samsung Galaxy S25 Ultra,Smartphone,95000,44,Premium,1,0,83917
P010,ASUS,ASUS ROG Zephyrus G16,Laptop,160000,96,New,3,1,130883
P008,Canon,Canon EOS R50,Camera,75000,91,New,1,0,65854
P001,Apple,iPhone 16,Smartphone,80000,83,New,1,1,73150
P004,Sony,PlayStation 5,Gaming Console,55000,82,New,3,0,48897
P003,Apple,MacBook Air M4,Laptop,110000,61,Premium,3,1,96816
P003,Apple,MacBook Air M4,Laptop,110000,37,Returning,2,0,100920
P010,ASUS,ASUS ROG Zephyrus G16,Laptop,160000,9,New,3,0,142126
P008,Canon,Canon EOS R50,Camera,75000,15,Premium,3,0,66401
P008,Canon,Canon EOS R50,Camera,75000,45,Premium,1,1,64322
P008,Canon,Canon EOS R50,Camera,75000,86,New,2,0,64836
P002,Samsung,Samsung Galaxy S25 Ultra,Smartphone,95000,54,Premium,1,0,83134
P007,Dell,Dell XPS 13,Laptop,120000,84,Premium,3,1,100912
P002,Samsung,Samsung Galaxy S25 Ultra,Smartphone,95000,6,New,3,1,84904
P005,Sony,Sony WH-1000XM6,Headphones,32000,25,Returning,2,0,26461
P005,Sony,Sony WH-1000XM6,Headphones,32000,38,Returning,1,0,27146
P010,ASUS,ASUS ROG Zephyrus G16,Laptop,160000,54,Premium,1,1,134050
P003,Apple,MacBook Air M4,Laptop,110000,89,Premium,1,0,98974
P003,Apple,MacBook Air M4,Laptop,110000,22,Returning,2,0,101026
P003,Apple,MacBook Air M4,Laptop,110000,60,Premium,1,1,99443
P009,Apple,iPad Air M3,Tablet,65000,41,Premium,2,0,58057
P010,ASUS,ASUS ROG Zephyrus G16,Laptop,160000,28,New,3,1,134123
P001,Apple,iPhone 16,Smartphone,80000,2,New,3,0,77221
P001,Apple,iPhone 16,Smartphone,80000,86,Returning,1,0,73450
P009,Apple,iPad Air M3,Tablet,65000,94,Returning,3,1,56354
P008,Canon,Canon EOS R50,Camera,75000,43,Returning,2,1,64564
P007,Dell,Dell XPS 13,Laptop,120000,16,Returning,1,1,110887
P008,Canon,Canon EOS R50,Camera,75000,84,New,1,1,64280
P007,Dell,Dell XPS 13,Laptop,120000,82,New,1,0,108228
P005,Sony,Sony WH-1000XM6,Headphones,32000,49,Returning,3,1,25976
P009,Apple,iPad Air M3,Tablet,65000,37,New,2,1,58766
P007,Dell,Dell XPS 13,Laptop,120000,95,New,2,0,106776
P006,Apple,Apple Watch Series 10,Smartwatch,50000,64,New,2,0,45837
P009,Apple,iPad Air M3,Tablet,65000,47,New,3,1,57755
P010,ASUS,ASUS ROG Zephyrus G16,Laptop,160000,87,Returning,2,1,131635
P010,ASUS,ASUS ROG Zephyrus G16,Laptop,160000,53,Returning,2,0,137142
P004,Sony,PlayStation 5,Gaming Console,55000,91,New,2,1,48057
P003,Apple,MacBook Air M4,Laptop,110000,73,Returning,3,1,97928
P005,Sony,Sony WH-1000XM6,Headphones,32000,82,New,1,0,26637
P003,Apple,MacBook Air M4,Laptop,110000,24,New,2,0,102549
P005,Sony,Sony WH-1000XM6,Headphones,32000,44,Returning,2,1,26279
P004,Sony,PlayStation 5,Gaming Console,55000,59,Premium,1,0,50046
P007,Dell,Dell XPS 13,Laptop,120000,53,New,2,0,108991
P003,Apple,MacBook Air M4,Laptop,110000,55,Returning,1,0,101989
P010,ASUS,ASUS ROG Zephyrus G16,Laptop,160000,61,New,3,0,137325
P008,Canon,Canon EOS R50,Camera,75000,20,New,3,0,65624
P001,Apple,iPhone 16,Smartphone,80000,80,New,2,0,75018
P004,Sony,PlayStation 5,Gaming Console,55000,78,New,1,1,49583
P002,Samsung,Samsung Galaxy S25 Ultra,Smartphone,95000,92,Premium,3,1,77981
P007,Dell,Dell XPS 13,Laptop,120000,18,Premium,2,0,110371
P007,Dell,Dell XPS 13,Laptop,120000,87,Premium,3,1,100502
P010,ASUS,ASUS ROG Zephyrus G16,Laptop,160000,7,Premium,2,0,140975
P005,Sony,Sony WH-1000XM6,Headphones,32000,97,Returning,2,1,25483
P010,ASUS,ASUS ROG Zephyrus G16,Laptop,160000,4,New,2,0,143818
P005,Sony,Sony WH-1000XM6,Headphones,32000,52,Returning,2,1,26042
P005,Sony,Sony WH-1000XM6,Headphones,32000,89,Premium,1,1,25731
P001,Apple,iPhone 16,Smartphone,80000,88,Premium,3,1,69315
P009,Apple,iPad Air M3,Tablet,65000,53,Premium,1,1,58277
P001,Apple,iPhone 16,Smartphone,80000,68,Returning,2,0,74242
P007,Dell,Dell XPS 13,Laptop,120000,22,Premium,2,0,106686
P007,Dell,Dell XPS 13,Laptop,120000,73,New,1,0,110235
P008,Canon,Canon EOS R50,Camera,75000,95,New,2,0,65397
P005,Sony,Sony WH-1000XM6,Headphones,32000,92,Returning,3,0,25584
P001,Apple,iPhone 16,Smartphone,80000,94,Premium,2,1,70081
P004,Sony,PlayStation 5,Gaming Console,55000,100,Premium,3,0,47609
P005,Sony,Sony WH-1000XM6,Headphones,32000,56,Returning,2,0,26107
P006,Apple,Apple Watch Series 10,Smartwatch,50000,13,Returning,3,1,44589
P009,Apple,iPad Air M3,Tablet,65000,7,Returning,3,1,58822
P009,Apple,iPad Air M3,Tablet,65000,71,Returning,3,1,57665
P010,ASUS,ASUS ROG Zephyrus G16,Laptop,160000,22,Returning,2,1,134810
P001,Apple,iPhone 16,Smartphone,80000,97,New,3,1,70785
P009,Apple,iPad Air M3,Tablet,65000,55,Premium,3,1,56477
P002,Samsung,Samsung Galaxy S25 Ultra,Smartphone,95000,30,Premium,2,1,80298
P009,Apple,iPad Air M3,Tablet,65000,70,New,3,0,59539
P002,Samsung,Samsung Galaxy S25 Ultra,Smartphone,95000,70,New,3,0,83224
P007,Dell,Dell XPS 13,Laptop,120000,75,Premium,1,1,105580
P007,Dell,Dell XPS 13,Laptop,120000,75,New,1,0,110405
P008,Canon,Canon EOS R50,Camera,75000,78,New,3,0,65593
P003,Apple,MacBook Air M4,Laptop,110000,21,New,1,1,100920
P002,Samsung,Samsung Galaxy S25 Ultra,Smartphone,95000,65,Returning,1,0,84056
P003,Apple,MacBook Air M4,Laptop,110000,31,Premium,1,1,98655
P004,Sony,PlayStation 5,Gaming Console,55000,10,New,1,1,51852
P004,Sony,PlayStation 5,Gaming Console,55000,87,New,2,0,49607
P009,Apple,iPad Air M3,Tablet,65000,23,New,1,1,58696
P003,Apple,MacBook Air M4,Laptop,110000,32,New,3,1,98995
P003,Apple,MacBook Air M4,Laptop,110000,5,New,1,1,104618
P001,Apple,iPhone 16,Smartphone,80000,32,New,3,1,72797
P006,Apple,Apple Watch Series 10,Smartwatch,50000,52,Premium,3,0,43507
P001,Apple,iPhone 16,Smartphone,80000,89,New,3,0,73274
P008,Canon,Canon EOS R50,Camera,75000,49,Returning,1,0,67211
P005,Sony,Sony WH-1000XM6,Headphones,32000,40,Premium,1,1,25643
P009,Apple,iPad Air M3,Tablet,65000,100,Returning,1,1,57635
P002,Samsung,Samsung Galaxy S25 Ultra,Smartphone,95000,41,Returning,3,1,80561
P007,Dell,Dell XPS 13,Laptop,120000,80,New,1,1,108499
P001,Apple,iPhone 16,Smartphone,80000,92,Premium,3,1,69111
P003,Apple,MacBook Air M4,Laptop,110000,62,New,3,0,101627
P001,Apple,iPhone 16,Smartphone,80000,33,New,1,0,76172
P009,Apple,iPad Air M3,Tablet,65000,2,Premium,3,0,59589
P010,ASUS,ASUS ROG Zephyrus G16,Laptop,160000,83,New,1,0,137271
P002,Samsung,Samsung Galaxy S25 Ultra,Smartphone,95000,49,Premium,3,0,81225
P006,Apple,Apple Watch Series 10,Smartwatch,50000,77,Premium,1,0,44771
P002,Samsung,Samsung Galaxy S25 Ultra,Smartphone,95000,70,New,1,1,83291
P008,Canon,Canon EOS R50,Camera,75000,50,New,2,0,66921
P001,Apple,iPhone 16,Smartphone,80000,21,New,1,0,75601
P007,Dell,Dell XPS 13,Laptop,120000,60,Premium,2,1,104069
P009,Apple,iPad Air M3,Tablet,65000,96,New,1,1,57855
P001,Apple,iPhone 16,Smartphone,80000,13,Premium,1,1,75156
P009,Apple,iPad Air M3,Tablet,65000,15,New,2,1,60763
P009,Apple,iPad Air M3,Tablet,65000,53,Premium,1,0,58833
P006,Apple,Apple Watch Series 10,Smartwatch,50000,13,Returning,1,1,46395
P005,Sony,Sony WH-1000XM6,Headphones,32000,97,New,2,1,25339
P001,Apple,iPhone 16,Smartphone,80000,22,New,1,1,73985
P008,Canon,Canon EOS R50,Camera,75000,88,Returning,1,0,65039
P001,Apple,iPhone 16,Smartphone,80000,47,New,1,1,74698
P002,Samsung,Samsung Galaxy S25 Ultra,Smartphone,95000,8,Premium,2,0,85458
P006,Apple,Apple Watch Series 10,Smartwatch,50000,41,New,3,1,44013
P006,Apple,Apple Watch Series 10,Smartwatch,50000,21,Premium,2,1,43951
P008,Canon,Canon EOS R50,Camera,75000,58,New,1,1,66016
P005,Sony,Sony WH-1000XM6,Headphones,32000,56,Returning,3,1,25150
P001,Apple,iPhone 16,Smartphone,80000,72,Premium,3,0,72324
P008,Canon,Canon EOS R50,Camera,75000,51,Returning,3,1,64100
P001,Apple,iPhone 16,Smartphone,80000,44,Premium,1,1,72635
P001,Apple,iPhone 16,Smartphone,80000,11,Returning,1,1,75671
P008,Canon,Canon EOS R50,Camera,75000,83,Premium,2,0,64202
P003,Apple,MacBook Air M4,Laptop,110000,71,New,3,0,100820
P009,Apple,iPad Air M3,Tablet,65000,31,New,1,1,58760
P002,Samsung,Samsung Galaxy S25 Ultra,Smartphone,95000,97,New,1,0,83361
P001,Apple,iPhone 16,Smartphone,80000,55,New,2,0,74774
P010,ASUS,ASUS ROG Zephyrus G16,Laptop,160000,77,New,2,0,138883
P005,Sony,Sony WH-1000XM6,Headphones,32000,6,Returning,2,0,27087
P008,Canon,Canon EOS R50,Camera,75000,82,Premium,2,1,62571
P002,Samsung,Samsung Galaxy S25 Ultra,Smartphone,95000,93,New,2,0,82834
P007,Dell,Dell XPS 13,Laptop,120000,35,Premium,2,1,104480
P007,Dell,Dell XPS 13,Laptop,120000,66,Premium,2,0,106945
P002,Samsung,Samsung Galaxy S25 Ultra,Smartphone,95000,21,Returning,1,1,82905
P010,ASUS,ASUS ROG Zephyrus G16,Laptop,160000,4,Returning,3,1,137656
P002,Samsung,Samsung Galaxy S25 Ultra,Smartphone,95000,32,Premium,3,0,81791
P001,Apple,iPhone 16,Smartphone,80000,16,New,2,1,76215
P007,Dell,Dell XPS 13,Laptop,120000,64,Premium,2,1,104349
P007,Dell,Dell XPS 13,Laptop,120000,10,Premium,2,0,110174
P010,ASUS,ASUS ROG Zephyrus G16,Laptop,160000,52,Premium,1,0,137595
P001,Apple,iPhone 16,Smartphone,80000,73,New,1,1,74332
P005,Sony,Sony WH-1000XM6,Headphones,32000,43,New,2,1,26516
P001,Apple,iPhone 16,Smartphone,80000,17,New,3,0,76868
P001,Apple,iPhone 16,Smartphone,80000,33,Premium,2,0,73412
P008,Canon,Canon EOS R50,Camera,75000,65,New,2,1,65422
P003,Apple,MacBook Air M4,Laptop,110000,42,New,3,0,100760
P010,ASUS,ASUS ROG Zephyrus G16,Laptop,160000,46,Premium,3,0,134444
P005,Sony,Sony WH-1000XM6,Headphones,32000,68,Premium,3,1,25582
P004,Sony,PlayStation 5,Gaming Console,55000,47,Premium,3,1,47528
P008,Canon,Canon EOS R50,Camera,75000,22,Premium,3,0,64220
P006,Apple,Apple Watch Series 10,Smartwatch,50000,90,Returning,3,0,43167
P005,Sony,Sony WH-1000XM6,Headphones,32000,4,Premium,1,1,27061
P007,Dell,Dell XPS 13,Laptop,120000,26,Premium,3,1,103484
P007,Dell,Dell XPS 13,Laptop,120000,37,Premium,2,1,104038
P008,Canon,Canon EOS R50,Camera,75000,32,Premium,3,0,64326
P007,Dell,Dell XPS 13,Laptop,120000,87,Returning,1,0,106917
P002,Samsung,Samsung Galaxy S25 Ultra,Smartphone,95000,71,Premium,3,1,79977
P008,Canon,Canon EOS R50,Camera,75000,52,New,1,1,65754
P006,Apple,Apple Watch Series 10,Smartwatch,50000,29,New,2,0,45961
P007,Dell,Dell XPS 13,Laptop,120000,81,New,1,0,107920
P007,Dell,Dell XPS 13,Laptop,120000,25,New,2,0,108819
P005,Sony,Sony WH-1000XM6,Headphones,32000,89,New,1,1,25827
P004,Sony,PlayStation 5,Gaming Console,55000,33,Premium,2,0,49995
P007,Dell,Dell XPS 13,Laptop,120000,28,Returning,1,1,106486
P004,Sony,PlayStation 5,Gaming Console,55000,25,Returning,2,0,49840
P005,Sony,Sony WH-1000XM6,Headphones,32000,35,Returning,2,0,26817
P005,Sony,Sony WH-1000XM6,Headphones,32000,27,Returning,2,0,26146
P002,Samsung,Samsung Galaxy S25 Ultra,Smartphone,95000,14,Returning,2,1,84960
P010,ASUS,ASUS ROG Zephyrus G16,Laptop,160000,34,Returning,3,1,132789
P005,Sony,Sony WH-1000XM6,Headphones,32000,22,New,3,1,25603
P005,Sony,Sony WH-1000XM6,Headphones,32000,49,New,3,0,26980
P006,Apple,Apple Watch Series 10,Smartwatch,50000,10,New,3,0,46125
P007,Dell,Dell XPS 13,Laptop,120000,35,Returning,3,0,107223
P005,Sony,Sony WH-1000XM6,Headphones,32000,85,Returning,2,0,26020
P010,ASUS,ASUS ROG Zephyrus G16,Laptop,160000,65,Returning,1,1,135951
P004,Sony,PlayStation 5,Gaming Console,55000,42,New,3,1,48833
P010,ASUS,ASUS ROG Zephyrus G16,Laptop,160000,16,Returning,1,0,143562
P008,Canon,Canon EOS R50,Camera,75000,41,New,2,1,65716
P002,Samsung,Samsung Galaxy S25 Ultra,Smartphone,95000,68,New,2,1,83054
P010,ASUS,ASUS ROG Zephyrus G16,Laptop,160000,23,Premium,1,0,137447
P008,Canon,Canon EOS R50,Camera,75000,72,New,2,1,65507
P004,Sony,PlayStation 5,Gaming Console,55000,10,New,3,0,51343
P005,Sony,Sony WH-1000XM6,Headphones,32000,52,Returning,1,1,26287
P007,Dell,Dell XPS 13,Laptop,120000,22,Returning,1,0,109537
P002,Samsung,Samsung Galaxy S25 Ultra,Smartphone,95000,35,Premium,2,0,82585
P007,Dell,Dell XPS 13,Laptop,120000,95,Premium,3,1,100416
P001,Apple,iPhone 16,Smartphone,80000,49,Premium,3,1,70948
P008,Canon,Canon EOS R50,Camera,75000,40,Premium,1,0,66318
P002,Samsung,Samsung Galaxy S25 Ultra,Smartphone,95000,67,Returning,3,0,82545
P006,Apple,Apple Watch Series 10,Smartwatch,50000,2,Returning,1,1,45948
P002,Samsung,Samsung Galaxy S25 Ultra,Smartphone,95000,45,Premium,1,0,83210
P003,Apple,MacBook Air M4,Laptop,110000,41,New,1,0,102983
P007,Dell,Dell XPS 13,Laptop,120000,6,New,2,0,112491
P008,Canon,Canon EOS R50,Camera,75000,22,Premium,3,1,63308
P009,Apple,iPad Air M3,Tablet,65000,30,Premium,1,0,59597
P003,Apple,MacBook Air M4,Laptop,110000,8,Premium,2,0,103170
P010,ASUS,ASUS ROG Zephyrus G16,Laptop,160000,71,Returning,1,1,135537
P008,Canon,Canon EOS R50,Camera,75000,80,Returning,2,1,64517
P005,Sony,Sony WH-1000XM6,Headphones,32000,21,New,1,0,26992
P002,Samsung,Samsung Galaxy S25 Ultra,Smartphone,95000,36,Returning,1,1,82551
P001,Apple,iPhone 16,Smartphone,80000,83,Returning,1,1,71673
P004,Sony,PlayStation 5,Gaming Console,55000,91,Premium,2,0,48635
P006,Apple,Apple Watch Series 10,Smartwatch,50000,75,Returning,1,1,44757
P010,ASUS,ASUS ROG Zephyrus G16,Laptop,160000,91,Premium,2,1,130098
P006,Apple,Apple Watch Series 10,Smartwatch,50000,85,Returning,3,1,42218
P008,Canon,Canon EOS R50,Camera,75000,90,Premium,3,0,63107
P004,Sony,PlayStation 5,Gaming Console,55000,4,Returning,2,1,50589
P010,ASUS,ASUS ROG Zephyrus G16,Laptop,160000,61,Premium,3,0,134299
P008,Canon,Canon EOS R50,Camera,75000,56,New,2,1,65487
P002,Samsung,Samsung Galaxy S25 Ultra,Smartphone,95000,6,Returning,3,0,85619
P005,Sony,Sony WH-1000XM6,Headphones,32000,94,Premium,3,0,25104
P001,Apple,iPhone 16,Smartphone,80000,99,Returning,1,0,74098
P004,Sony,PlayStation 5,Gaming Console,55000,44,Returning,3,0,49895
P003,Apple,MacBook Air M4,Laptop,110000,68,Returning,3,1,98033
P007,Dell,Dell XPS 13,Laptop,120000,55,Premium,1,1,105316
P006,Apple,Apple Watch Series 10,Smartwatch,50000,40,Premium,2,1,43017
P008,Canon,Canon EOS R50,Camera,75000,42,New,1,0,67058
P002,Samsung,Samsung Galaxy S25 Ultra,Smartphone,95000,65,Returning,1,1,82319
P003,Apple,MacBook Air M4,Laptop,110000,49,Returning,3,1,98336
P002,Samsung,Samsung Galaxy S25 Ultra,Smartphone,95000,68,New,1,1,83453
P010,ASUS,ASUS ROG Zephyrus G16,Laptop,160000,38,New,3,1,134705
P010,ASUS,ASUS ROG Zephyrus G16,Laptop,160000,82,New,2,1,132682
P004,Sony,PlayStation 5,Gaming Console,55000,44,New,2,0,50581
P008,Canon,Canon EOS R50,Camera,75000,98,Premium,3,1,61038
P008,Canon,Canon EOS R50,Camera,75000,93,Returning,3,1,62542
P006,Apple,Apple Watch Series 10,Smartwatch,50000,59,New,2,1,44573
P006,Apple,Apple Watch Series 10,Smartwatch,50000,94,Premium,1,1,42577
P003,Apple,MacBook Air M4,Laptop,110000,22,Returning,3,1,97829
P008,Canon,Canon EOS R50,Camera,75000,76,Premium,1,0,66175
P008,Canon,Canon EOS R50,Camera,75000,42,New,1,1,66103
P003,Apple,MacBook Air M4,Laptop,110000,80,Returning,3,1,97735
P003,Apple,MacBook Air M4,Laptop,110000,27,Premium,2,1,97660
P010,ASUS,ASUS ROG Zephyrus G16,Laptop,160000,73,Premium,1,0,137161
P004,Sony,PlayStation 5,Gaming Console,55000,86,Premium,2,1,46838
P008,Canon,Canon EOS R50,Camera,75000,1,New,3,1,67027
P002,Samsung,Samsung Galaxy S25 Ultra,Smartphone,95000,44,Premium,3,0,82163
P003,Apple,MacBook Air M4,Laptop,110000,37,New,2,1,100081
P006,Apple,Apple Watch Series 10,Smartwatch,50000,29,Premium,3,1,42570
P004,Sony,PlayStation 5,Gaming Console,55000,87,Premium,2,1,47522
P004,Sony,PlayStation 5,Gaming Console,55000,43,New,3,1,48877
P002,Samsung,Samsung Galaxy S25 Ultra,Smartphone,95000,40,New,3,1,81965
P003,Apple,MacBook Air M4,Laptop,110000,3,Returning,1,1,103044
P001,Apple,iPhone 16,Smartphone,80000,51,New,1,1,74806
P007,Dell,Dell XPS 13,Laptop,120000,10,New,3,1,109238
P008,Canon,Canon EOS R50,Camera,75000,25,Returning,1,0,66916
P007,Dell,Dell XPS 13,Laptop,120000,45,Premium,1,0,108208
P009,Apple,iPad Air M3,Tablet,65000,6,Returning,1,0,61742
P002,Samsung,Samsung Galaxy S25 Ultra,Smartphone,95000,50,New,1,0,85848
P004,Sony,PlayStation 5,Gaming Console,55000,8,Premium,2,1,49838
P002,Samsung,Samsung Galaxy S25 Ultra,Smartphone,95000,68,Premium,2,0,82579
P007,Dell,Dell XPS 13,Laptop,120000,7,Premium,1,0,111745
P010,ASUS,ASUS ROG Zephyrus G16,Laptop,160000,26,New,1,1,138032
P009,Apple,iPad Air M3,Tablet,65000,70,New,3,0,59350
P002,Samsung,Samsung Galaxy S25 Ultra,Smartphone,95000,5,Premium,1,1,84547
P007,Dell,Dell XPS 13,Laptop,120000,64,Returning,2,1,105345
P007,Dell,Dell XPS 13,Laptop,120000,44,Returning,2,1,105465
P006,Apple,Apple Watch Series 10,Smartwatch,50000,39,Returning,3,0,44213
P005,Sony,Sony WH-1000XM6,Headphones,32000,65,New,3,1,26245
P005,Sony,Sony WH-1000XM6,Headphones,32000,26,Returning,3,0,25850
P001,Apple,iPhone 16,Smartphone,80000,18,Returning,3,0,76087
P006,Apple,Apple Watch Series 10,Smartwatch,50000,48,New,1,0,46050
P010,ASUS,ASUS ROG Zephyrus G16,Laptop,160000,94,New,1,0,137293
P002,Samsung,Samsung Galaxy S25 Ultra,Smartphone,95000,27,Returning,3,0,82468
P009,Apple,iPad Air M3,Tablet,65000,41,Returning,3,0,58475
P001,Apple,iPhone 16,Smartphone,80000,19,Returning,2,0,76742
P003,Apple,MacBook Air M4,Laptop,110000,55,New,2,1,99888
P002,Samsung,Samsung Galaxy S25 Ultra,Smartphone,95000,41,Premium,1,1,81513
P009,Apple,iPad Air M3,Tablet,65000,62,Returning,1,0,60254
P007,Dell,Dell XPS 13,Laptop,120000,37,Premium,1,1,105776
P003,Apple,MacBook Air M4,Laptop,110000,59,Premium,3,1,96555
P001,Apple,iPhone 16,Smartphone,80000,23,Premium,2,0,73547
P010,ASUS,ASUS ROG Zephyrus G16,Laptop,160000,42,Returning,1,1,135671
P001,Apple,iPhone 16,Smartphone,80000,21,New,3,1,72819
P010,ASUS,ASUS ROG Zephyrus G16,Laptop,160000,27,Returning,2,0,137264
P006,Apple,Apple Watch Series 10,Smartwatch,50000,70,New,3,1,44043
P009,Apple,iPad Air M3,Tablet,65000,78,New,3,1,58200
P010,ASUS,ASUS ROG Zephyrus G16,Laptop,160000,46,New,2,1,136139
P010,ASUS,ASUS ROG Zephyrus G16,Laptop,160000,9,Premium,3,1,135821
P007,Dell,Dell XPS 13,Laptop,120000,85,Returning,2,1,102957
P006,Apple,Apple Watch Series 10,Smartwatch,50000,19,New,3,0,46030
P005,Sony,Sony WH-1000XM6,Headphones,32000,10,Returning,1,1,27593
P003,Apple,MacBook Air M4,Laptop,110000,95,Premium,2,1,95751
P006,Apple,Apple Watch Series 10,Smartwatch,50000,43,Returning,2,0,45306
P002,Samsung,Samsung Galaxy S25 Ultra,Smartphone,95000,65,Premium,2,1,80863
P006,Apple,Apple Watch Series 10,Smartwatch,50000,98,New,1,1,43884
P008,Canon,Canon EOS R50,Camera,75000,6,Premium,3,0,66683
P008,Canon,Canon EOS R50,Camera,75000,19,Premium,2,0,67760
P003,Apple,MacBook Air M4,Laptop,110000,65,Premium,1,0,101516
P005,Sony,Sony WH-1000XM6,Headphones,32000,86,New,2,1,26021
P001,Apple,iPhone 16,Smartphone,80000,82,Returning,1,1,72217
P007,Dell,Dell XPS 13,Laptop,120000,6,Premium,1,0,111523
P002,Samsung,Samsung Galaxy S25 Ultra,Smartphone,95000,29,Premium,2,0,82914
P008,Canon,Canon EOS R50,Camera,75000,76,Premium,1,0,65894
P005,Sony,Sony WH-1000XM6,Headphones,32000,45,Returning,2,0,26559
P006,Apple,Apple Watch Series 10,Smartwatch,50000,37,Premium,1,0,45390
P003,Apple,MacBook Air M4,Laptop,110000,98,Premium,2,1,95903
P009,Apple,iPad Air M3,Tablet,65000,44,New,2,0,59733
P007,Dell,Dell XPS 13,Laptop,120000,67,Premium,1,1,105467
P008,Canon,Canon EOS R50,Camera,75000,15,Premium,2,1,66355
P007,Dell,Dell XPS 13,Laptop,120000,87,Returning,1,1,104324
P009,Apple,iPad Air M3,Tablet,65000,75,Returning,1,0,59730
P004,Sony,PlayStation 5,Gaming Console,55000,50,Returning,2,0,49899
P010,ASUS,ASUS ROG Zephyrus G16,Laptop,160000,48,Returning,1,1,135619
P002,Samsung,Samsung Galaxy S25 Ultra,Smartphone,95000,29,New,3,1,81625
P004,Sony,PlayStation 5,Gaming Console,55000,24,New,2,1,49953
P002,Samsung,Samsung Galaxy S25 Ultra,Smartphone,95000,66,New,2,1,82771
P007,Dell,Dell XPS 13,Laptop,120000,9,Premium,1,0,112071
P003,Apple,MacBook Air M4,Laptop,110000,83,Premium,2,1,96065
P005,Sony,Sony WH-1000XM6,Headphones,32000,72,Premium,2,1,25666
P005,Sony,Sony WH-1000XM6,Headphones,32000,68,Returning,3,1,25857
P004,Sony,PlayStation 5,Gaming Console,55000,11,Premium,2,0,50709
P006,Apple,Apple Watch Series 10,Smartwatch,50000,21,Returning,3,0,44266
P004,Sony,PlayStation 5,Gaming Console,55000,50,Premium,1,0,50330
P006,Apple,Apple Watch Series 10,Smartwatch,50000,73,Premium,1,1,43756
P003,Apple,MacBook Air M4,Laptop,110000,31,New,1,0,103394
P005,Sony,Sony WH-1000XM6,Headphones,32000,52,Premium,3,0,25533
P008,Canon,Canon EOS R50,Camera,75000,50,New,1,0,67584
P009,Apple,iPad Air M3,Tablet,65000,55,New,2,0,60156
P009,Apple,iPad Air M3,Tablet,65000,47,Premium,2,0,58831
P007,Dell,Dell XPS 13,Laptop,120000,1,Returning,1,0,112497
P001,Apple,iPhone 16,Smartphone,80000,53,New,2,1,73581
P004,Sony,PlayStation 5,Gaming Console,55000,83,Premium,2,1,47265
P006,Apple,Apple Watch Series 10,Smartwatch,50000,51,Premium,3,1,42670
P010,ASUS,ASUS ROG Zephyrus G16,Laptop,160000,67,Returning,1,0,139518
P005,Sony,Sony WH-1000XM6,Headphones,32000,2,Premium,1,0,27895
P003,Apple,MacBook Air M4,Laptop,110000,61,New,1,0,103670
P003,Apple,MacBook Air M4,Laptop,110000,40,Premium,1,1,98811
P007,Dell,Dell XPS 13,Laptop,120000,27,Premium,2,0,106999
P004,Sony,PlayStation 5,Gaming Console,55000,44,Returning,1,0,50670
P009,Apple,iPad Air M3,Tablet,65000,89,New,1,0,59504
P009,Apple,iPad Air M3,Tablet,65000,1,Premium,2,1,59167
P007,Dell,Dell XPS 13,Laptop,120000,18,Premium,1,1,108904
P002,Samsung,Samsung Galaxy S25 Ultra,Smartphone,95000,91,New,1,0,83614
P002,Samsung,Samsung Galaxy S25 Ultra,Smartphone,95000,60,Returning,3,0,82978
P004,Sony,PlayStation 5,Gaming Console,55000,82,Returning,2,1,47752
P004,Sony,PlayStation 5,Gaming Console,55000,51,Premium,3,1,47841
P003,Apple,MacBook Air M4,Laptop,110000,65,New,3,0,100862
P007,Dell,Dell XPS 13,Laptop,120000,42,Premium,3,1,103044
P001,Apple,iPhone 16,Smartphone,80000,25,New,3,1,72925
P001,Apple,iPhone 16,Smartphone,80000,92,New,3,1,70731
P004,Sony,PlayStation 5,Gaming Console,55000,63,Returning,1,1,49648
P004,Sony,PlayStation 5,Gaming Console,55000,86,Premium,1,0,48609
P005,Sony,Sony WH-1000XM6,Headphones,32000,95,Returning,1,1,26075
P006,Apple,Apple Watch Series 10,Smartwatch,50000,54,Returning,1,1,44048
P004,Sony,PlayStation 5,Gaming Console,55000,7,Returning,2,1,50668
P001,Apple,iPhone 16,Smartphone,80000,59,New,1,1,74237
P003,Apple,MacBook Air M4,Laptop,110000,37,Premium,2,0,100112
P006,Apple,Apple Watch Series 10,Smartwatch,50000,21,Premium,3,0,44019
P009,Apple,iPad Air M3,Tablet,65000,22,New,3,0,58985
P002,Samsung,Samsung Galaxy S25 Ultra,Smartphone,95000,36,Premium,2,1,80758
P007,Dell,Dell XPS 13,Laptop,120000,35,Premium,1,0,107909
P002,Samsung,Samsung Galaxy S25 Ultra,Smartphone,95000,53,Returning,2,1,82059
P006,Apple,Apple Watch Series 10,Smartwatch,50000,18,Premium,1,0,46720
P007,Dell,Dell XPS 13,Laptop,120000,14,Premium,3,1,106972
P005,Sony,Sony WH-1000XM6,Headphones,32000,91,Premium,3,0,25690
P003,Apple,MacBook Air M4,Laptop,110000,73,Returning,3,1,97994
P005,Sony,Sony WH-1000XM6,Headphones,32000,25,Premium,3,1,25538
P006,Apple,Apple Watch Series 10,Smartwatch,50000,59,Returning,2,1,43578
P004,Sony,PlayStation 5,Gaming Console,55000,70,Premium,2,1,48540
P006,Apple,Apple Watch Series 10,Smartwatch,50000,3,Premium,1,0,46714
P006,Apple,Apple Watch Series 10,Smartwatch,50000,77,Returning,3,1,43762
P008,Canon,Canon EOS R50,Camera,75000,66,New,1,0,67577
P006,Apple,Apple Watch Series 10,Smartwatch,50000,97,Premium,1,1,43326
P001,Apple,iPhone 16,Smartphone,80000,15,Premium,2,0,75657
P008,Canon,Canon EOS R50,Camera,75000,4,Returning,2,0,68325
P006,Apple,Apple Watch Series 10,Smartwatch,50000,86,New,2,0,44722
P009,Apple,iPad Air M3,Tablet,65000,64,Premium,1,1,57489
P001,Apple,iPhone 16,Smartphone,80000,86,New,1,0,74848
P004,Sony,PlayStation 5,Gaming Console,55000,71,Premium,1,0,49711
P001,Apple,iPhone 16,Smartphone,80000,98,Premium,3,1,69505
P008,Canon,Canon EOS R50,Camera,75000,55,New,2,0,67216
P001,Apple,iPhone 16,Smartphone,80000,26,Premium,2,0,73402
P005,Sony,Sony WH-1000XM6,Headphones,32000,65,New,2,1,26170
P008,Canon,Canon EOS R50,Camera,75000,1,Returning,3,0,67593
P001,Apple,iPhone 16,Smartphone,80000,45,Returning,3,1,72002
P005,Sony,Sony WH-1000XM6,Headphones,32000,25,Premium,2,1,25589
P001,Apple,iPhone 16,Smartphone,80000,41,Returning,2,1,72506
P010,ASUS,ASUS ROG Zephyrus G16,Laptop,160000,32,New,2,1,136243
P010,ASUS,ASUS ROG Zephyrus G16,Laptop,160000,1,Premium,3,1,135777
P007,Dell,Dell XPS 13,Laptop,120000,71,Premium,3,1,103464
P004,Sony,PlayStation 5,Gaming Console,55000,92,Premium,1,1,47879
P009,Apple,iPad Air M3,Tablet,65000,55,Premium,1,0,59520
P003,Apple,MacBook Air M4,Laptop,110000,43,New,1,0,103890
P010,ASUS,ASUS ROG Zephyrus G16,Laptop,160000,23,Returning,2,0,137423
P005,Sony,Sony WH-1000XM6,Headphones,32000,64,Premium,1,0,26637
P006,Apple,Apple Watch Series 10,Smartwatch,50000,67,New,2,0,45869
P002,Samsung,Samsung Galaxy S25 Ultra,Smartphone,95000,100,Returning,2,0,82051
P006,Apple,Apple Watch Series 10,Smartwatch,50000,78,Returning,3,0,44041
P001,Apple,iPhone 16,Smartphone,80000,10,Premium,3,0,75689
P001,Apple,iPhone 16,Smartphone,80000,58,New,3,1,72563
P007,Dell,Dell XPS 13,Laptop,120000,57,Premium,1,1,105845
P008,Canon,Canon EOS R50,Camera,75000,37,New,2,0,67089
P010,ASUS,ASUS ROG Zephyrus G16,Laptop,160000,82,New,3,1,130807
P004,Sony,PlayStation 5,Gaming Console,55000,14,Premium,3,1,49969
P010,ASUS,ASUS ROG Zephyrus G16,Laptop,160000,49,Returning,1,0,138846
P002,Samsung,Samsung Galaxy S25 Ultra,Smartphone,95000,26,New,2,1,82278
P009,Apple,iPad Air M3,Tablet,65000,82,Returning,3,0,57067
P002,Samsung,Samsung Galaxy S25 Ultra,Smartphone,95000,14,New,3,0,86151
P006,Apple,Apple Watch Series 10,Smartwatch,50000,77,Returning,3,0,44591
P005,Sony,Sony WH-1000XM6,Headphones,32000,22,Premium,3,1,24844
P003,Apple,MacBook Air M4,Laptop,110000,41,Premium,2,0,100346
P004,Sony,PlayStation 5,Gaming Console,55000,98,New,1,1,49145
P007,Dell,Dell XPS 13,Laptop,120000,60,Returning,2,0,108147
P007,Dell,Dell XPS 13,Laptop,120000,22,Premium,3,1,103617
P002,Samsung,Samsung Galaxy S25 Ultra,Smartphone,95000,26,Returning,1,0,84627
P010,ASUS,ASUS ROG Zephyrus G16,Laptop,160000,61,Premium,1,1,134193
P005,Sony,Sony WH-1000XM6,Headphones,32000,86,Premium,3,0,24801
P009,Apple,iPad Air M3,Tablet,65000,13,Premium,1,1,59544
P003,Apple,MacBook Air M4,Laptop,110000,89,Premium,3,0,96948
P010,ASUS,ASUS ROG Zephyrus G16,Laptop,160000,88,Returning,3,0,132484
P007,Dell,Dell XPS 13,Laptop,120000,97,Returning,1,0,107198
P001,Apple,iPhone 16,Smartphone,80000,61,New,2,1,73672
P002,Samsung,Samsung Galaxy S25 Ultra,Smartphone,95000,71,Returning,1,0,84278
P002,Samsung,Samsung Galaxy S25 Ultra,Smartphone,95000,10,Returning,3,1,83157
P006,Apple,Apple Watch Series 10,Smartwatch,50000,57,Returning,2,1,44005
P002,Samsung,Samsung Galaxy S25 Ultra,Smartphone,95000,76,New,3,0,83881
P001,Apple,iPhone 16,Smartphone,80000,30,New,1,1,74227
P008,Canon,Canon EOS R50,Camera,75000,35,New,2,0,66493
P001,Apple,iPhone 16,Smartphone,80000,27,Returning,1,1,73548
P008,Canon,Canon EOS R50,Camera,75000,68,Returning,1,0,66522
P010,ASUS,ASUS ROG Zephyrus G16,Laptop,160000,61,Premium,1,1,134231
P006,Apple,Apple Watch Series 10,Smartwatch,50000,97,Returning,1,0,44945
P007,Dell,Dell XPS 13,Laptop,120000,37,Premium,2,1,104870
P005,Sony,Sony WH-1000XM6,Headphones,32000,90,Returning,1,1,25423
P004,Sony,PlayStation 5,Gaming Console,55000,58,Returning,1,1,49454
P005,Sony,Sony WH-1000XM6,Headphones,32000,39,Premium,3,0,26296
P006,Apple,Apple Watch Series 10,Smartwatch,50000,18,Premium,2,0,46224
P002,Samsung,Samsung Galaxy S25 Ultra,Smartphone,95000,67,Returning,1,0,84888
P002,Samsung,Samsung Galaxy S25 Ultra,Smartphone,95000,41,Premium,2,1,81164
P004,Sony,PlayStation 5,Gaming Console,55000,30,Premium,2,0,49327
P008,Canon,Canon EOS R50,Camera,75000,55,Returning,3,1,63756
P001,Apple,iPhone 16,Smartphone,80000,84,Returning,1,1,72268
P009,Apple,iPad Air M3,Tablet,65000,2,Premium,3,0,59816
P004,Sony,PlayStation 5,Gaming Console,55000,9,Premium,1,1,50544
P006,Apple,Apple Watch Series 10,Smartwatch,50000,90,New,1,1,43827
P009,Apple,iPad Air M3,Tablet,65000,55,New,1,1,59414
P006,Apple,Apple Watch Series 10,Smartwatch,50000,49,New,3,0,45374
P004,Sony,PlayStation 5,Gaming Console,55000,100,Premium,3,0,47600
P005,Sony,Sony WH-1000XM6,Headphones,32000,80,Returning,1,1,26527
P006,Apple,Apple Watch Series 10,Smartwatch,50000,58,New,2,0,45324
P006,Apple,Apple Watch Series 10,Smartwatch,50000,93,Returning,3,0,43412
P004,Sony,PlayStation 5,Gaming Console,55000,69,Premium,1,0,50373
P003,Apple,MacBook Air M4,Laptop,110000,35,Premium,3,0,98975
P002,Samsung,Samsung Galaxy S25 Ultra,Smartphone,95000,49,New,3,1,81991
P003,Apple,MacBook Air M4,Laptop,110000,92,Premium,3,1,94693
P008,Canon,Canon EOS R50,Camera,75000,95,Returning,2,1,63240
P003,Apple,MacBook Air M4,Laptop,110000,28,Premium,2,0,99814
P009,Apple,iPad Air M3,Tablet,65000,45,Premium,2,1,57273
P008,Canon,Canon EOS R50,Camera,75000,97,Premium,1,1,63039
P002,Samsung,Samsung Galaxy S25 Ultra,Smartphone,95000,74,New,1,0,85183
P010,ASUS,ASUS ROG Zephyrus G16,Laptop,160000,36,New,3,0,138055
P004,Sony,PlayStation 5,Gaming Console,55000,18,Premium,3,0,50987
P007,Dell,Dell XPS 13,Laptop,120000,24,Returning,1,1,107188
P002,Samsung,Samsung Galaxy S25 Ultra,Smartphone,95000,65,Returning,2,1,81576
P005,Sony,Sony WH-1000XM6,Headphones,32000,9,Premium,3,0,26705
P009,Apple,iPad Air M3,Tablet,65000,68,New,1,1,59434
P001,Apple,iPhone 16,Smartphone,80000,7,New,2,1,75730
P001,Apple,iPhone 16,Smartphone,80000,26,New,3,0,74341
P008,Canon,Canon EOS R50,Camera,75000,25,Returning,3,1,64141
P010,ASUS,ASUS ROG Zephyrus G16,Laptop,160000,2,Returning,2,1,139068
P008,Canon,Canon EOS R50,Camera,75000,13,Returning,3,1,66169
P003,Apple,MacBook Air M4,Laptop,110000,12,New,1,1,104061
P009,Apple,iPad Air M3,Tablet,65000,54,New,3,1,58278
P009,Apple,iPad Air M3,Tablet,65000,41,Returning,2,0,58955
P008,Canon,Canon EOS R50,Camera,75000,50,New,3,0,65715
P001,Apple,iPhone 16,Smartphone,80000,74,New,2,1,73281
P009,Apple,iPad Air M3,Tablet,65000,77,Premium,3,1,56454
P008,Canon,Canon EOS R50,Camera,75000,86,New,2,0,64829
P007,Dell,Dell XPS 13,Laptop,120000,26,New,1,1,107896
P001,Apple,iPhone 16,Smartphone,80000,14,Returning,1,1,76490
P003,Apple,MacBook Air M4,Laptop,110000,66,New,1,0,103617
P007,Dell,Dell XPS 13,Laptop,120000,40,Premium,1,1,105901
P008,Canon,Canon EOS R50,Camera,75000,37,Premium,1,0,65943
P004,Sony,PlayStation 5,Gaming Console,55000,33,Premium,3,0,49329
P001,Apple,iPhone 16,Smartphone,80000,30,New,1,0,75897
P007,Dell,Dell XPS 13,Laptop,120000,31,Returning,2,0,108269
P003,Apple,MacBook Air M4,Laptop,110000,68,Returning,2,1,98813
P002,Samsung,Samsung Galaxy S25 Ultra,Smartphone,95000,38,New,3,1,81664
P010,ASUS,ASUS ROG Zephyrus G16,Laptop,160000,49,New,1,1,137177
P002,Samsung,Samsung Galaxy S25 Ultra,Smartphone,95000,82,New,3,1,79839
P007,Dell,Dell XPS 13,Laptop,120000,11,New,2,1,110665
P001,Apple,iPhone 16,Smartphone,80000,95,Premium,1,0,73187
P007,Dell,Dell XPS 13,Laptop,120000,1,Returning,2,0,111752
P002,Samsung,Samsung Galaxy S25 Ultra,Smartphone,95000,57,Returning,3,1,80454
P009,Apple,iPad Air M3,Tablet,65000,82,Premium,1,1,56962
P003,Apple,MacBook Air M4,Laptop,110000,40,Returning,1,0,102226
P007,Dell,Dell XPS 13,Laptop,120000,81,Returning,3,1,101827
P008,Canon,Canon EOS R50,Camera,75000,29,New,1,1,65857
P001,Apple,iPhone 16,Smartphone,80000,23,Premium,2,0,74018
P004,Sony,PlayStation 5,Gaming Console,55000,100,Premium,3,0,47704
P005,Sony,Sony WH-1000XM6,Headphones,32000,96,Returning,1,1,25178
P002,Samsung,Samsung Galaxy S25 Ultra,Smartphone,95000,83,New,3,1,80074
P003,Apple,MacBook Air M4,Laptop,110000,79,Premium,2,0,99772
P004,Sony,PlayStation 5,Gaming Console,55000,85,Premium,1,1,48004
P001,Apple,iPhone 16,Smartphone,80000,55,Returning,2,0,74158
P009,Apple,iPad Air M3,Tablet,65000,44,New,1,0,60744
P002,Samsung,Samsung Galaxy S25 Ultra,Smartphone,95000,64,New,2,1,82738
P006,Apple,Apple Watch Series 10,Smartwatch,50000,46,Returning,3,0,44174
P010,ASUS,ASUS ROG Zephyrus G16,Laptop,160000,71,Premium,1,1,134671
P010,ASUS,ASUS ROG Zephyrus G16,Laptop,160000,23,New,1,0,140819
P009,Apple,iPad Air M3,Tablet,65000,10,Returning,3,0,59998
P009,Apple,iPad Air M3,Tablet,65000,76,Premium,2,0,58113
P008,Canon,Canon EOS R50,Camera,75000,51,Premium,1,0,66495
P003,Apple,MacBook Air M4,Laptop,110000,54,Premium,2,0,99942
P001,Apple,iPhone 16,Smartphone,80000,42,New,2,0,75429
P003,Apple,MacBook Air M4,Laptop,110000,36,Premium,3,0,98737
P010,ASUS,ASUS ROG Zephyrus G16,Laptop,160000,38,New,1,0,141137
P003,Apple,MacBook Air M4,Laptop,110000,47,New,3,0,101198
P005,Sony,Sony WH-1000XM6,Headphones,32000,77,Returning,1,0,26954
P004,Sony,PlayStation 5,Gaming Console,55000,65,Returning,2,0,50326
P004,Sony,PlayStation 5,Gaming Console,55000,62,Premium,2,1,48163
P004,Sony,PlayStation 5,Gaming Console,55000,77,Premium,3,1,47508
P009,Apple,iPad Air M3,Tablet,65000,97,Returning,3,0,56895
P004,Sony,PlayStation 5,Gaming Console,55000,4,Premium,2,1,50390
P002,Samsung,Samsung Galaxy S25 Ultra,Smartphone,95000,37,Premium,2,0,82999
P003,Apple,MacBook Air M4,Laptop,110000,76,Premium,1,1,99331
P001,Apple,iPhone 16,Smartphone,80000,43,New,2,1,73776
P002,Samsung,Samsung Galaxy S25 Ultra,Smartphone,95000,43,Premium,1,1,81320
P009,Apple,iPad Air M3,Tablet,65000,17,New,2,1,60124
P002,Samsung,Samsung Galaxy S25 Ultra,Smartphone,95000,8,Premium,1,1,84309
P005,Sony,Sony WH-1000XM6,Headphones,32000,33,Returning,3,0,26321
P002,Samsung,Samsung Galaxy S25 Ultra,Smartphone,95000,89,New,2,0,82646
P005,Sony,Sony WH-1000XM6,Headphones,32000,92,New,1,0,26787
P005,Sony,Sony WH-1000XM6,Headphones,32000,46,Returning,3,1,26037
P009,Apple,iPad Air M3,Tablet,65000,51,Returning,3,1,57472
P004,Sony,PlayStation 5,Gaming Console,55000,62,Returning,2,1,48864
P007,Dell,Dell XPS 13,Laptop,120000,1,Returning,1,0,112703
P007,Dell,Dell XPS 13,Laptop,120000,94,New,2,1,104169
P002,Samsung,Samsung Galaxy S25 Ultra,Smartphone,95000,19,New,3,0,86506
P001,Apple,iPhone 16,Smartphone,80000,25,Returning,3,0,73613
P003,Apple,MacBook Air M4,Laptop,110000,46,New,3,1,98504
P005,Sony,Sony WH-1000XM6,Headphones,32000,28,Premium,1,1,25539
P007,Dell,Dell XPS 13,Laptop,120000,3,New,2,1,110394
P008,Canon,Canon EOS R50,Camera,75000,48,New,3,1,64428
P009,Apple,iPad Air M3,Tablet,65000,38,Premium,1,0,59332
P002,Samsung,Samsung Galaxy S25 Ultra,Smartphone,95000,55,New,2,1,82685
P002,Samsung,Samsung Galaxy S25 Ultra,Smartphone,95000,59,Returning,1,1,83004
P009,Apple,iPad Air M3,Tablet,65000,9,New,2,0,61749
P007,Dell,Dell XPS 13,Laptop,120000,35,New,3,0,108274
P010,ASUS,ASUS ROG Zephyrus G16,Laptop,160000,29,New,1,1,137346
P010,ASUS,ASUS ROG Zephyrus G16,Laptop,160000,47,New,3,1,133942
P009,Apple,iPad Air M3,Tablet,65000,84,Premium,2,0,56885
P010,ASUS,ASUS ROG Zephyrus G16,Laptop,160000,72,Returning,1,1,136221
P001,Apple,iPhone 16,Smartphone,80000,12,New,2,1,76355
P005,Sony,Sony WH-1000XM6,Headphones,32000,59,Returning,2,1,25626
P008,Canon,Canon EOS R50,Camera,75000,60,New,2,0,66839
P007,Dell,Dell XPS 13,Laptop,120000,59,Premium,1,1,105473
P007,Dell,Dell XPS 13,Laptop,120000,44,Premium,2,1,104138
P010,ASUS,ASUS ROG Zephyrus G16,Laptop,160000,50,New,1,0,141091
P005,Sony,Sony WH-1000XM6,Headphones,32000,3,Returning,2,0,27950
P007,Dell,Dell XPS 13,Laptop,120000,70,Premium,3,0,106044
P001,Apple,iPhone 16,Smartphone,80000,67,Premium,1,1,73129
P002,Samsung,Samsung Galaxy S25 Ultra,Smartphone,95000,91,Premium,2,1,78789
P010,ASUS,ASUS ROG Zephyrus G16,Laptop,160000,82,Returning,1,0,135985
P003,Apple,MacBook Air M4,Laptop,110000,14,Premium,3,1,100277
P008,Canon,Canon EOS R50,Camera,75000,9,Premium,3,1,65725
P010,ASUS,ASUS ROG Zephyrus G16,Laptop,160000,76,New,2,1,136018
P008,Canon,Canon EOS R50,Camera,75000,24,New,2,0,66565
P002,Samsung,Samsung Galaxy S25 Ultra,Smartphone,95000,16,New,2,1,85450
P009,Apple,iPad Air M3,Tablet,65000,92,Returning,2,0,58313
P003,Apple,MacBook Air M4,Laptop,110000,50,Returning,2,0,101262
P002,Samsung,Samsung Galaxy S25 Ultra,Smartphone,95000,71,New,3,0,83270
P008,Canon,Canon EOS R50,Camera,75000,98,Premium,3,1,61933
P003,Apple,MacBook Air M4,Laptop,110000,34,Premium,3,0,99139
P007,Dell,Dell XPS 13,Laptop,120000,4,Premium,3,1,106402
P006,Apple,Apple Watch Series 10,Smartwatch,50000,87,Premium,2,1,42197
P008,Canon,Canon EOS R50,Camera,75000,92,New,1,1,64219
P008,Canon,Canon EOS R50,Camera,75000,54,New,1,1,65877
P010,ASUS,ASUS ROG Zephyrus G16,Laptop,160000,52,Returning,1,1,136341
P002,Samsung,Samsung Galaxy S25 Ultra,Smartphone,95000,56,Premium,2,1,80810
P002,Samsung,Samsung Galaxy S25 Ultra,Smartphone,95000,35,Premium,2,0,82154
P001,Apple,iPhone 16,Smartphone,80000,96,Premium,2,0,72303
P008,Canon,Canon EOS R50,Camera,75000,48,Returning,1,0,66494
P002,Samsung,Samsung Galaxy S25 Ultra,Smartphone,95000,7,Premium,2,1,84092
P001,Apple,iPhone 16,Smartphone,80000,57,Premium,2,0,73698
P007,Dell,Dell XPS 13,Laptop,120000,68,Premium,1,0,108250
P009,Apple,iPad Air M3,Tablet,65000,65,Premium,2,1,56857
P008,Canon,Canon EOS R50,Camera,75000,27,Premium,2,1,63852
P008,Canon,Canon EOS R50,Camera,75000,74,Premium,3,0,64917
P006,Apple,Apple Watch Series 10,Smartwatch,50000,15,Premium,3,1,44706
P004,Sony,PlayStation 5,Gaming Console,55000,53,Returning,3,1,48182
P008,Canon,Canon EOS R50,Camera,75000,94,Returning,3,1,62606
P009,Apple,iPad Air M3,Tablet,65000,90,Premium,3,0,57027
P008,Canon,Canon EOS R50,Camera,75000,9,New,3,1,66442
P010,ASUS,ASUS ROG Zephyrus G16,Laptop,160000,96,Premium,1,1,131363
P010,ASUS,ASUS ROG Zephyrus G16,Laptop,160000,8,Returning,3,1,137570
P002,Samsung,Samsung Galaxy S25 Ultra,Smartphone,95000,72,Returning,1,1,82152
P002,Samsung,Samsung Galaxy S25 Ultra,Smartphone,95000,61,Returning,1,0,84313
P001,Apple,iPhone 16,Smartphone,80000,21,Returning,2,0,73947
P005,Sony,Sony WH-1000XM6,Headphones,32000,16,New,1,1,27718
P007,Dell,Dell XPS 13,Laptop,120000,64,Returning,2,0,107991
P001,Apple,iPhone 16,Smartphone,80000,57,New,1,1,74489
P008,Canon,Canon EOS R50,Camera,75000,14,Returning,2,0,68509
P006,Apple,Apple Watch Series 10,Smartwatch,50000,2,Returning,2,0,46713
P008,Canon,Canon EOS R50,Camera,75000,21,Premium,3,0,64704
P005,Sony,Sony WH-1000XM6,Headphones,32000,27,Premium,3,0,25918
P007,Dell,Dell XPS 13,Laptop,120000,60,Returning,1,0,109568
P008,Canon,Canon EOS R50,Camera,75000,5,New,3,1,66569
P004,Sony,PlayStation 5,Gaming Console,55000,10,Returning,3,0,51238
P002,Samsung,Samsung Galaxy S25 Ultra,Smartphone,95000,41,Premium,2,1,80529
P008,Canon,Canon EOS R50,Camera,75000,17,Returning,2,0,68595
P005,Sony,Sony WH-1000XM6,Headphones,32000,50,Returning,3,0,26409
P001,Apple,iPhone 16,Smartphone,80000,88,New,2,0,73500
P002,Samsung,Samsung Galaxy S25 Ultra,Smartphone,95000,41,Premium,3,1,79333
P003,Apple,MacBook Air M4,Laptop,110000,51,New,1,1,100730
P010,ASUS,ASUS ROG Zephyrus G16,Laptop,160000,61,New,1,0,140458
P001,Apple,iPhone 16,Smartphone,80000,92,Returning,2,1,71145
P007,Dell,Dell XPS 13,Laptop,120000,42,Returning,3,0,106632
P004,Sony,PlayStation 5,Gaming Console,55000,95,Premium,1,1,47510
P002,Samsung,Samsung Galaxy S25 Ultra,Smartphone,95000,89,Returning,3,1,78576
P006,Apple,Apple Watch Series 10,Smartwatch,50000,29,Premium,1,1,44435
P002,Samsung,Samsung Galaxy S25 Ultra,Smartphone,95000,60,Premium,3,0,81574
P009,Apple,iPad Air M3,Tablet,65000,9,New,3,0,61576
P006,Apple,Apple Watch Series 10,Smartwatch,50000,58,New,1,0,45728
P007,Dell,Dell XPS 13,Laptop,120000,100,Returning,3,1,101803
P006,Apple,Apple Watch Series 10,Smartwatch,50000,43,Returning,1,1,44112
P006,Apple,Apple Watch Series 10,Smartwatch,50000,16,New,2,0,47252
P006,Apple,Apple Watch Series 10,Smartwatch,50000,86,Returning,2,0,43872
P003,Apple,MacBook Air M4,Laptop,110000,80,Returning,1,1,100144
P008,Canon,Canon EOS R50,Camera,75000,35,Returning,1,0,67040
P004,Sony,PlayStation 5,Gaming Console,55000,44,Premium,3,1,48021
P003,Apple,MacBook Air M4,Laptop,110000,41,Premium,2,0,100495
P007,Dell,Dell XPS 13,Laptop,120000,32,Returning,2,0,107535
P007,Dell,Dell XPS 13,Laptop,120000,83,New,2,1,103964
P006,Apple,Apple Watch Series 10,Smartwatch,50000,12,Returning,3,1,45211
P006,Apple,Apple Watch Series 10,Smartwatch,50000,10,Premium,1,1,45898
P009,Apple,iPad Air M3,Tablet,65000,33,Premium,2,0,58068
P003,Apple,MacBook Air M4,Laptop,110000,59,New,2,1,100426
P006,Apple,Apple Watch Series 10,Smartwatch,50000,68,Premium,1,0,45139
P008,Canon,Canon EOS R50,Camera,75000,55,Premium,1,0,65702
P005,Sony,Sony WH-1000XM6,Headphones,32000,54,New,2,1,26439
P007,Dell,Dell XPS 13,Laptop,120000,10,Returning,1,1,110688
P006,Apple,Apple Watch Series 10,Smartwatch,50000,32,New,1,0,46367
P005,Sony,Sony WH-1000XM6,Headphones,32000,100,Returning,1,0,25742
P002,Samsung,Samsung Galaxy S25 Ultra,Smartphone,95000,35,Premium,3,0,81371
P010,ASUS,ASUS ROG Zephyrus G16,Laptop,160000,93,Returning,1,1,132344
P009,Apple,iPad Air M3,Tablet,65000,77,Premium,2,0,58458
P005,Sony,Sony WH-1000XM6,Headphones,32000,71,Premium,3,0,26248
P003,Apple,MacBook Air M4,Laptop,110000,52,Premium,1,1,99272
P010,ASUS,ASUS ROG Zephyrus G16,Laptop,160000,32,New,3,0,137633
P001,Apple,iPhone 16,Smartphone,80000,42,Premium,3,0,72637
P009,Apple,iPad Air M3,Tablet,65000,6,Premium,1,1,59316
P004,Sony,PlayStation 5,Gaming Console,55000,28,Returning,3,0,49348
P001,Apple,iPhone 16,Smartphone,80000,71,Premium,1,0,74247
P007,Dell,Dell XPS 13,Laptop,120000,91,New,2,1,104729
P010,ASUS,ASUS ROG Zephyrus G16,Laptop,160000,76,New,3,0,138084
P002,Samsung,Samsung Galaxy S25 Ultra,Smartphone,95000,100,New,1,0,83520
P007,Dell,Dell XPS 13,Laptop,120000,73,Returning,2,0,108411
P003,Apple,MacBook Air M4,Laptop,110000,82,New,1,1,99427
P007,Dell,Dell XPS 13,Laptop,120000,58,Returning,2,0,108017
P002,Samsung,Samsung Galaxy S25 Ultra,Smartphone,95000,20,Premium,3,1,79879
P009,Apple,iPad Air M3,Tablet,65000,25,Returning,1,0,59768
P005,Sony,Sony WH-1000XM6,Headphones,32000,80,Premium,3,1,25378
P006,Apple,Apple Watch Series 10,Smartwatch,50000,77,New,1,1,44504
P010,ASUS,ASUS ROG Zephyrus G16,Laptop,160000,20,New,1,0,140380
P005,Sony,Sony WH-1000XM6,Headphones,32000,96,Returning,2,1,25771
P006,Apple,Apple Watch Series 10,Smartwatch,50000,64,Premium,1,1,43900
P006,Apple,Apple Watch Series 10,Smartwatch,50000,63,Premium,3,0,43716
P001,Apple,iPhone 16,Smartphone,80000,37,Premium,3,1,71569
P001,Apple,iPhone 16,Smartphone,80000,39,New,3,1,72597
P002,Samsung,Samsung Galaxy S25 Ultra,Smartphone,95000,51,Returning,2,0,83641
P007,Dell,Dell XPS 13,Laptop,120000,19,Premium,3,1,106494
P003,Apple,MacBook Air M4,Laptop,110000,99,New,1,0,101183
P003,Apple,MacBook Air M4,Laptop,110000,35,Premium,3,1,96694
P005,Sony,Sony WH-1000XM6,Headphones,32000,13,New,2,0,28254
P004,Sony,PlayStation 5,Gaming Console,55000,86,Premium,2,1,47301
P005,Sony,Sony WH-1000XM6,Headphones,32000,42,Premium,2,0,26256
P001,Apple,iPhone 16,Smartphone,80000,89,Returning,3,0,72090
P004,Sony,PlayStation 5,Gaming Console,55000,40,New,3,0,49927
P005,Sony,Sony WH-1000XM6,Headphones,32000,82,Returning,1,1,25627
P009,Apple,iPad Air M3,Tablet,65000,46,Premium,3,0,57953
P003,Apple,MacBook Air M4,Laptop,110000,2,Returning,3,1,101081
P007,Dell,Dell XPS 13,Laptop,120000,79,New,1,1,108180
P010,ASUS,ASUS ROG Zephyrus G16,Laptop,160000,54,New,2,1,136204
P003,Apple,MacBook Air M4,Laptop,110000,18,New,2,0,105184
P003,Apple,MacBook Air M4,Laptop,110000,61,Returning,1,1,99725
P009,Apple,iPad Air M3,Tablet,65000,27,Premium,3,1,57038
P006,Apple,Apple Watch Series 10,Smartwatch,50000,82,Returning,3,0,43164
P003,Apple,MacBook Air M4,Laptop,110000,66,New,1,1,101209
P002,Samsung,Samsung Galaxy S25 Ultra,Smartphone,95000,87,New,2,0,82727
P005,Sony,Sony WH-1000XM6,Headphones,32000,47,New,1,1,26736
P010,ASUS,ASUS ROG Zephyrus G16,Laptop,160000,37,Returning,2,0,137895
P006,Apple,Apple Watch Series 10,Smartwatch,50000,86,New,2,0,44901
P005,Sony,Sony WH-1000XM6,Headphones,32000,90,New,3,0,25451
P004,Sony,PlayStation 5,Gaming Console,55000,24,New,3,0,50396
P009,Apple,iPad Air M3,Tablet,65000,56,Premium,3,1,57039
P008,Canon,Canon EOS R50,Camera,75000,74,Premium,1,1,64432
P008,Canon,Canon EOS R50,Camera,75000,96,Returning,2,1,63161
P003,Apple,MacBook Air M4,Laptop,110000,97,New,3,0,98581
P001,Apple,iPhone 16,Smartphone,80000,38,New,3,0,74421
P005,Sony,Sony WH-1000XM6,Headphones,32000,32,Premium,2,0,26143
P001,Apple,iPhone 16,Smartphone,80000,11,Premium,3,1,73580
P008,Canon,Canon EOS R50,Camera,75000,80,Returning,3,0,64942
P005,Sony,Sony WH-1000XM6,Headphones,32000,19,New,2,0,27945
P004,Sony,PlayStation 5,Gaming Console,55000,79,New,1,1,49681
P006,Apple,Apple Watch Series 10,Smartwatch,50000,98,Returning,2,1,43288
P003,Apple,MacBook Air M4,Laptop,110000,59,Returning,2,1,98956
P006,Apple,Apple Watch Series 10,Smartwatch,50000,7,New,1,1,46191
P002,Samsung,Samsung Galaxy S25 Ultra,Smartphone,95000,13,Returning,3,1,83542
P001,Apple,iPhone 16,Smartphone,80000,30,Premium,2,0,73643
P004,Sony,PlayStation 5,Gaming Console,55000,75,Returning,3,1,48455
P009,Apple,iPad Air M3,Tablet,65000,39,New,1,1,59123
P006,Apple,Apple Watch Series 10,Smartwatch,50000,89,Premium,3,0,42877
P009,Apple,iPad Air M3,Tablet,65000,77,Returning,2,1,57407
P007,Dell,Dell XPS 13,Laptop,120000,74,Premium,3,0,105798
P010,ASUS,ASUS ROG Zephyrus G16,Laptop,160000,23,Premium,2,0,135633
P001,Apple,iPhone 16,Smartphone,80000,20,Returning,2,1,72383
P007,Dell,Dell XPS 13,Laptop,120000,92,Premium,3,1,100906
P005,Sony,Sony WH-1000XM6,Headphones,32000,53,Premium,2,1,25637
P002,Samsung,Samsung Galaxy S25 Ultra,Smartphone,95000,67,Premium,3,1,79520
P007,Dell,Dell XPS 13,Laptop,120000,96,New,1,1,105733
P005,Sony,Sony WH-1000XM6,Headphones,32000,100,Premium,2,0,25821
P002,Samsung,Samsung Galaxy S25 Ultra,Smartphone,95000,15,Premium,3,1,82916
P008,Canon,Canon EOS R50,Camera,75000,23,New,3,1,64984
P001,Apple,iPhone 16,Smartphone,80000,12,Premium,2,1,74118
P008,Canon,Canon EOS R50,Camera,75000,63,Premium,2,0,65160
P004,Sony,PlayStation 5,Gaming Console,55000,65,Premium,2,1,48199
P010,ASUS,ASUS ROG Zephyrus G16,Laptop,160000,80,Returning,3,1,132883
P002,Samsung,Samsung Galaxy S25 Ultra,Smartphone,95000,91,Returning,3,0,81079
P003,Apple,MacBook Air M4,Laptop,110000,3,New,3,0,104023
P001,Apple,iPhone 16,Smartphone,80000,13,Premium,2,0,76016
P007,Dell,Dell XPS 13,Laptop,120000,86,Returning,3,0,104304
P003,Apple,MacBook Air M4,Laptop,110000,41,New,2,1,99931
P010,ASUS,ASUS ROG Zephyrus G16,Laptop,160000,44,New,2,0,139278
P007,Dell,Dell XPS 13,Laptop,120000,57,New,3,0,108179
P009,Apple,iPad Air M3,Tablet,65000,2,New,3,1,59946
P006,Apple,Apple Watch Series 10,Smartwatch,50000,66,Premium,2,0,44279
P003,Apple,MacBook Air M4,Laptop,110000,85,New,2,1,98297
P010,ASUS,ASUS ROG Zephyrus G16,Laptop,160000,51,Returning,2,0,137734
P005,Sony,Sony WH-1000XM6,Headphones,32000,67,New,1,1,26177
P008,Canon,Canon EOS R50,Camera,75000,16,Premium,2,0,67760
P006,Apple,Apple Watch Series 10,Smartwatch,50000,9,New,3,0,46885
P005,Sony,Sony WH-1000XM6,Headphones,32000,27,New,2,0,27347
P007,Dell,Dell XPS 13,Laptop,120000,60,Returning,3,1,104596
P008,Canon,Canon EOS R50,Camera,75000,64,Returning,1,1,65674
P003,Apple,MacBook Air M4,Laptop,110000,50,Returning,3,1,97730
P001,Apple,iPhone 16,Smartphone,80000,27,Premium,1,0,74206
P010,ASUS,ASUS ROG Zephyrus G16,Laptop,160000,57,Premium,1,1,133901
P008,Canon,Canon EOS R50,Camera,75000,62,New,3,0,66388
P009,Apple,iPad Air M3,Tablet,65000,4,Returning,1,0,61742
P005,Sony,Sony WH-1000XM6,Headphones,32000,51,Returning,3,1,25718
P008,Canon,Canon EOS R50,Camera,75000,86,Returning,2,0,64812
P002,Samsung,Samsung Galaxy S25 Ultra,Smartphone,95000,59,New,1,1,83886
P004,Sony,PlayStation 5,Gaming Console,55000,48,Returning,2,0,50351
P001,Apple,iPhone 16,Smartphone,80000,28,New,2,0,75096
P010,ASUS,ASUS ROG Zephyrus G16,Laptop,160000,48,Premium,1,1,134233
P009,Apple,iPad Air M3,Tablet,65000,58,Premium,3,1,56551
P004,Sony,PlayStation 5,Gaming Console,55000,41,Premium,1,1,49442
P009,Apple,iPad Air M3,Tablet,65000,98,New,3,0,58027
P008,Canon,Canon EOS R50,Camera,75000,23,Premium,3,0,64668
P010,ASUS,ASUS ROG Zephyrus G16,Laptop,160000,39,Returning,2,1,134870
P007,Dell,Dell XPS 13,Laptop,120000,96,Premium,1,0,105796
P007,Dell,Dell XPS 13,Laptop,120000,12,Returning,3,0,110572
P007,Dell,Dell XPS 13,Laptop,120000,86,New,1,1,105280
P008,Canon,Canon EOS R50,Camera,75000,43,Returning,3,1,63511
P004,Sony,PlayStation 5,Gaming Console,55000,75,New,3,1,48515
P010,ASUS,ASUS ROG Zephyrus G16,Laptop,160000,44,Returning,2,0,137116
P001,Apple,iPhone 16,Smartphone,80000,84,Returning,1,1,71648
P002,Samsung,Samsung Galaxy S25 Ultra,Smartphone,95000,7,Returning,3,0,85398
P005,Sony,Sony WH-1000XM6,Headphones,32000,8,Returning,3,1,26951
P001,Apple,iPhone 16,Smartphone,80000,39,Premium,1,0,74109
P006,Apple,Apple Watch Series 10,Smartwatch,50000,98,New,3,1,43266
P004,Sony,PlayStation 5,Gaming Console,55000,78,Returning,2,0,50044
P003,Apple,MacBook Air M4,Laptop,110000,98,Premium,2,1,95651
P008,Canon,Canon EOS R50,Camera,75000,61,Premium,1,1,64369
P005,Sony,Sony WH-1000XM6,Headphones,32000,67,Premium,3,0,25905
P002,Samsung,Samsung Galaxy S25 Ultra,Smartphone,95000,24,Premium,3,1,79923
P010,ASUS,ASUS ROG Zephyrus G16,Laptop,160000,13,Returning,2,0,142897
P008,Canon,Canon EOS R50,Camera,75000,2,New,3,0,68337
P004,Sony,PlayStation 5,Gaming Console,55000,28,Premium,1,0,49681
P007,Dell,Dell XPS 13,Laptop,120000,66,Premium,1,1,105934
P005,Sony,Sony WH-1000XM6,Headphones,32000,54,New,1,0,26955
P007,Dell,Dell XPS 13,Laptop,120000,98,Premium,3,1,100377
P006,Apple,Apple Watch Series 10,Smartwatch,50000,64,Returning,1,0,45759
P010,ASUS,ASUS ROG Zephyrus G16,Laptop,160000,9,Premium,2,0,141017
P006,Apple,Apple Watch Series 10,Smartwatch,50000,9,Premium,3,1,44815
P007,Dell,Dell XPS 13,Laptop,120000,97,New,2,1,104582
P006,Apple,Apple Watch Series 10,Smartwatch,50000,44,Premium,3,0,43658
P004,Sony,PlayStation 5,Gaming Console,55000,89,Returning,2,0,49157
P009,Apple,iPad Air M3,Tablet,65000,42,Premium,2,0,58890
P007,Dell,Dell XPS 13,Laptop,120000,25,New,3,0,108286
P003,Apple,MacBook Air M4,Laptop,110000,71,Premium,1,0,101516
P004,Sony,PlayStation 5,Gaming Console,55000,46,New,3,1,48989
P010,ASUS,ASUS ROG Zephyrus G16,Laptop,160000,64,New,2,0,139059
P010,ASUS,ASUS ROG Zephyrus G16,Laptop,160000,84,Returning,2,1,131665
P003,Apple,MacBook Air M4,Laptop,110000,53,Premium,3,1,97170
P008,Canon,Canon EOS R50,Camera,75000,35,Returning,2,1,64328
P001,Apple,iPhone 16,Smartphone,80000,59,Premium,1,0,74005
P001,Apple,iPhone 16,Smartphone,80000,16,Premium,2,0,76038
P009,Apple,iPad Air M3,Tablet,65000,7,Premium,2,1,59062
P005,Sony,Sony WH-1000XM6,Headphones,32000,45,New,3,1,25975
P002,Samsung,Samsung Galaxy S25 Ultra,Smartphone,95000,84,New,2,0,82261
P001,Apple,iPhone 16,Smartphone,80000,72,Premium,3,1,71198
P010,ASUS,ASUS ROG Zephyrus G16,Laptop,160000,63,Returning,2,1,134345
P002,Samsung,Samsung Galaxy S25 Ultra,Smartphone,95000,76,New,2,1,82535
P004,Sony,PlayStation 5,Gaming Console,55000,50,Premium,2,1,48681
P006,Apple,Apple Watch Series 10,Smartwatch,50000,32,New,1,1,45336
P008,Canon,Canon EOS R50,Camera,75000,57,Returning,3,1,64247
P004,Sony,PlayStation 5,Gaming Console,55000,26,Returning,3,0,49159
P007,Dell,Dell XPS 13,Laptop,120000,22,Premium,1,0,107853
P001,Apple,iPhone 16,Smartphone,80000,24,New,2,1,73311
P009,Apple,iPad Air M3,Tablet,65000,82,Returning,1,1,57020
P001,Apple,iPhone 16,Smartphone,80000,42,New,1,1,73908
P006,Apple,Apple Watch Series 10,Smartwatch,50000,82,New,2,1,43133
P007,Dell,Dell XPS 13,Laptop,120000,4,Premium,2,1,107667
P010,ASUS,ASUS ROG Zephyrus G16,Laptop,160000,10,Returning,2,1,139161
P004,Sony,PlayStation 5,Gaming Console,55000,53,Returning,1,1,49594
P002,Samsung,Samsung Galaxy S25 Ultra,Smartphone,95000,78,Premium,1,1,81969
P005,Sony,Sony WH-1000XM6,Headphones,32000,63,Premium,1,1,25866
P006,Apple,Apple Watch Series 10,Smartwatch,50000,27,Premium,2,1,43536
P008,Canon,Canon EOS R50,Camera,75000,39,Premium,3,1,63424
P006,Apple,Apple Watch Series 10,Smartwatch,50000,58,New,1,0,46318
P010,ASUS,ASUS ROG Zephyrus G16,Laptop,160000,69,Returning,2,1,134881
P010,ASUS,ASUS ROG Zephyrus G16,Laptop,160000,50,New,2,0,139564
P010,ASUS,ASUS ROG Zephyrus G16,Laptop,160000,41,New,2,1,135756
P008,Canon,Canon EOS R50,Camera,75000,62,Returning,2,0,65949
P003,Apple,MacBook Air M4,Laptop,110000,11,New,1,1,104527
P008,Canon,Canon EOS R50,Camera,75000,57,Returning,2,0,66304
P010,ASUS,ASUS ROG Zephyrus G16,Laptop,160000,11,Premium,3,1,135840
P006,Apple,Apple Watch Series 10,Smartwatch,50000,64,Premium,3,0,43629
P003,Apple,MacBook Air M4,Laptop,110000,77,New,3,0,101640
P001,Apple,iPhone 16,Smartphone,80000,42,Premium,1,1,72593
P006,Apple,Apple Watch Series 10,Smartwatch,50000,95,New,2,0,44388
P006,Apple,Apple Watch Series 10,Smartwatch,50000,71,Returning,2,0,44830
P010,ASUS,ASUS ROG Zephyrus G16,Laptop,160000,9,Premium,1,1,139010
P003,Apple,MacBook Air M4,Laptop,110000,38,Returning,1,1,99705
P003,Apple,MacBook Air M4,Laptop,110000,25,Premium,1,0,101660
P001,Apple,iPhone 16,Smartphone,80000,100,Returning,2,0,72507
P006,Apple,Apple Watch Series 10,Smartwatch,50000,25,Premium,2,1,43321
P010,ASUS,ASUS ROG Zephyrus G16,Laptop,160000,86,Premium,1,1,131530
P003,Apple,MacBook Air M4,Laptop,110000,65,New,3,0,101308
P007,Dell,Dell XPS 13,Laptop,120000,1,Premium,2,1,108282
P006,Apple,Apple Watch Series 10,Smartwatch,50000,82,Returning,3,0,43796
P008,Canon,Canon EOS R50,Camera,75000,25,Returning,2,0,65548
P010,ASUS,ASUS ROG Zephyrus G16,Laptop,160000,61,Returning,1,0,139588
P007,Dell,Dell XPS 13,Laptop,120000,50,Returning,1,1,106973
P010,ASUS,ASUS ROG Zephyrus G16,Laptop,160000,64,Premium,2,1,133299
P001,Apple,iPhone 16,Smartphone,80000,97,New,3,1,70984
P006,Apple,Apple Watch Series 10,Smartwatch,50000,85,New,2,0,44615
P007,Dell,Dell XPS 13,Laptop,120000,21,Premium,3,0,105802
P002,Samsung,Samsung Galaxy S25 Ultra,Smartphone,95000,3,Returning,3,0,85727
P003,Apple,MacBook Air M4,Laptop,110000,89,New,2,1,97551
P008,Canon,Canon EOS R50,Camera,75000,67,New,2,1,65145
P004,Sony,PlayStation 5,Gaming Console,55000,3,Returning,3,1,50236
P002,Samsung,Samsung Galaxy S25 Ultra,Smartphone,95000,95,Returning,2,1,79423
P002,Samsung,Samsung Galaxy S25 Ultra,Smartphone,95000,59,Returning,2,0,83698
P009,Apple,iPad Air M3,Tablet,65000,99,Premium,2,0,56984
P006,Apple,Apple Watch Series 10,Smartwatch,50000,71,New,3,1,44186
P001,Apple,iPhone 16,Smartphone,80000,65,Premium,3,1,70707
P008,Canon,Canon EOS R50,Camera,75000,43,Premium,2,0,65457
P009,Apple,iPad Air M3,Tablet,65000,1,Returning,1,1,60296
P010,ASUS,ASUS ROG Zephyrus G16,Laptop,160000,81,Returning,1,1,132834
P004,Sony,PlayStation 5,Gaming Console,55000,80,Returning,1,1,49758
P001,Apple,iPhone 16,Smartphone,80000,45,New,1,0,75918
P010,ASUS,ASUS ROG Zephyrus G16,Laptop,160000,54,Returning,1,0,139498
P003,Apple,MacBook Air M4,Laptop,110000,69,New,2,1,100160
P004,Sony,PlayStation 5,Gaming Console,55000,71,Returning,1,0,50595
P009,Apple,iPad Air M3,Tablet,65000,43,New,2,0,59414
P005,Sony,Sony WH-1000XM6,Headphones,32000,93,Premium,1,1,24866
P004,Sony,PlayStation 5,Gaming Console,55000,61,New,2,0,50102
P007,Dell,Dell XPS 13,Laptop,120000,89,New,3,0,105948
P009,Apple,iPad Air M3,Tablet,65000,48,Premium,1,0,59067
P009,Apple,iPad Air M3,Tablet,65000,34,Premium,3,0,58231
P007,Dell,Dell XPS 13,Laptop,120000,100,Premium,1,1,103153
P003,Apple,MacBook Air M4,Laptop,110000,26,Premium,2,1,97744
P007,Dell,Dell XPS 13,Laptop,120000,6,Returning,2,1,109080
P006,Apple,Apple Watch Series 10,Smartwatch,50000,73,Returning,2,0,45252
P006,Apple,Apple Watch Series 10,Smartwatch,50000,38,New,1,1,45466
P008,Canon,Canon EOS R50,Camera,75000,62,Premium,1,1,65000
P001,Apple,iPhone 16,Smartphone,80000,38,New,1,1,74604
P009,Apple,iPad Air M3,Tablet,65000,84,Premium,3,0,56076
P009,Apple,iPad Air M3,Tablet,65000,41,Returning,3,1,56854
P004,Sony,PlayStation 5,Gaming Console,55000,44,Returning,3,1,48674
P006,Apple,Apple Watch Series 10,Smartwatch,50000,61,Premium,1,0,45039
P001,Apple,iPhone 16,Smartphone,80000,20,Returning,1,0,75512
P005,Sony,Sony WH-1000XM6,Headphones,32000,11,Returning,1,1,27452
P005,Sony,Sony WH-1000XM6,Headphones,32000,75,New,1,1,26448
P001,Apple,iPhone 16,Smartphone,80000,67,Premium,1,1,73084
P002,Samsung,Samsung Galaxy S25 Ultra,Smartphone,95000,12,Returning,3,1,83744
P007,Dell,Dell XPS 13,Laptop,120000,56,New,1,1,107517
P005,Sony,Sony WH-1000XM6,Headphones,32000,57,Premium,3,1,24826
P001,Apple,iPhone 16,Smartphone,80000,6,Returning,2,1,74734
P009,Apple,iPad Air M3,Tablet,65000,76,New,1,1,58673
P007,Dell,Dell XPS 13,Laptop,120000,74,Premium,3,0,106049
P007,Dell,Dell XPS 13,Laptop,120000,40,Premium,2,0,106640
P007,Dell,Dell XPS 13,Laptop,120000,84,Returning,3,0,104842
P004,Sony,PlayStation 5,Gaming Console,55000,84,Returning,1,0,49413
P005,Sony,Sony WH-1000XM6,Headphones,32000,63,New,1,1,26431
P006,Apple,Apple Watch Series 10,Smartwatch,50000,99,Premium,3,0,42996
P001,Apple,iPhone 16,Smartphone,80000,68,Premium,1,0,74257
P002,Samsung,Samsung Galaxy S25 Ultra,Smartphone,95000,98,Returning,3,0,80516
P005,Sony,Sony WH-1000XM6,Headphones,32000,83,Premium,3,1,24551
P004,Sony,PlayStation 5,Gaming Console,55000,86,Premium,1,0,49197
P001,Apple,iPhone 16,Smartphone,80000,34,Returning,1,0,74979
P009,Apple,iPad Air M3,Tablet,65000,98,Premium,3,1,55257
P003,Apple,MacBook Air M4,Laptop,110000,41,New,2,0,102503
P010,ASUS,ASUS ROG Zephyrus G16,Laptop,160000,49,New,3,1,133952
P010,ASUS,ASUS ROG Zephyrus G16,Laptop,160000,75,Premium,2,0,135575
P008,Canon,Canon EOS R50,Camera,75000,2,Premium,3,0,67158
P007,Dell,Dell XPS 13,Laptop,120000,53,Premium,3,0,105328
P001,Apple,iPhone 16,Smartphone,80000,30,Premium,3,1,71088
P010,ASUS,ASUS ROG Zephyrus G16,Laptop,160000,14,Premium,1,0,142273
P001,Apple,iPhone 16,Smartphone,80000,13,Returning,2,1,74967
P007,Dell,Dell XPS 13,Laptop,120000,50,New,2,1,106537
P002,Samsung,Samsung Galaxy S25 Ultra,Smartphone,95000,20,Returning,1,1,82260
P003,Apple,MacBook Air M4,Laptop,110000,57,Returning,3,1,97804
P003,Apple,MacBook Air M4,Laptop,110000,99,New,3,1,97250
P008,Canon,Canon EOS R50,Camera,75000,96,Premium,3,1,61500
P005,Sony,Sony WH-1000XM6,Headphones,32000,47,New,3,0,26706
P010,ASUS,ASUS ROG Zephyrus G16,Laptop,160000,83,Premium,3,1,127622
P008,Canon,Canon EOS R50,Camera,75000,30,Premium,1,0,66276
P006,Apple,Apple Watch Series 10,Smartwatch,50000,100,Returning,1,1,43037
P005,Sony,Sony WH-1000XM6,Headphones,32000,23,Returning,1,1,26594
P005,Sony,Sony WH-1000XM6,Headphones,32000,58,New,2,1,25777
P005,Sony,Sony WH-1000XM6,Headphones,32000,34,New,2,0,26820
P005,Sony,Sony WH-1000XM6,Headphones,32000,37,Returning,3,0,26353
P007,Dell,Dell XPS 13,Laptop,120000,95,Premium,2,1,101763
P002,Samsung,Samsung Galaxy S25 Ultra,Smartphone,95000,85,Premium,3,0,80155
P004,Sony,PlayStation 5,Gaming Console,55000,94,Returning,3,0,48160
P010,ASUS,ASUS ROG Zephyrus G16,Laptop,160000,65,Returning,2,0,137121
P010,ASUS,ASUS ROG Zephyrus G16,Laptop,160000,25,Premium,1,1,134152
P010,ASUS,ASUS ROG Zephyrus G16,Laptop,160000,51,Returning,3,0,135819
P003,Apple,MacBook Air M4,Laptop,110000,61,Premium,2,0,100321
P008,Canon,Canon EOS R50,Camera,75000,37,Premium,3,0,64318
P007,Dell,Dell XPS 13,Laptop,120000,34,Returning,1,0,109145
P002,Samsung,Samsung Galaxy S25 Ultra,Smartphone,95000,25,Returning,1,1,82308
P006,Apple,Apple Watch Series 10,Smartwatch,50000,46,Returning,2,0,45070
P004,Sony,PlayStation 5,Gaming Console,55000,19,Returning,3,0,51501
P002,Samsung,Samsung Galaxy S25 Ultra,Smartphone,95000,27,Premium,2,0,83033
P006,Apple,Apple Watch Series 10,Smartwatch,50000,45,New,1,1,44779
P003,Apple,MacBook Air M4,Laptop,110000,81,Returning,1,1,97747
P001,Apple,iPhone 16,Smartphone,80000,48,Returning,3,0,73622
P005,Sony,Sony WH-1000XM6,Headphones,32000,83,Premium,1,0,25869
P003,Apple,MacBook Air M4,Laptop,110000,61,New,1,1,100892
P004,Sony,PlayStation 5,Gaming Console,55000,40,New,3,0,50222
P010,ASUS,ASUS ROG Zephyrus G16,Laptop,160000,28,Returning,3,0,136250
P004,Sony,PlayStation 5,Gaming Console,55000,20,Returning,2,0,50012
P004,Sony,PlayStation 5,Gaming Console,55000,32,New,2,0,50559
P008,Canon,Canon EOS R50,Camera,75000,93,Returning,2,1,62944
P010,ASUS,ASUS ROG Zephyrus G16,Laptop,160000,43,Premium,3,0,134494
P005,Sony,Sony WH-1000XM6,Headphones,32000,98,Returning,3,1,25115
P008,Canon,Canon EOS R50,Camera,75000,97,Returning,3,0,64249
P010,ASUS,ASUS ROG Zephyrus G16,Laptop,160000,38,Returning,3,0,136306
P002,Samsung,Samsung Galaxy S25 Ultra,Smartphone,95000,26,Returning,2,1,81852
P008,Canon,Canon EOS R50,Camera,75000,21,Premium,2,1,63766
P005,Sony,Sony WH-1000XM6,Headphones,32000,91,Premium,1,1,25015
P007,Dell,Dell XPS 13,Laptop,120000,84,Returning,2,0,105881
P003,Apple,MacBook Air M4,Laptop,110000,5,New,1,1,104126
P004,Sony,PlayStation 5,Gaming Console,55000,14,Returning,2,0,51549
P004,Sony,PlayStation 5,Gaming Console,55000,39,New,1,0,50843
P004,Sony,PlayStation 5,Gaming Console,55000,14,Premium,2,0,51174
P001,Apple,iPhone 16,Smartphone,80000,14,Returning,2,1,75253
P001,Apple,iPhone 16,Smartphone,80000,21,New,2,0,75250
P001,Apple,iPhone 16,Smartphone,80000,16,Premium,1,1,75677
P004,Sony,PlayStation 5,Gaming Console,55000,10,New,2,1,51443
P004,Sony,PlayStation 5,Gaming Console,55000,73,Returning,3,0,49368
P008,Canon,Canon EOS R50,Camera,75000,32,Returning,1,1,65343
P002,Samsung,Samsung Galaxy S25 Ultra,Smartphone,95000,3,Premium,2,1,83112
P009,Apple,iPad Air M3,Tablet,65000,54,New,1,1,59011
P001,Apple,iPhone 16,Smartphone,80000,38,Returning,1,0,75120
P003,Apple,MacBook Air M4,Laptop,110000,19,Returning,2,0,104148
P006,Apple,Apple Watch Series 10,Smartwatch,50000,14,Premium,3,0,45889
P007,Dell,Dell XPS 13,Laptop,120000,83,New,1,1,105144
P007,Dell,Dell XPS 13,Laptop,120000,17,New,1,1,111133
P002,Samsung,Samsung Galaxy S25 Ultra,Smartphone,95000,42,Returning,3,1,81195
P001,Apple,iPhone 16,Smartphone,80000,51,New,3,0,73938
P010,ASUS,ASUS ROG Zephyrus G16,Laptop,160000,79,Returning,3,1,132488
P007,Dell,Dell XPS 13,Laptop,120000,68,Returning,2,1,105150
P009,Apple,iPad Air M3,Tablet,65000,28,Returning,3,0,58781
P007,Dell,Dell XPS 13,Laptop,120000,72,Premium,1,0,107797
P001,Apple,iPhone 16,Smartphone,80000,57,New,2,0,74755
P009,Apple,iPad Air M3,Tablet,65000,88,Returning,1,1,57472
P004,Sony,PlayStation 5,Gaming Console,55000,75,New,1,0,51267
P003,Apple,MacBook Air M4,Laptop,110000,4,New,2,1,103081
P007,Dell,Dell XPS 13,Laptop,120000,6,Returning,1,0,112967
P005,Sony,Sony WH-1000XM6,Headphones,32000,64,Returning,3,1,26014
P008,Canon,Canon EOS R50,Camera,75000,80,Premium,3,0,64064
P004,Sony,PlayStation 5,Gaming Console,55000,22,Returning,1,0,51011
P006,Apple,Apple Watch Series 10,Smartwatch,50000,23,New,3,0,44677
P003,Apple,MacBook Air M4,Laptop,110000,74,Returning,3,0,100587
P006,Apple,Apple Watch Series 10,Smartwatch,50000,33,New,1,1,45106
P004,Sony,PlayStation 5,Gaming Console,55000,71,Premium,2,1,48689
P006,Apple,Apple Watch Series 10,Smartwatch,50000,38,New,3,0,45018
P009,Apple,iPad Air M3,Tablet,65000,52,Returning,2,1,57815
P009,Apple,iPad Air M3,Tablet,65000,7,New,2,0,62004
P005,Sony,Sony WH-1000XM6,Headphones,32000,97,Returning,1,1,25520
P010,ASUS,ASUS ROG Zephyrus G16,Laptop,160000,67,New,2,1,135868
P006,Apple,Apple Watch Series 10,Smartwatch,50000,83,New,2,1,43557
P004,Sony,PlayStation 5,Gaming Console,55000,70,Returning,2,0,49563
P008,Canon,Canon EOS R50,Camera,75000,96,Returning,1,0,65499
P004,Sony,PlayStation 5,Gaming Console,55000,15,Returning,1,0,52395
P002,Samsung,Samsung Galaxy S25 Ultra,Smartphone,95000,30,Returning,3,0,82439
P004,Sony,PlayStation 5,Gaming Console,55000,27,New,1,1,50239
P007,Dell,Dell XPS 13,Laptop,120000,75,Returning,2,0,107618
P001,Apple,iPhone 16,Smartphone,80000,11,Returning,2,0,76392
P010,ASUS,ASUS ROG Zephyrus G16,Laptop,160000,87,New,1,1,134090
P001,Apple,iPhone 16,Smartphone,80000,56,New,1,1,73955
P010,ASUS,ASUS ROG Zephyrus G16,Laptop,160000,27,New,2,1,135633
P007,Dell,Dell XPS 13,Laptop,120000,52,New,1,0,110288
P002,Samsung,Samsung Galaxy S25 Ultra,Smartphone,95000,38,New,3,0,83294
P002,Samsung,Samsung Galaxy S25 Ultra,Smartphone,95000,1,New,2,0,87607
P008,Canon,Canon EOS R50,Camera,75000,16,Premium,3,1,65074
P008,Canon,Canon EOS R50,Camera,75000,95,Returning,1,1,64030
P002,Samsung,Samsung Galaxy S25 Ultra,Smartphone,95000,78,Premium,3,1,79329
P009,Apple,iPad Air M3,Tablet,65000,10,Premium,3,0,59305
P006,Apple,Apple Watch Series 10,Smartwatch,50000,53,Returning,1,1,44161
P007,Dell,Dell XPS 13,Laptop,120000,29,Returning,3,1,103989
P008,Canon,Canon EOS R50,Camera,75000,56,New,2,0,66520
P002,Samsung,Samsung Galaxy S25 Ultra,Smartphone,95000,31,Premium,1,0,83821
P003,Apple,MacBook Air M4,Laptop,110000,68,Returning,2,0,100755
P007,Dell,Dell XPS 13,Laptop,120000,54,Returning,3,1,103922
P003,Apple,MacBook Air M4,Laptop,110000,38,Premium,1,0,101075
P008,Canon,Canon EOS R50,Camera,75000,57,Returning,2,0,66180
P005,Sony,Sony WH-1000XM6,Headphones,32000,75,New,2,1,25827
P008,Canon,Canon EOS R50,Camera,75000,44,New,1,0,67730
P008,Canon,Canon EOS R50,Camera,75000,88,Premium,3,1,61710
P006,Apple,Apple Watch Series 10,Smartwatch,50000,21,Returning,1,1,44539
P008,Canon,Canon EOS R50,Camera,75000,67,Premium,3,0,64410
P009,Apple,iPad Air M3,Tablet,65000,32,New,2,0,59624
P002,Samsung,Samsung Galaxy S25 Ultra,Smartphone,95000,12,New,2,0,87640
P005,Sony,Sony WH-1000XM6,Headphones,32000,15,New,2,1,27073
P005,Sony,Sony WH-1000XM6,Headphones,32000,54,Returning,1,0,27317
P004,Sony,PlayStation 5,Gaming Console,55000,57,New,3,1,49367
P005,Sony,Sony WH-1000XM6,Headphones,32000,12,Premium,1,1,26791
P010,ASUS,ASUS ROG Zephyrus G16,Laptop,160000,42,Returning,2,0,137655
P006,Apple,Apple Watch Series 10,Smartwatch,50000,61,Premium,1,0,44760
P001,Apple,iPhone 16,Smartphone,80000,16,Premium,1,1,75112
P002,Samsung,Samsung Galaxy S25 Ultra,Smartphone,95000,60,New,2,0,84261
P001,Apple,iPhone 16,Smartphone,80000,15,New,3,0,76762
P004,Sony,PlayStation 5,Gaming Console,55000,69,New,1,0,51115
P003,Apple,MacBook Air M4,Laptop,110000,4,New,2,1,103501
P007,Dell,Dell XPS 13,Laptop,120000,46,Returning,2,0,107531
P002,Samsung,Samsung Galaxy S25 Ultra,Smartphone,95000,73,New,3,1,81497
P003,Apple,MacBook Air M4,Laptop,110000,100,Returning,3,0,98126
P008,Canon,Canon EOS R50,Camera,75000,71,New,2,0,66375
P007,Dell,Dell XPS 13,Laptop,120000,36,New,2,0,109010
P002,Samsung,Samsung Galaxy S25 Ultra,Smartphone,95000,16,Returning,2,1,84948
P005,Sony,Sony WH-1000XM6,Headphones,32000,85,Returning,2,0,25701
P009,Apple,iPad Air M3,Tablet,65000,19,New,1,0,62559
P007,Dell,Dell XPS 13,Laptop,120000,38,New,3,0,108315
P002,Samsung,Samsung Galaxy S25 Ultra,Smartphone,95000,55,Premium,2,1,80306
P004,Sony,PlayStation 5,Gaming Console,55000,67,Premium,2,0,49642
P006,Apple,Apple Watch Series 10,Smartwatch,50000,79,New,1,1,45441
P007,Dell,Dell XPS 13,Laptop,120000,51,Returning,1,0,109565
P008,Canon,Canon EOS R50,Camera,75000,37,Returning,2,1,64192
P004,Sony,PlayStation 5,Gaming Console,55000,13,Returning,2,1,50109
P007,Dell,Dell XPS 13,Laptop,120000,5,Returning,3,1,107605
P002,Samsung,Samsung Galaxy S25 Ultra,Smartphone,95000,89,New,2,0,83103
P004,Sony,PlayStation 5,Gaming Console,55000,83,Premium,2,1,47560
P004,Sony,PlayStation 5,Gaming Console,55000,81,New,3,0,49419
P008,Canon,Canon EOS R50,Camera,75000,70,Premium,3,0,64654
P008,Canon,Canon EOS R50,Camera,75000,69,Returning,3,1,63713
P007,Dell,Dell XPS 13,Laptop,120000,7,New,3,0,111114
P005,Sony,Sony WH-1000XM6,Headphones,32000,14,Premium,3,1,26389
P005,Sony,Sony WH-1000XM6,Headphones,32000,82,Returning,2,1,25637
P008,Canon,Canon EOS R50,Camera,75000,31,New,2,0,66630
P010,ASUS,ASUS ROG Zephyrus G16,Laptop,160000,61,New,2,1,135535
P002,Samsung,Samsung Galaxy S25 Ultra,Smartphone,95000,86,Returning,3,1,78509
P006,Apple,Apple Watch Series 10,Smartwatch,50000,31,New,3,1,44316
P006,Apple,Apple Watch Series 10,Smartwatch,50000,7,Returning,1,0,46985
P001,Apple,iPhone 16,Smartphone,80000,11,Premium,1,1,75336
P007,Dell,Dell XPS 13,Laptop,120000,72,Premium,3,1,102975
P001,Apple,iPhone 16,Smartphone,80000,95,Premium,2,0,72078
P001,Apple,iPhone 16,Smartphone,80000,42,Premium,3,1,70733
P010,ASUS,ASUS ROG Zephyrus G16,Laptop,160000,45,Returning,3,0,136014
P002,Samsung,Samsung Galaxy S25 Ultra,Smartphone,95000,68,Returning,2,0,83499
P007,Dell,Dell XPS 13,Laptop,120000,65,New,2,0,109458
P010,ASUS,ASUS ROG Zephyrus G16,Laptop,160000,78,Premium,1,1,133978
P007,Dell,Dell XPS 13,Laptop,120000,82,New,1,1,105982
P005,Sony,Sony WH-1000XM6,Headphones,32000,5,Premium,3,1,25921
P008,Canon,Canon EOS R50,Camera,75000,66,Premium,3,0,64522
P009,Apple,iPad Air M3,Tablet,65000,95,Premium,3,0,56453
P009,Apple,iPad Air M3,Tablet,65000,26,New,1,0,60933
P002,Samsung,Samsung Galaxy S25 Ultra,Smartphone,95000,59,Premium,2,0,83049
P009,Apple,iPad Air M3,Tablet,65000,20,New,1,0,60928
P002,Samsung,Samsung Galaxy S25 Ultra,Smartphone,95000,24,Returning,2,1,81710
P003,Apple,MacBook Air M4,Laptop,110000,45,New,3,0,101231
P006,Apple,Apple Watch Series 10,Smartwatch,50000,97,Returning,1,1,43179
P008,Canon,Canon EOS R50,Camera,75000,90,New,2,0,64944
P005,Sony,Sony WH-1000XM6,Headphones,32000,23,Returning,3,1,25293
P003,Apple,MacBook Air M4,Laptop,110000,26,Returning,3,1,97638
P008,Canon,Canon EOS R50,Camera,75000,33,New,1,1,66239
P003,Apple,MacBook Air M4,Laptop,110000,2,Premium,2,0,102935
P008,Canon,Canon EOS R50,Camera,75000,77,New,2,1,64864
P006,Apple,Apple Watch Series 10,Smartwatch,50000,84,Premium,2,0,43632
P010,ASUS,ASUS ROG Zephyrus G16,Laptop,160000,37,New,2,0,139700
P006,Apple,Apple Watch Series 10,Smartwatch,50000,73,New,3,1,43731
P001,Apple,iPhone 16,Smartphone,80000,99,Premium,2,1,70605
P009,Apple,iPad Air M3,Tablet,65000,63,Returning,3,0,58404
P005,Sony,Sony WH-1000XM6,Headphones,32000,86,New,2,0,26211
P010,ASUS,ASUS ROG Zephyrus G16,Laptop,160000,45,Returning,1,0,139233
P002,Samsung,Samsung Galaxy S25 Ultra,Smartphone,95000,55,Premium,1,0,83696
P003,Apple,MacBook Air M4,Laptop,110000,11,New,2,0,105204
P002,Samsung,Samsung Galaxy S25 Ultra,Smartphone,95000,31,Premium,1,0,83209
P001,Apple,iPhone 16,Smartphone,80000,61,Returning,1,1,74068
P001,Apple,iPhone 16,Smartphone,80000,23,Returning,2,1,73277
P009,Apple,iPad Air M3,Tablet,65000,100,Returning,3,0,56874
P004,Sony,PlayStation 5,Gaming Console,55000,18,Premium,1,0,51433
P003,Apple,MacBook Air M4,Laptop,110000,5,Premium,2,0,103436
P006,Apple,Apple Watch Series 10,Smartwatch,50000,91,Returning,1,1,43212
P010,ASUS,ASUS ROG Zephyrus G16,Laptop,160000,14,New,2,0,144039
P006,Apple,Apple Watch Series 10,Smartwatch,50000,72,Returning,3,0,44491
P010,ASUS,ASUS ROG Zephyrus G16,Laptop,160000,22,New,1,0,140734
P009,Apple,iPad Air M3,Tablet,65000,24,New,2,0,59828
P001,Apple,iPhone 16,Smartphone,80000,80,Premium,1,1,72369
P006,Apple,Apple Watch Series 10,Smartwatch,50000,14,Premium,1,0,46947
P008,Canon,Canon EOS R50,Camera,75000,70,Returning,2,0,66053
P001,Apple,iPhone 16,Smartphone,80000,26,Returning,3,1,72165
P008,Canon,Canon EOS R50,Camera,75000,95,New,3,0,64098
P004,Sony,PlayStation 5,Gaming Console,55000,27,Returning,1,1,49588
P005,Sony,Sony WH-1000XM6,Headphones,32000,51,New,2,1,26060
P005,Sony,Sony WH-1000XM6,Headphones,32000,4,Returning,2,0,27035
P006,Apple,Apple Watch Series 10,Smartwatch,50000,30,Returning,2,0,45374
P004,Sony,PlayStation 5,Gaming Console,55000,34,Premium,3,0,49133
P002,Samsung,Samsung Galaxy S25 Ultra,Smartphone,95000,100,Premium,1,0,81778
P004,Sony,PlayStation 5,Gaming Console,55000,67,Returning,1,0,50846
P009,Apple,iPad Air M3,Tablet,65000,36,Returning,2,0,59634
P006,Apple,Apple Watch Series 10,Smartwatch,50000,66,Returning,3,1,43224
P008,Canon,Canon EOS R50,Camera,75000,9,Returning,2,1,66352
P006,Apple,Apple Watch Series 10,Smartwatch,50000,31,New,3,0,44956
P001,Apple,iPhone 16,Smartphone,80000,49,Returning,2,1,72362
P007,Dell,Dell XPS 13,Laptop,120000,28,New,1,0,110486
P002,Samsung,Samsung Galaxy S25 Ultra,Smartphone,95000,92,Returning,3,0,80356
P010,ASUS,ASUS ROG Zephyrus G16,Laptop,160000,43,Returning,3,0,135526
P010,ASUS,ASUS ROG Zephyrus G16,Laptop,160000,32,Returning,1,0,139561
P004,Sony,PlayStation 5,Gaming Console,55000,33,Premium,1,0,50049
P008,Canon,Canon EOS R50,Camera,75000,80,New,2,0,67042
P004,Sony,PlayStation 5,Gaming Console,55000,63,Premium,3,0,48478
P007,Dell,Dell XPS 13,Laptop,120000,13,Premium,3,0,109600
P001,Apple,iPhone 16,Smartphone,80000,2,Returning,2,0,76346
P008,Canon,Canon EOS R50,Camera,75000,19,New,2,0,69348
P005,Sony,Sony WH-1000XM6,Headphones,32000,58,Premium,2,0,26045
P007,Dell,Dell XPS 13,Laptop,120000,72,Returning,2,0,107650
P006,Apple,Apple Watch Series 10,Smartwatch,50000,42,New,2,1,44854
P003,Apple,MacBook Air M4,Laptop,110000,74,Premium,3,0,98843
P004,Sony,PlayStation 5,Gaming Console,55000,50,Returning,3,0,49132
P001,Apple,iPhone 16,Smartphone,80000,58,New,3,0,74536
P006,Apple,Apple Watch Series 10,Smartwatch,50000,62,Premium,3,0,44367
P004,Sony,PlayStation 5,Gaming Console,55000,41,Premium,3,1,47361
P009,Apple,iPad Air M3,Tablet,65000,13,Premium,3,1,58552
P005,Sony,Sony WH-1000XM6,Headphones,32000,36,Returning,2,1,26394
P008,Canon,Canon EOS R50,Camera,75000,96,Premium,3,0,63344
P008,Canon,Canon EOS R50,Camera,75000,34,Returning,1,0,67243
P006,Apple,Apple Watch Series 10,Smartwatch,50000,34,New,3,1,44425
P002,Samsung,Samsung Galaxy S25 Ultra,Smartphone,95000,48,Premium,3,1,79729
P008,Canon,Canon EOS R50,Camera,75000,36,New,3,0,65549
P002,Samsung,Samsung Galaxy S25 Ultra,Smartphone,95000,94,Returning,3,1,79168
P006,Apple,Apple Watch Series 10,Smartwatch,50000,77,Premium,3,0,43536
P001,Apple,iPhone 16,Smartphone,80000,10,New,2,0,77410
P001,Apple,iPhone 16,Smartphone,80000,45,Premium,3,0,72696
P008,Canon,Canon EOS R50,Camera,75000,3,Premium,1,1,67052
P005,Sony,Sony WH-1000XM6,Headphones,32000,56,Returning,2,1,25425
P001,Apple,iPhone 16,Smartphone,80000,2,New,2,0,77123
P005,Sony,Sony WH-1000XM6,Headphones,32000,92,Returning,2,1,25037
P010,ASUS,ASUS ROG Zephyrus G16,Laptop,160000,60,Returning,3,0,135802
P009,Apple,iPad Air M3,Tablet,65000,57,Returning,1,1,58416
P001,Apple,iPhone 16,Smartphone,80000,37,Premium,3,0,73180
P005,Sony,Sony WH-1000XM6,Headphones,32000,51,Returning,1,1,26194
P007,Dell,Dell XPS 13,Laptop,120000,8,New,1,0,114213
P008,Canon,Canon EOS R50,Camera,75000,78,Returning,3,0,64841
P009,Apple,iPad Air M3,Tablet,65000,15,New,3,0,61411
P007,Dell,Dell XPS 13,Laptop,120000,46,New,3,1,105161
P009,Apple,iPad Air M3,Tablet,65000,87,New,2,1,57316
P001,Apple,iPhone 16,Smartphone,80000,40,New,1,1,74862
P001,Apple,iPhone 16,Smartphone,80000,57,New,2,1,73172
P007,Dell,Dell XPS 13,Laptop,120000,88,Returning,2,1,103577
P007,Dell,Dell XPS 13,Laptop,120000,25,New,3,0,108207
P004,Sony,PlayStation 5,Gaming Console,55000,100,New,3,0,48574
P010,ASUS,ASUS ROG Zephyrus G16,Laptop,160000,59,Returning,2,0,137266
P006,Apple,Apple Watch Series 10,Smartwatch,50000,40,Returning,1,1,44522
P005,Sony,Sony WH-1000XM6,Headphones,32000,38,Returning,2,1,25709
P006,Apple,Apple Watch Series 10,Smartwatch,50000,98,Premium,3,0,42757
P005,Sony,Sony WH-1000XM6,Headphones,32000,11,Premium,3,0,26569
P009,Apple,iPad Air M3,Tablet,65000,99,New,1,0,59534
P008,Canon,Canon EOS R50,Camera,75000,81,New,2,1,64035
P008,Canon,Canon EOS R50,Camera,75000,92,Premium,3,0,63299
P010,ASUS,ASUS ROG Zephyrus G16,Laptop,160000,59,Premium,3,1,131288
P002,Samsung,Samsung Galaxy S25 Ultra,Smartphone,95000,92,Returning,2,1,79320
P001,Apple,iPhone 16,Smartphone,80000,74,Premium,2,1,71847
P009,Apple,iPad Air M3,Tablet,65000,33,Returning,1,0,59959
P005,Sony,Sony WH-1000XM6,Headphones,32000,72,Premium,3,1,25353
P001,Apple,iPhone 16,Smartphone,80000,83,Returning,1,1,71906
P008,Canon,Canon EOS R50,Camera,75000,54,Returning,3,1,64197
P004,Sony,PlayStation 5,Gaming Console,55000,58,Premium,1,1,48704
P005,Sony,Sony WH-1000XM6,Headphones,32000,19,Returning,1,0,28215
P009,Apple,iPad Air M3,Tablet,65000,59,New,2,0,60167
P009,Apple,iPad Air M3,Tablet,65000,74,Returning,2,1,57795
P008,Canon,Canon EOS R50,Camera,75000,56,Returning,3,1,64021
P001,Apple,iPhone 16,Smartphone,80000,89,Premium,1,0,72915
P004,Sony,PlayStation 5,Gaming Console,55000,47,New,2,1,49129
P006,Apple,Apple Watch Series 10,Smartwatch,50000,74,Premium,3,0,43615
P008,Canon,Canon EOS R50,Camera,75000,56,Premium,2,0,65293
P006,Apple,Apple Watch Series 10,Smartwatch,50000,54,Returning,2,0,44526
P006,Apple,Apple Watch Series 10,Smartwatch,50000,84,Returning,3,0,43815
P010,ASUS,ASUS ROG Zephyrus G16,Laptop,160000,84,Premium,2,1,129147
P005,Sony,Sony WH-1000XM6,Headphones,32000,36,Returning,2,1,26358
P002,Samsung,Samsung Galaxy S25 Ultra,Smartphone,95000,35,New,2,1,83016
P008,Canon,Canon EOS R50,Camera,75000,8,New,2,0,69213
P002,Samsung,Samsung Galaxy S25 Ultra,Smartphone,95000,47,Returning,2,1,81832
P005,Sony,Sony WH-1000XM6,Headphones,32000,5,Premium,3,1,26209
P006,Apple,Apple Watch Series 10,Smartwatch,50000,17,Returning,2,0,46502
P005,Sony,Sony WH-1000XM6,Headphones,32000,35,Premium,3,1,25145
P006,Apple,Apple Watch Series 10,Smartwatch,50000,94,Returning,3,1,42399
P007,Dell,Dell XPS 13,Laptop,120000,27,New,2,1,107294
P003,Apple,MacBook Air M4,Laptop,110000,1,Premium,2,0,103478
P006,Apple,Apple Watch Series 10,Smartwatch,50000,28,New,3,1,43664
P008,Canon,Canon EOS R50,Camera,75000,94,Returning,1,0,65236
P007,Dell,Dell XPS 13,Laptop,120000,74,Returning,3,1,103961
P009,Apple,iPad Air M3,Tablet,65000,75,Returning,1,1,58836
P007,Dell,Dell XPS 13,Laptop,120000,3,New,2,1,110730
P010,ASUS,ASUS ROG Zephyrus G16,Laptop,160000,70,New,3,0,137896
P008,Canon,Canon EOS R50,Camera,75000,56,Premium,2,1,63803
P003,Apple,MacBook Air M4,Laptop,110000,83,Premium,2,0,98108
P006,Apple,Apple Watch Series 10,Smartwatch,50000,6,New,2,1,46321
P002,Samsung,Samsung Galaxy S25 Ultra,Smartphone,95000,56,Returning,1,1,82657
P008,Canon,Canon EOS R50,Camera,75000,88,Premium,2,0,63534
P008,Canon,Canon EOS R50,Camera,75000,14,Returning,2,0,68350
P002,Samsung,Samsung Galaxy S25 Ultra,Smartphone,95000,50,New,3,1,81795
P006,Apple,Apple Watch Series 10,Smartwatch,50000,3,Premium,2,0,45851
P010,ASUS,ASUS ROG Zephyrus G16,Laptop,160000,23,Returning,1,0,139097
P010,ASUS,ASUS ROG Zephyrus G16,Laptop,160000,10,Returning,2,1,139242
P001,Apple,iPhone 16,Smartphone,80000,62,Premium,3,0,72513
P001,Apple,iPhone 16,Smartphone,80000,62,Premium,1,0,74436
P002,Samsung,Samsung Galaxy S25 Ultra,Smartphone,95000,26,New,3,1,82044
P010,ASUS,ASUS ROG Zephyrus G16,Laptop,160000,3,New,1,1,142206
P004,Sony,PlayStation 5,Gaming Console,55000,23,Returning,3,0,49776
P005,Sony,Sony WH-1000XM6,Headphones,32000,80,Returning,1,0,26472
P007,Dell,Dell XPS 13,Laptop,120000,87,Premium,3,1,101229
P010,ASUS,ASUS ROG Zephyrus G16,Laptop,160000,79,New,1,0,140886
P005,Sony,Sony WH-1000XM6,Headphones,32000,54,Returning,1,0,26449
P002,Samsung,Samsung Galaxy S25 Ultra,Smartphone,95000,70,New,3,1,81813
P002,Samsung,Samsung Galaxy S25 Ultra,Smartphone,95000,34,Returning,2,1,81298
P002,Samsung,Samsung Galaxy S25 Ultra,Smartphone,95000,84,New,1,0,83946
P004,Sony,PlayStation 5,Gaming Console,55000,73,Premium,1,1,49067
P007,Dell,Dell XPS 13,Laptop,120000,56,Premium,2,1,104057
P004,Sony,PlayStation 5,Gaming Console,55000,74,Returning,1,0,50838
P008,Canon,Canon EOS R50,Camera,75000,46,Premium,3,1,63407
P003,Apple,MacBook Air M4,Laptop,110000,68,Premium,2,1,97648
P008,Canon,Canon EOS R50,Camera,75000,93,Returning,1,1,63892
P009,Apple,iPad Air M3,Tablet,65000,81,Returning,1,0,58009
P003,Apple,MacBook Air M4,Laptop,110000,58,Returning,1,0,102264
P010,ASUS,ASUS ROG Zephyrus G16,Laptop,160000,27,New,2,0,139066
P001,Apple,iPhone 16,Smartphone,80000,43,Returning,1,0,75134
P008,Canon,Canon EOS R50,Camera,75000,80,Premium,1,1,64882
P005,Sony,Sony WH-1000XM6,Headphones,32000,87,Premium,3,0,25487
P008,Canon,Canon EOS R50,Camera,75000,19,Returning,3,1,66280
P008,Canon,Canon EOS R50,Camera,75000,76,New,3,1,64881
P010,ASUS,ASUS ROG Zephyrus G16,Laptop,160000,11,New,3,1,139153
P003,Apple,MacBook Air M4,Laptop,110000,65,Returning,2,1,99009
P009,Apple,iPad Air M3,Tablet,65000,50,Premium,1,0,58951
P001,Apple,iPhone 16,Smartphone,80000,57,Returning,3,0,73711
P007,Dell,Dell XPS 13,Laptop,120000,80,Returning,2,0,108354
P005,Sony,Sony WH-1000XM6,Headphones,32000,13,Premium,2,1,26285
P002,Samsung,Samsung Galaxy S25 Ultra,Smartphone,95000,86,Premium,1,0,81218
P005,Sony,Sony WH-1000XM6,Headphones,32000,3,Returning,1,0,27811
P002,Samsung,Samsung Galaxy S25 Ultra,Smartphone,95000,73,New,1,1,83355
P004,Sony,PlayStation 5,Gaming Console,55000,59,New,1,1,49923
P008,Canon,Canon EOS R50,Camera,75000,68,New,2,1,64977
P006,Apple,Apple Watch Series 10,Smartwatch,50000,41,New,1,0,45878
P004,Sony,PlayStation 5,Gaming Console,55000,9,Premium,1,0,52103
P002,Samsung,Samsung Galaxy S25 Ultra,Smartphone,95000,93,Returning,3,1,78728
P007,Dell,Dell XPS 13,Laptop,120000,57,New,1,0,110388
P001,Apple,iPhone 16,Smartphone,80000,89,New,3,0,72980
P008,Canon,Canon EOS R50,Camera,75000,36,Premium,1,0,66426
P008,Canon,Canon EOS R50,Camera,75000,47,Returning,1,1,64988
P001,Apple,iPhone 16,Smartphone,80000,24,New,3,1,72518
P008,Canon,Canon EOS R50,Camera,75000,28,New,3,1,64830
P001,Apple,iPhone 16,Smartphone,80000,11,New,1,1,76879
P003,Apple,MacBook Air M4,Laptop,110000,53,New,1,0,103841
P003,Apple,MacBook Air M4,Laptop,110000,93,Premium,2,0,97400
P007,Dell,Dell XPS 13,Laptop,120000,10,New,3,1,109042
P005,Sony,Sony WH-1000XM6,Headphones,32000,89,Premium,2,1,24514
P003,Apple,MacBook Air M4,Laptop,110000,84,Returning,1,1,97655
P006,Apple,Apple Watch Series 10,Smartwatch,50000,70,Premium,1,1,44348
P008,Canon,Canon EOS R50,Camera,75000,11,New,3,0,68555
P001,Apple,iPhone 16,Smartphone,80000,39,Returning,1,0,75615
P006,Apple,Apple Watch Series 10,Smartwatch,50000,96,New,1,0,45085
P006,Apple,Apple Watch Series 10,Smartwatch,50000,79,Premium,2,0,44850
P003,Apple,MacBook Air M4,Laptop,110000,62,Returning,3,0,100418
P005,Sony,Sony WH-1000XM6,Headphones,32000,97,Returning,2,1,25207
P001,Apple,iPhone 16,Smartphone,80000,42,Returning,3,1,71885
P003,Apple,MacBook Air M4,Laptop,110000,41,Returning,2,0,101557
P005,Sony,Sony WH-1000XM6,Headphones,32000,22,New,2,1,26625
P005,Sony,Sony WH-1000XM6,Headphones,32000,97,New,2,1,25778
P009,Apple,iPad Air M3,Tablet,65000,54,New,3,1,57695
P005,Sony,Sony WH-1000XM6,Headphones,32000,14,Premium,3,0,26890
P008,Canon,Canon EOS R50,Camera,75000,14,New,2,0,68891
P001,Apple,iPhone 16,Smartphone,80000,48,Premium,1,0,74481
P008,Canon,Canon EOS R50,Camera,75000,86,Returning,2,1,62543
P009,Apple,iPad Air M3,Tablet,65000,22,Returning,2,1,58220
P006,Apple,Apple Watch Series 10,Smartwatch,50000,6,Returning,2,1,45093
P005,Sony,Sony WH-1000XM6,Headphones,32000,36,Premium,1,1,26204
P003,Apple,MacBook Air M4,Laptop,110000,96,Returning,2,0,99042
P009,Apple,iPad Air M3,Tablet,65000,8,Premium,2,0,60016
P006,Apple,Apple Watch Series 10,Smartwatch,50000,16,New,2,1,46289
P003,Apple,MacBook Air M4,Laptop,110000,53,Premium,2,1,97444
P005,Sony,Sony WH-1000XM6,Headphones,32000,19,Returning,1,1,27443
P010,ASUS,ASUS ROG Zephyrus G16,Laptop,160000,86,Premium,1,1,130853
P001,Apple,iPhone 16,Smartphone,80000,57,Returning,3,0,73549
P001,Apple,iPhone 16,Smartphone,80000,6,Returning,3,0,76423
P005,Sony,Sony WH-1000XM6,Headphones,32000,29,Returning,2,1,25577
P004,Sony,PlayStation 5,Gaming Console,55000,77,Premium,3,1,47750
P007,Dell,Dell XPS 13,Laptop,120000,95,New,3,0,105420
P005,Sony,Sony WH-1000XM6,Headphones,32000,16,Returning,1,1,26738
P001,Apple,iPhone 16,Smartphone,80000,64,Returning,1,0,75404
P008,Canon,Canon EOS R50,Camera,75000,45,New,3,0,65505
P008,Canon,Canon EOS R50,Camera,75000,61,Premium,2,0,65269
P005,Sony,Sony WH-1000XM6,Headphones,32000,48,Returning,2,1,25525
P009,Apple,iPad Air M3,Tablet,65000,81,Returning,2,1,56868
P001,Apple,iPhone 16,Smartphone,80000,56,Returning,2,0,74604
P002,Samsung,Samsung Galaxy S25 Ultra,Smartphone,95000,78,Premium,1,0,83666
P004,Sony,PlayStation 5,Gaming Console,55000,39,Premium,1,1,48660
P001,Apple,iPhone 16,Smartphone,80000,82,Premium,1,0,72671
P003,Apple,MacBook Air M4,Laptop,110000,58,New,3,1,99137
P008,Canon,Canon EOS R50,Camera,75000,69,New,1,1,66476
P008,Canon,Canon EOS R50,Camera,75000,36,Premium,1,0,65674
P001,Apple,iPhone 16,Smartphone,80000,45,Premium,3,1,71527
P005,Sony,Sony WH-1000XM6,Headphones,32000,89,Returning,3,1,25065
P009,Apple,iPad Air M3,Tablet,65000,70,New,1,0,60637
P003,Apple,MacBook Air M4,Laptop,110000,44,Returning,1,0,102344
P004,Sony,PlayStation 5,Gaming Console,55000,54,New,3,0,50430
P009,Apple,iPad Air M3,Tablet,65000,70,New,1,1,59152
P001,Apple,iPhone 16,Smartphone,80000,9,Returning,3,0,76234
P001,Apple,iPhone 16,Smartphone,80000,95,Premium,2,0,71968
P001,Apple,iPhone 16,Smartphone,80000,29,Returning,2,1,73206
P010,ASUS,ASUS ROG Zephyrus G16,Laptop,160000,14,Returning,1,1,140748
P007,Dell,Dell XPS 13,Laptop,120000,97,New,2,1,104055
P010,ASUS,ASUS ROG Zephyrus G16,Laptop,160000,52,Returning,3,1,133245
P004,Sony,PlayStation 5,Gaming Console,55000,50,New,1,1,49799
P007,Dell,Dell XPS 13,Laptop,120000,66,Returning,1,0,109528
P001,Apple,iPhone 16,Smartphone,80000,80,New,1,1,74794
P005,Sony,Sony WH-1000XM6,Headphones,32000,47,New,3,0,26456
P010,ASUS,ASUS ROG Zephyrus G16,Laptop,160000,35,New,3,1,134472
P008,Canon,Canon EOS R50,Camera,75000,27,Premium,3,1,63433
P002,Samsung,Samsung Galaxy S25 Ultra,Smartphone,95000,69,New,3,1,82113
P002,Samsung,Samsung Galaxy S25 Ultra,Smartphone,95000,97,New,1,0,83547
P007,Dell,Dell XPS 13,Laptop,120000,42,Premium,2,1,104883
P004,Sony,PlayStation 5,Gaming Console,55000,92,Premium,1,0,49224
P001,Apple,iPhone 16,Smartphone,80000,36,Returning,1,0,75418
P006,Apple,Apple Watch Series 10,Smartwatch,50000,84,Premium,2,0,43725
P009,Apple,iPad Air M3,Tablet,65000,78,Premium,3,1,56958
P001,Apple,iPhone 16,Smartphone,80000,50,Returning,3,0,73581
P006,Apple,Apple Watch Series 10,Smartwatch,50000,80,New,2,1,44478
P010,ASUS,ASUS ROG Zephyrus G16,Laptop,160000,7,Premium,2,0,140359
P005,Sony,Sony WH-1000XM6,Headphones,32000,61,New,1,1,26730
P009,Apple,iPad Air M3,Tablet,65000,74,New,1,1,59085
P005,Sony,Sony WH-1000XM6,Headphones,32000,48,New,1,0,27402
P001,Apple,iPhone 16,Smartphone,80000,42,Premium,1,0,74816
P010,ASUS,ASUS ROG Zephyrus G16,Laptop,160000,70,Returning,2,1,134205
P008,Canon,Canon EOS R50,Camera,75000,27,Premium,3,0,64554
P005,Sony,Sony WH-1000XM6,Headphones,32000,24,Returning,2,0,26451
P003,Apple,MacBook Air M4,Laptop,110000,66,New,3,1,99302
P001,Apple,iPhone 16,Smartphone,80000,57,New,2,1,73329
P003,Apple,MacBook Air M4,Laptop,110000,2,Returning,3,0,103885
P009,Apple,iPad Air M3,Tablet,65000,47,New,2,1,58919
P001,Apple,iPhone 16,Smartphone,80000,15,New,2,0,77358
P008,Canon,Canon EOS R50,Camera,75000,11,New,2,1,67688
P006,Apple,Apple Watch Series 10,Smartwatch,50000,2,Premium,2,0,45713
P010,ASUS,ASUS ROG Zephyrus G16,Laptop,160000,96,Premium,1,1,130789
P009,Apple,iPad Air M3,Tablet,65000,4,Returning,3,0,60791
P005,Sony,Sony WH-1000XM6,Headphones,32000,14,New,1,0,28164
P005,Sony,Sony WH-1000XM6,Headphones,32000,81,New,2,1,25169
P006,Apple,Apple Watch Series 10,Smartwatch,50000,55,Premium,3,0,43721
P003,Apple,MacBook Air M4,Laptop,110000,61,Returning,3,0,100403
P007,Dell,Dell XPS 13,Laptop,120000,72,Premium,3,1,103158
P004,Sony,PlayStation 5,Gaming Console,55000,66,Returning,3,0,49043
P010,ASUS,ASUS ROG Zephyrus G16,Laptop,160000,20,Premium,2,0,136371
P004,Sony,PlayStation 5,Gaming Console,55000,78,New,2,0,50475
P007,Dell,Dell XPS 13,Laptop,120000,26,Returning,1,1,106382
P003,Apple,MacBook Air M4,Laptop,110000,39,New,1,1,100910
P010,ASUS,ASUS ROG Zephyrus G16,Laptop,160000,39,Premium,1,0,137760
P006,Apple,Apple Watch Series 10,Smartwatch,50000,69,New,3,0,45415
P007,Dell,Dell XPS 13,Laptop,120000,50,Premium,2,0,106741
P005,Sony,Sony WH-1000XM6,Headphones,32000,27,Returning,2,0,26146
P005,Sony,Sony WH-1000XM6,Headphones,32000,95,Returning,3,1,24841
P007,Dell,Dell XPS 13,Laptop,120000,71,New,2,0,109472
P009,Apple,iPad Air M3,Tablet,65000,75,Returning,1,1,58390
P004,Sony,PlayStation 5,Gaming Console,55000,84,New,3,1,47982
P009,Apple,iPad Air M3,Tablet,65000,75,Returning,2,0,58895
P001,Apple,iPhone 16,Smartphone,80000,17,New,1,1,76459
P004,Sony,PlayStation 5,Gaming Console,55000,31,New,3,0,49656
P010,ASUS,ASUS ROG Zephyrus G16,Laptop,160000,50,New,1,1,137127
P010,ASUS,ASUS ROG Zephyrus G16,Laptop,160000,93,Premium,3,0,131207
P001,Apple,iPhone 16,Smartphone,80000,34,New,1,1,74151
P009,Apple,iPad Air M3,Tablet,65000,56,Returning,2,1,57828
P001,Apple,iPhone 16,Smartphone,80000,64,Premium,1,1,72343
P003,Apple,MacBook Air M4,Laptop,110000,60,Returning,2,1,99475
P007,Dell,Dell XPS 13,Laptop,120000,26,Returning,3,0,106665
P004,Sony,PlayStation 5,Gaming Console,55000,63,New,3,0,50413
P009,Apple,iPad Air M3,Tablet,65000,100,Premium,1,0,57544
P001,Apple,iPhone 16,Smartphone,80000,73,Returning,1,0,75323
P010,ASUS,ASUS ROG Zephyrus G16,Laptop,160000,70,New,2,1,136011
P001,Apple,iPhone 16,Smartphone,80000,81,Premium,2,1,70001
P009,Apple,iPad Air M3,Tablet,65000,89,Returning,1,0,58003
P010,ASUS,ASUS ROG Zephyrus G16,Laptop,160000,65,Premium,3,1,131559
P004,Sony,PlayStation 5,Gaming Console,55000,52,Returning,3,0,49517
P002,Samsung,Samsung Galaxy S25 Ultra,Smartphone,95000,55,Premium,3,1,79311
P001,Apple,iPhone 16,Smartphone,80000,49,Returning,3,0,73996
P003,Apple,MacBook Air M4,Laptop,110000,63,Premium,1,1,99244
P003,Apple,MacBook Air M4,Laptop,110000,48,New,3,1,98886
P006,Apple,Apple Watch Series 10,Smartwatch,50000,65,New,2,0,45693
P008,Canon,Canon EOS R50,Camera,75000,77,New,1,1,65603
P010,ASUS,ASUS ROG Zephyrus G16,Laptop,160000,79,Returning,3,1,132308
P004,Sony,PlayStation 5,Gaming Console,55000,16,New,3,0,51743
P004,Sony,PlayStation 5,Gaming Console,55000,34,Premium,3,0,49082
P009,Apple,iPad Air M3,Tablet,65000,45,Premium,2,1,57630
P009,Apple,iPad Air M3,Tablet,65000,59,Premium,3,0,58316
P005,Sony,Sony WH-1000XM6,Headphones,32000,69,New,1,1,26486
P006,Apple,Apple Watch Series 10,Smartwatch,50000,70,Returning,3,1,43937
P003,Apple,MacBook Air M4,Laptop,110000,50,New,1,0,103121
P002,Samsung,Samsung Galaxy S25 Ultra,Smartphone,95000,86,Premium,3,0,79732
P007,Dell,Dell XPS 13,Laptop,120000,96,Premium,2,1,101557
P006,Apple,Apple Watch Series 10,Smartwatch,50000,82,Premium,3,1,42150
P005,Sony,Sony WH-1000XM6,Headphones,32000,29,Premium,1,1,26162
P009,Apple,iPad Air M3,Tablet,65000,2,Premium,1,1,59836
P003,Apple,MacBook Air M4,Laptop,110000,83,Returning,3,0,97849
P002,Samsung,Samsung Galaxy S25 Ultra,Smartphone,95000,17,Returning,3,1,83123
P005,Sony,Sony WH-1000XM6,Headphones,32000,11,Returning,2,1,26933
P002,Samsung,Samsung Galaxy S25 Ultra,Smartphone,95000,31,Premium,3,1,79505
P002,Samsung,Samsung Galaxy S25 Ultra,Smartphone,95000,37,New,1,1,83784
P006,Apple,Apple Watch Series 10,Smartwatch,50000,50,New,2,1,44608
P010,ASUS,ASUS ROG Zephyrus G16,Laptop,160000,36,Premium,2,0,135701
P002,Samsung,Samsung Galaxy S25 Ultra,Smartphone,95000,64,Premium,1,1,81431
P001,Apple,iPhone 16,Smartphone,80000,46,Premium,3,1,71118
P007,Dell,Dell XPS 13,Laptop,120000,18,New,3,1,109544
P001,Apple,iPhone 16,Smartphone,80000,57,Premium,2,1,71759
P001,Apple,iPhone 16,Smartphone,80000,98,New,2,1,71959
P005,Sony,Sony WH-1000XM6,Headphones,32000,53,Returning,1,0,26994
P010,ASUS,ASUS ROG Zephyrus G16,Laptop,160000,90,Returning,3,1,129962
P007,Dell,Dell XPS 13,Laptop,120000,44,Premium,1,1,106024
P006,Apple,Apple Watch Series 10,Smartwatch,50000,85,Returning,1,1,43342
P009,Apple,iPad Air M3,Tablet,65000,55,Returning,2,0,59274
P003,Apple,MacBook Air M4,Laptop,110000,74,Premium,1,1,98665
P003,Apple,MacBook Air M4,Laptop,110000,92,Returning,2,1,96344
P007,Dell,Dell XPS 13,Laptop,120000,86,New,1,1,105892
P005,Sony,Sony WH-1000XM6,Headphones,32000,14,New,3,0,27468
P004,Sony,PlayStation 5,Gaming Console,55000,72,Returning,3,0,49242
P010,ASUS,ASUS ROG Zephyrus G16,Laptop,160000,18,New,3,1,138841
P003,Apple,MacBook Air M4,Laptop,110000,46,Premium,2,1,98064
P009,Apple,iPad Air M3,Tablet,65000,95,Returning,1,1,57614
P007,Dell,Dell XPS 13,Laptop,120000,12,New,1,1,111511
P006,Apple,Apple Watch Series 10,Smartwatch,50000,64,Returning,3,0,44572
P005,Sony,Sony WH-1000XM6,Headphones,32000,26,Returning,3,0,26462
P005,Sony,Sony WH-1000XM6,Headphones,32000,99,Premium,1,1,24929
P008,Canon,Canon EOS R50,Camera,75000,30,Premium,2,0,65413
P007,Dell,Dell XPS 13,Laptop,120000,5,New,3,0,111252
P007,Dell,Dell XPS 13,Laptop,120000,53,Returning,2,0,108099
P007,Dell,Dell XPS 13,Laptop,120000,10,Returning,3,0,110480
P002,Samsung,Samsung Galaxy S25 Ultra,Smartphone,95000,1,New,3,0,86390
P007,Dell,Dell XPS 13,Laptop,120000,46,Premium,3,1,103016
P006,Apple,Apple Watch Series 10,Smartwatch,50000,40,Premium,1,0,44555
P002,Samsung,Samsung Galaxy S25 Ultra,Smartphone,95000,61,Premium,2,1,80383
P008,Canon,Canon EOS R50,Camera,75000,94,Returning,3,0,64073
P001,Apple,iPhone 16,Smartphone,80000,83,Returning,1,0,73448
P009,Apple,iPad Air M3,Tablet,65000,74,Premium,2,0,58057
P008,Canon,Canon EOS R50,Camera,75000,100,New,1,0,65921
P007,Dell,Dell XPS 13,Laptop,120000,48,Returning,3,0,106346
P008,Canon,Canon EOS R50,Camera,75000,8,Premium,3,1,65519
P002,Samsung,Samsung Galaxy S25 Ultra,Smartphone,95000,16,Returning,1,0,87585
P005,Sony,Sony WH-1000XM6,Headphones,32000,1,Premium,1,1,26414
P001,Apple,iPhone 16,Smartphone,80000,53,Returning,1,0,75169
P007,Dell,Dell XPS 13,Laptop,120000,33,New,2,1,107081
P007,Dell,Dell XPS 13,Laptop,120000,44,New,2,1,106362
P006,Apple,Apple Watch Series 10,Smartwatch,50000,25,Returning,2,1,44188
P005,Sony,Sony WH-1000XM6,Headphones,32000,11,New,2,0,27500
P009,Apple,iPad Air M3,Tablet,65000,48,Premium,3,1,56246
P009,Apple,iPad Air M3,Tablet,65000,69,Premium,2,1,57067
P010,ASUS,ASUS ROG Zephyrus G16,Laptop,160000,82,Premium,2,1,129677
P003,Apple,MacBook Air M4,Laptop,110000,8,Returning,3,0,103589
P006,Apple,Apple Watch Series 10,Smartwatch,50000,42,New,3,0,45281
P004,Sony,PlayStation 5,Gaming Console,55000,7,New,2,1,51396
P004,Sony,PlayStation 5,Gaming Console,55000,3,Premium,1,0,51817
P008,Canon,Canon EOS R50,Camera,75000,59,Premium,2,1,63908
P005,Sony,Sony WH-1000XM6,Headphones,32000,30,New,3,0,26667
P005,Sony,Sony WH-1000XM6,Headphones,32000,45,Premium,2,1,26071
P008,Canon,Canon EOS R50,Camera,75000,89,Premium,3,1,61899
P001,Apple,iPhone 16,Smartphone,80000,38,Returning,2,0,74168
P007,Dell,Dell XPS 13,Laptop,120000,93,Returning,3,1,101653
P009,Apple,iPad Air M3,Tablet,65000,28,Premium,2,0,58576
P001,Apple,iPhone 16,Smartphone,80000,53,Returning,3,0,73122
P001,Apple,iPhone 16,Smartphone,80000,77,Premium,2,1,71798
P003,Apple,MacBook Air M4,Laptop,110000,79,Premium,1,0,100767
P007,Dell,Dell XPS 13,Laptop,120000,82,Returning,1,0,106431
P009,Apple,iPad Air M3,Tablet,65000,17,Returning,2,1,60283
P010,ASUS,ASUS ROG Zephyrus G16,Laptop,160000,61,New,1,1,137628
P010,ASUS,ASUS ROG Zephyrus G16,Laptop,160000,10,New,2,1,140780
P010,ASUS,ASUS ROG Zephyrus G16,Laptop,160000,74,Premium,1,1,134685
P009,Apple,iPad Air M3,Tablet,65000,96,Returning,1,1,57394
P006,Apple,Apple Watch Series 10,Smartwatch,50000,49,Returning,1,0,45789
P004,Sony,PlayStation 5,Gaming Console,55000,37,New,2,1,49057
P008,Canon,Canon EOS R50,Camera,75000,89,New,3,0,64424
P004,Sony,PlayStation 5,Gaming Console,55000,10,Premium,1,1,50724
P005,Sony,Sony WH-1000XM6,Headphones,32000,31,Returning,2,1,26297
P006,Apple,Apple Watch Series 10,Smartwatch,50000,80,New,3,1,43714
P002,Samsung,Samsung Galaxy S25 Ultra,Smartphone,95000,20,Premium,1,0,83752
P002,Samsung,Samsung Galaxy S25 Ultra,Smartphone,95000,10,New,2,1,85652
P003,Apple,MacBook Air M4,Laptop,110000,13,Premium,3,0,102127
P005,Sony,Sony WH-1000XM6,Headphones,32000,34,Returning,3,0,26525
P008,Canon,Canon EOS R50,Camera,75000,82,Returning,1,1,63309
P006,Apple,Apple Watch Series 10,Smartwatch,50000,4,Returning,1,1,46469
P001,Apple,iPhone 16,Smartphone,80000,82,Returning,1,1,72184
P004,Sony,PlayStation 5,Gaming Console,55000,24,Returning,2,0,50504
P005,Sony,Sony WH-1000XM6,Headphones,32000,92,Premium,1,0,25857
P006,Apple,Apple Watch Series 10,Smartwatch,50000,58,New,1,1,45120
P009,Apple,iPad Air M3,Tablet,65000,7,Returning,3,1,58691
P008,Canon,Canon EOS R50,Camera,75000,66,Premium,3,0,64451
P010,ASUS,ASUS ROG Zephyrus G16,Laptop,160000,67,Returning,2,1,134066
P004,Sony,PlayStation 5,Gaming Console,55000,80,Premium,3,1,48205
P004,Sony,PlayStation 5,Gaming Console,55000,50,Premium,1,1,48820
P005,Sony,Sony WH-1000XM6,Headphones,32000,35,New,3,0,26579
P006,Apple,Apple Watch Series 10,Smartwatch,50000,58,Premium,3,0,44039
P003,Apple,MacBook Air M4,Laptop,110000,52,New,3,0,100803
P007,Dell,Dell XPS 13,Laptop,120000,46,New,2,1,106469
P008,Canon,Canon EOS R50,Camera,75000,37,Returning,3,1,64230
P002,Samsung,Samsung Galaxy S25 Ultra,Smartphone,95000,47,Premium,2,0,82347
P004,Sony,PlayStation 5,Gaming Console,55000,10,Premium,2,0,50722
P004,Sony,PlayStation 5,Gaming Console,55000,83,Returning,2,1,48268
P007,Dell,Dell XPS 13,Laptop,120000,9,Premium,2,0,110779
P008,Canon,Canon EOS R50,Camera,75000,49,Returning,3,0,64895
P002,Samsung,Samsung Galaxy S25 Ultra,Smartphone,95000,3,New,1,0,88360
P009,Apple,iPad Air M3,Tablet,65000,55,Returning,3,1,57609
P009,Apple,iPad Air M3,Tablet,65000,86,Returning,1,0,58359
P002,Samsung,Samsung Galaxy S25 Ultra,Smartphone,95000,82,New,2,0,82675
P001,Apple,iPhone 16,Smartphone,80000,84,Returning,1,0,73728
P001,Apple,iPhone 16,Smartphone,80000,43,New,2,1,73712
P004,Sony,PlayStation 5,Gaming Console,55000,22,Premium,3,1,47998
P010,ASUS,ASUS ROG Zephyrus G16,Laptop,160000,88,New,3,1,130993
P007,Dell,Dell XPS 13,Laptop,120000,100,New,1,1,106032
P009,Apple,iPad Air M3,Tablet,65000,87,Premium,2,1,55599
P002,Samsung,Samsung Galaxy S25 Ultra,Smartphone,95000,10,Premium,2,0,85684
P005,Sony,Sony WH-1000XM6,Headphones,32000,98,New,3,1,24917
P001,Apple,iPhone 16,Smartphone,80000,57,Returning,2,0,74650
P002,Samsung,Samsung Galaxy S25 Ultra,Smartphone,95000,40,Premium,2,1,80919
P010,ASUS,ASUS ROG Zephyrus G16,Laptop,160000,35,New,3,1,134575
P005,Sony,Sony WH-1000XM6,Headphones,32000,41,Premium,3,1,24960
P005,Sony,Sony WH-1000XM6,Headphones,32000,86,New,3,1,24786
P010,ASUS,ASUS ROG Zephyrus G16,Laptop,160000,92,New,2,1,133263
P002,Samsung,Samsung Galaxy S25 Ultra,Smartphone,95000,46,Returning,1,1,82690
P006,Apple,Apple Watch Series 10,Smartwatch,50000,1,Premium,2,0,45828
P002,Samsung,Samsung Galaxy S25 Ultra,Smartphone,95000,70,New,2,0,84711
P002,Samsung,Samsung Galaxy S25 Ultra,Smartphone,95000,4,New,1,1,86413
P003,Apple,MacBook Air M4,Laptop,110000,3,Returning,2,0,104280
P005,Sony,Sony WH-1000XM6,Headphones,32000,95,Returning,2,1,25754
P002,Samsung,Samsung Galaxy S25 Ultra,Smartphone,95000,80,Returning,2,1,81902
P007,Dell,Dell XPS 13,Laptop,120000,2,New,3,1,108755
P005,Sony,Sony WH-1000XM6,Headphones,32000,31,Returning,1,0,26381
P003,Apple,MacBook Air M4,Laptop,110000,51,Premium,2,1,97864
P007,Dell,Dell XPS 13,Laptop,120000,89,Returning,2,1,103129
P007,Dell,Dell XPS 13,Laptop,120000,47,Premium,2,0,107042
P003,Apple,MacBook Air M4,Laptop,110000,76,Premium,2,1,98397
P005,Sony,Sony WH-1000XM6,Headphones,32000,11,New,2,0,27783
P009,Apple,iPad Air M3,Tablet,65000,42,Premium,1,0,58897
P004,Sony,PlayStation 5,Gaming Console,55000,7,Premium,2,1,50329
P003,Apple,MacBook Air M4,Laptop,110000,16,Returning,3,1,101351
P001,Apple,iPhone 16,Smartphone,80000,54,New,2,1,73325
P008,Canon,Canon EOS R50,Camera,75000,29,New,2,0,67044
P005,Sony,Sony WH-1000XM6,Headphones,32000,22,Premium,3,0,26393
P008,Canon,Canon EOS R50,Camera,75000,91,Premium,1,1,62652
P010,ASUS,ASUS ROG Zephyrus G16,Laptop,160000,26,New,3,1,134014
P006,Apple,Apple Watch Series 10,Smartwatch,50000,8,Returning,1,0,46942
P007,Dell,Dell XPS 13,Laptop,120000,16,Returning,3,0,110125
P007,Dell,Dell XPS 13,Laptop,120000,59,New,2,0,108975
P002,Samsung,Samsung Galaxy S25 Ultra,Smartphone,95000,16,Returning,3,1,83553
P010,ASUS,ASUS ROG Zephyrus G16,Laptop,160000,56,Premium,1,0,137708
P010,ASUS,ASUS ROG Zephyrus G16,Laptop,160000,37,Returning,2,0,137681
P010,ASUS,ASUS ROG Zephyrus G16,Laptop,160000,50,Premium,1,1,134177
P010,ASUS,ASUS ROG Zephyrus G16,Laptop,160000,54,New,1,0,140919
P009,Apple,iPad Air M3,Tablet,65000,29,New,3,1,57904
P009,Apple,iPad Air M3,Tablet,65000,40,Premium,2,1,57569
P010,ASUS,ASUS ROG Zephyrus G16,Laptop,160000,70,Premium,3,0,134162
P004,Sony,PlayStation 5,Gaming Console,55000,59,Returning,3,1,48443
P007,Dell,Dell XPS 13,Laptop,120000,69,Premium,2,0,106757
P005,Sony,Sony WH-1000XM6,Headphones,32000,65,New,3,0,26072
P001,Apple,iPhone 16,Smartphone,80000,73,Premium,2,0,74020
P006,Apple,Apple Watch Series 10,Smartwatch,50000,33,Returning,2,1,43516
P002,Samsung,Samsung Galaxy S25 Ultra,Smartphone,95000,25,New,2,1,83028
P003,Apple,MacBook Air M4,Laptop,110000,94,Premium,1,0,99355
P006,Apple,Apple Watch Series 10,Smartwatch,50000,49,Returning,3,0,44283
P001,Apple,iPhone 16,Smartphone,80000,69,New,3,0,74870
P005,Sony,Sony WH-1000XM6,Headphones,32000,97,Returning,2,0,26076
P004,Sony,PlayStation 5,Gaming Console,55000,58,New,2,1,49057
P010,ASUS,ASUS ROG Zephyrus G16,Laptop,160000,36,Premium,3,0,134579
P004,Sony,PlayStation 5,Gaming Console,55000,85,New,2,1,48554
P004,Sony,PlayStation 5,Gaming Console,55000,61,Premium,1,0,49670
P010,ASUS,ASUS ROG Zephyrus G16,Laptop,160000,9,Returning,1,0,144226
P004,Sony,PlayStation 5,Gaming Console,55000,49,Premium,1,0,49832
P008,Canon,Canon EOS R50,Camera,75000,77,New,2,1,65501
P005,Sony,Sony WH-1000XM6,Headphones,32000,37,Premium,2,0,26528
P006,Apple,Apple Watch Series 10,Smartwatch,50000,88,Premium,1,1,42600
P010,ASUS,ASUS ROG Zephyrus G16,Laptop,160000,98,New,3,1,131629
P003,Apple,MacBook Air M4,Laptop,110000,64,Premium,3,0,99386
P002,Samsung,Samsung Galaxy S25 Ultra,Smartphone,95000,80,Premium,1,1,82008
P009,Apple,iPad Air M3,Tablet,65000,77,New,1,1,59630
P001,Apple,iPhone 16,Smartphone,80000,82,Returning,3,0,72413
P005,Sony,Sony WH-1000XM6,Headphones,32000,40,New,2,1,26631
P007,Dell,Dell XPS 13,Laptop,120000,13,New,2,1,110601
P003,Apple,MacBook Air M4,Laptop,110000,78,Returning,1,0,102219
P008,Canon,Canon EOS R50,Camera,75000,7,Premium,1,1,67008
P009,Apple,iPad Air M3,Tablet,65000,96,Returning,3,0,56986
P001,Apple,iPhone 16,Smartphone,80000,33,Premium,3,1,71196
P010,ASUS,ASUS ROG Zephyrus G16,Laptop,160000,90,Returning,3,1,129280
P005,Sony,Sony WH-1000XM6,Headphones,32000,1,New,1,0,27862
P002,Samsung,Samsung Galaxy S25 Ultra,Smartphone,95000,47,New,3,1,81294
P008,Canon,Canon EOS R50,Camera,75000,45,Premium,3,1,62682
P003,Apple,MacBook Air M4,Laptop,110000,88,Returning,3,1,95848
P008,Canon,Canon EOS R50,Camera,75000,54,Returning,3,0,65374
P005,Sony,Sony WH-1000XM6,Headphones,32000,76,Returning,3,0,25925
P006,Apple,Apple Watch Series 10,Smartwatch,50000,10,Premium,3,0,45084
P001,Apple,iPhone 16,Smartphone,80000,18,Returning,1,0,77368
P010,ASUS,ASUS ROG Zephyrus G16,Laptop,160000,18,New,2,1,141014
P008,Canon,Canon EOS R50,Camera,75000,8,Premium,2,1,66370
P003,Apple,MacBook Air M4,Laptop,110000,55,Premium,1,0,101331
P006,Apple,Apple Watch Series 10,Smartwatch,50000,95,Returning,2,0,44210
P005,Sony,Sony WH-1000XM6,Headphones,32000,33,Premium,1,0,26306
P009,Apple,iPad Air M3,Tablet,65000,82,New,1,0,58970
P006,Apple,Apple Watch Series 10,Smartwatch,50000,62,Returning,3,1,43797
P002,Samsung,Samsung Galaxy S25 Ultra,Smartphone,95000,87,Returning,1,0,82787
P009,Apple,iPad Air M3,Tablet,65000,98,Returning,2,0,57510
P004,Sony,PlayStation 5,Gaming Console,55000,61,Returning,1,0,50724
P008,Canon,Canon EOS R50,Camera,75000,32,New,2,1,65668
P003,Apple,MacBook Air M4,Laptop,110000,41,New,3,0,100850
P005,Sony,Sony WH-1000XM6,Headphones,32000,31,Returning,3,0,25838
P004,Sony,PlayStation 5,Gaming Console,55000,73,Returning,3,1,48710
P010,ASUS,ASUS ROG Zephyrus G16,Laptop,160000,56,Returning,2,0,137664
P001,Apple,iPhone 16,Smartphone,80000,63,New,1,1,73919
P001,Apple,iPhone 16,Smartphone,80000,54,Premium,2,1,72289
P006,Apple,Apple Watch Series 10,Smartwatch,50000,93,Premium,1,1,43300
P009,Apple,iPad Air M3,Tablet,65000,22,Premium,2,0,58487
P009,Apple,iPad Air M3,Tablet,65000,21,Premium,2,0,58374
P006,Apple,Apple Watch Series 10,Smartwatch,50000,67,Returning,3,0,44590
P004,Sony,PlayStation 5,Gaming Console,55000,94,Premium,2,0,48684
P007,Dell,Dell XPS 13,Laptop,120000,97,New,3,1,103589
P009,Apple,iPad Air M3,Tablet,65000,60,Premium,1,1,57369
P009,Apple,iPad Air M3,Tablet,65000,8,Returning,2,0,61446
P003,Apple,MacBook Air M4,Laptop,110000,54,New,1,0,103895
P007,Dell,Dell XPS 13,Laptop,120000,59,Returning,1,0,108786
P006,Apple,Apple Watch Series 10,Smartwatch,50000,26,New,3,1,44265
P001,Apple,iPhone 16,Smartphone,80000,100,New,2,0,73949
P005,Sony,Sony WH-1000XM6,Headphones,32000,57,Returning,2,1,26291
P009,Apple,iPad Air M3,Tablet,65000,66,Premium,3,1,56266
P008,Canon,Canon EOS R50,Camera,75000,12,New,2,1,67008
P009,Apple,iPad Air M3,Tablet,65000,4,Premium,2,0,60468
P003,Apple,MacBook Air M4,Laptop,110000,70,Premium,3,0,99317
P003,Apple,MacBook Air M4,Laptop,110000,91,New,3,0,99174
P010,ASUS,ASUS ROG Zephyrus G16,Laptop,160000,50,Returning,2,1,134765
P004,Sony,PlayStation 5,Gaming Console,55000,98,Premium,2,1,47076
P005,Sony,Sony WH-1000XM6,Headphones,32000,43,New,1,1,27009
P007,Dell,Dell XPS 13,Laptop,120000,20,New,1,0,110454
P004,Sony,PlayStation 5,Gaming Console,55000,36,Returning,2,1,49269
P003,Apple,MacBook Air M4,Laptop,110000,76,Premium,3,1,96424
P004,Sony,PlayStation 5,Gaming Console,55000,67,New,2,0,50672
P007,Dell,Dell XPS 13,Laptop,120000,6,Premium,2,0,110519
P010,ASUS,ASUS ROG Zephyrus G16,Laptop,160000,34,Returning,1,0,139673
P007,Dell,Dell XPS 13,Laptop,120000,85,Premium,1,0,105731
P003,Apple,MacBook Air M4,Laptop,110000,10,Returning,1,1,102915
P005,Sony,Sony WH-1000XM6,Headphones,32000,89,New,2,1,25817
P008,Canon,Canon EOS R50,Camera,75000,14,New,1,1,68416
P004,Sony,PlayStation 5,Gaming Console,55000,82,New,2,1,48512
P006,Apple,Apple Watch Series 10,Smartwatch,50000,84,Premium,2,0,43323
P001,Apple,iPhone 16,Smartphone,80000,88,Premium,2,1,69975
P003,Apple,MacBook Air M4,Laptop,110000,28,Returning,1,0,102493
P009,Apple,iPad Air M3,Tablet,65000,66,Premium,2,0,58537
P002,Samsung,Samsung Galaxy S25 Ultra,Smartphone,95000,12,New,2,0,87189
P010,ASUS,ASUS ROG Zephyrus G16,Laptop,160000,96,New,1,1,133926
P004,Sony,PlayStation 5,Gaming Console,55000,100,Returning,3,0,48419
P006,Apple,Apple Watch Series 10,Smartwatch,50000,72,Premium,3,1,42767
P005,Sony,Sony WH-1000XM6,Headphones,32000,27,Returning,1,0,27240
P004,Sony,PlayStation 5,Gaming Console,55000,23,Returning,3,1,48407
P007,Dell,Dell XPS 13,Laptop,120000,28,Premium,1,0,108232
P010,ASUS,ASUS ROG Zephyrus G16,Laptop,160000,10,Premium,3,0,139520
P005,Sony,Sony WH-1000XM6,Headphones,32000,30,Premium,2,0,25787
P010,ASUS,ASUS ROG Zephyrus G16,Laptop,160000,61,Premium,2,1,133281
P007,Dell,Dell XPS 13,Laptop,120000,66,Premium,2,0,106420
P009,Apple,iPad Air M3,Tablet,65000,16,Premium,1,0,61430
P009,Apple,iPad Air M3,Tablet,65000,96,Returning,2,1,56220
P010,ASUS,ASUS ROG Zephyrus G16,Laptop,160000,12,Premium,3,0,138807
P002,Samsung,Samsung Galaxy S25 Ultra,Smartphone,95000,21,Returning,2,1,81516
P007,Dell,Dell XPS 13,Laptop,120000,1,New,1,0,114202
P004,Sony,PlayStation 5,Gaming Console,55000,14,New,1,1,51740
P002,Samsung,Samsung Galaxy S25 Ultra,Smartphone,95000,58,New,2,0,84770
P004,Sony,PlayStation 5,Gaming Console,55000,18,Returning,2,0,52093
P002,Samsung,Samsung Galaxy S25 Ultra,Smartphone,95000,69,Returning,3,0,82174
P007,Dell,Dell XPS 13,Laptop,120000,28,New,2,0,109090
P006,Apple,Apple Watch Series 10,Smartwatch,50000,17,Returning,1,1,45591
P009,Apple,iPad Air M3,Tablet,65000,73,New,1,1,58880
P002,Samsung,Samsung Galaxy S25 Ultra,Smartphone,95000,6,New,1,1,86566
P003,Apple,MacBook Air M4,Laptop,110000,97,Returning,1,0,100006
P003,Apple,MacBook Air M4,Laptop,110000,20,New,3,0,100776
P004,Sony,PlayStation 5,Gaming Console,55000,85,Returning,1,0,49030
P010,ASUS,ASUS ROG Zephyrus G16,Laptop,160000,84,Premium,1,1,130705
P002,Samsung,Samsung Galaxy S25 Ultra,Smartphone,95000,97,Returning,2,1,79384
P004,Sony,PlayStation 5,Gaming Console,55000,52,New,2,1,49146
P008,Canon,Canon EOS R50,Camera,75000,21,New,3,1,64373
P001,Apple,iPhone 16,Smartphone,80000,90,Premium,3,0,71144
P004,Sony,PlayStation 5,Gaming Console,55000,89,Premium,2,0,48146
P004,Sony,PlayStation 5,Gaming Console,55000,47,New,1,1,50277
P003,Apple,MacBook Air M4,Laptop,110000,54,New,2,0,101836
P005,Sony,Sony WH-1000XM6,Headphones,32000,74,Returning,2,0,26556
P004,Sony,PlayStation 5,Gaming Console,55000,5,Returning,3,0,51479
P006,Apple,Apple Watch Series 10,Smartwatch,50000,13,New,1,0,47030
P010,ASUS,ASUS ROG Zephyrus G16,Laptop,160000,51,Returning,1,0,139585
P010,ASUS,ASUS ROG Zephyrus G16,Laptop,160000,20,Returning,1,1,135816
P002,Samsung,Samsung Galaxy S25 Ultra,Smartphone,95000,82,New,2,1,80674
P006,Apple,Apple Watch Series 10,Smartwatch,50000,31,New,3,0,44727
P007,Dell,Dell XPS 13,Laptop,120000,29,Premium,3,1,103192
P005,Sony,Sony WH-1000XM6,Headphones,32000,26,New,3,0,26662
P006,Apple,Apple Watch Series 10,Smartwatch,50000,65,New,3,0,44528
P009,Apple,iPad Air M3,Tablet,65000,39,New,2,0,59998
P007,Dell,Dell XPS 13,Laptop,120000,63,Returning,1,0,109430
P005,Sony,Sony WH-1000XM6,Headphones,32000,56,Premium,1,0,26334
P007,Dell,Dell XPS 13,Laptop,120000,47,New,1,0,110491
P005,Sony,Sony WH-1000XM6,Headphones,32000,99,Premium,2,1,24983
P005,Sony,Sony WH-1000XM6,Headphones,32000,50,Premium,2,0,25800
P002,Samsung,Samsung Galaxy S25 Ultra,Smartphone,95000,65,New,3,0,83243
P004,Sony,PlayStation 5,Gaming Console,55000,22,New,1,1,50550
P006,Apple,Apple Watch Series 10,Smartwatch,50000,14,Premium,3,0,45415
P001,Apple,iPhone 16,Smartphone,80000,77,New,2,1,73133
P008,Canon,Canon EOS R50,Camera,75000,44,New,3,0,65899
P008,Canon,Canon EOS R50,Camera,75000,61,Premium,2,0,65037
P007,Dell,Dell XPS 13,Laptop,120000,13,Returning,3,0,110577
P003,Apple,MacBook Air M4,Laptop,110000,87,Premium,3,1,94300
P010,ASUS,ASUS ROG Zephyrus G16,Laptop,160000,87,Returning,2,1,131250
P009,Apple,iPad Air M3,Tablet,65000,98,Premium,2,0,56710
P003,Apple,MacBook Air M4,Laptop,110000,1,Returning,3,1,100782
P001,Apple,iPhone 16,Smartphone,80000,30,Returning,3,1,71732
P005,Sony,Sony WH-1000XM6,Headphones,32000,63,Returning,2,0,26318
P005,Sony,Sony WH-1000XM6,Headphones,32000,19,Premium,3,1,25857
P010,ASUS,ASUS ROG Zephyrus G16,Laptop,160000,57,Returning,2,0,137165
P005,Sony,Sony WH-1000XM6,Headphones,32000,47,Premium,2,1,25115
P009,Apple,iPad Air M3,Tablet,65000,7,New,1,0,62336
P010,ASUS,ASUS ROG Zephyrus G16,Laptop,160000,45,Returning,2,0,138097
P006,Apple,Apple Watch Series 10,Smartwatch,50000,55,Returning,1,1,44704
P003,Apple,MacBook Air M4,Laptop,110000,76,Returning,1,1,100244
P002,Samsung,Samsung Galaxy S25 Ultra,Smartphone,95000,5,Premium,1,0,86217
P006,Apple,Apple Watch Series 10,Smartwatch,50000,8,Premium,3,0,45270
P007,Dell,Dell XPS 13,Laptop,120000,86,Returning,2,0,105254
P004,Sony,PlayStation 5,Gaming Console,55000,54,New,2,1,49115
P008,Canon,Canon EOS R50,Camera,75000,8,Returning,1,0,68677
P006,Apple,Apple Watch Series 10,Smartwatch,50000,22,Returning,2,0,45176
P002,Samsung,Samsung Galaxy S25 Ultra,Smartphone,95000,25,Returning,3,0,82610
P007,Dell,Dell XPS 13,Laptop,120000,24,New,3,0,108429
P010,ASUS,ASUS ROG Zephyrus G16,Laptop,160000,45,Returning,1,1,135878
P005,Sony,Sony WH-1000XM6,Headphones,32000,87,New,1,1,25673
P008,Canon,Canon EOS R50,Camera,75000,79,New,2,1,65317
P003,Apple,MacBook Air M4,Laptop,110000,71,New,2,0,102428
P004,Sony,PlayStation 5,Gaming Console,55000,28,Premium,3,1,47983
P002,Samsung,Samsung Galaxy S25 Ultra,Smartphone,95000,4,Premium,1,1,84717
P006,Apple,Apple Watch Series 10,Smartwatch,50000,56,New,1,0,46300
P007,Dell,Dell XPS 13,Laptop,120000,37,Returning,2,1,105956
P008,Canon,Canon EOS R50,Camera,75000,49,Returning,2,1,64391
P003,Apple,MacBook Air M4,Laptop,110000,43,New,3,1,99443
P006,Apple,Apple Watch Series 10,Smartwatch,50000,8,Premium,3,0,45664
P005,Sony,Sony WH-1000XM6,Headphones,32000,32,Premium,3,0,25784
P008,Canon,Canon EOS R50,Camera,75000,2,Premium,3,0,66776
P007,Dell,Dell XPS 13,Laptop,120000,16,New,1,1,111743
P006,Apple,Apple Watch Series 10,Smartwatch,50000,98,New,2,0,44541
P003,Apple,MacBook Air M4,Laptop,110000,42,Premium,2,0,99611
P004,Sony,PlayStation 5,Gaming Console,55000,24,Premium,3,1,47695
P010,ASUS,ASUS ROG Zephyrus G16,Laptop,160000,16,Premium,1,0,142697
P006,Apple,Apple Watch Series 10,Smartwatch,50000,24,Premium,1,0,45370
P006,Apple,Apple Watch Series 10,Smartwatch,50000,25,New,2,1,44224
P001,Apple,iPhone 16,Smartphone,80000,94,Premium,3,0,71531
P001,Apple,iPhone 16,Smartphone,80000,30,Premium,3,1,70719
P002,Samsung,Samsung Galaxy S25 Ultra,Smartphone,95000,95,Returning,3,1,78825
P007,Dell,Dell XPS 13,Laptop,120000,76,New,3,0,108095
P002,Samsung,Samsung Galaxy S25 Ultra,Smartphone,95000,95,New,2,0,83014
P008,Canon,Canon EOS R50,Camera,75000,13,Premium,2,0,67616
P006,Apple,Apple Watch Series 10,Smartwatch,50000,63,Returning,2,1,44458
P005,Sony,Sony WH-1000XM6,Headphones,32000,4,Returning,3,0,27610
P005,Sony,Sony WH-1000XM6,Headphones,32000,32,Premium,2,1,25582
P004,Sony,PlayStation 5,Gaming Console,55000,71,Premium,2,0,49119
P006,Apple,Apple Watch Series 10,Smartwatch,50000,96,Returning,2,1,42934
P010,ASUS,ASUS ROG Zephyrus G16,Laptop,160000,41,Premium,2,0,136076
P007,Dell,Dell XPS 13,Laptop,120000,24,Premium,2,0,106468
P008,Canon,Canon EOS R50,Camera,75000,28,New,2,0,66750
P001,Apple,iPhone 16,Smartphone,80000,25,Premium,3,0,72884
P001,Apple,iPhone 16,Smartphone,80000,42,Returning,2,1,72999
P002,Samsung,Samsung Galaxy S25 Ultra,Smartphone,95000,34,New,3,0,83415
P004,Sony,PlayStation 5,Gaming Console,55000,3,Returning,2,0,51353
P010,ASUS,ASUS ROG Zephyrus G16,Laptop,160000,100,Premium,2,1,129930
P009,Apple,iPad Air M3,Tablet,65000,11,Premium,3,1,58034
P006,Apple,Apple Watch Series 10,Smartwatch,50000,93,Premium,1,0,43982
P001,Apple,iPhone 16,Smartphone,80000,21,Premium,2,0,73986
P004,Sony,PlayStation 5,Gaming Console,55000,55,Premium,1,1,48706
P004,Sony,PlayStation 5,Gaming Console,55000,60,New,3,0,49618
P004,Sony,PlayStation 5,Gaming Console,55000,10,Premium,2,0,50944
P002,Samsung,Samsung Galaxy S25 Ultra,Smartphone,95000,25,Returning,3,1,80982
P002,Samsung,Samsung Galaxy S25 Ultra,Smartphone,95000,56,Premium,3,0,81623
P002,Samsung,Samsung Galaxy S25 Ultra,Smartphone,95000,9,New,3,1,84522
P007,Dell,Dell XPS 13,Laptop,120000,22,New,2,0,108961
P008,Canon,Canon EOS R50,Camera,75000,69,Returning,1,1,65069
P002,Samsung,Samsung Galaxy S25 Ultra,Smartphone,95000,36,Returning,2,1,82091
P005,Sony,Sony WH-1000XM6,Headphones,32000,58,New,1,0,27497
P007,Dell,Dell XPS 13,Laptop,120000,66,Premium,2,0,106714
P007,Dell,Dell XPS 13,Laptop,120000,30,Returning,3,0,106314
P009,Apple,iPad Air M3,Tablet,65000,83,Premium,3,1,54978
P009,Apple,iPad Air M3,Tablet,65000,25,New,1,1,59210
P006,Apple,Apple Watch Series 10,Smartwatch,50000,61,Premium,3,0,43914
P006,Apple,Apple Watch Series 10,Smartwatch,50000,56,New,3,0,45411
P005,Sony,Sony WH-1000XM6,Headphones,32000,9,Premium,3,0,27149
P003,Apple,MacBook Air M4,Laptop,110000,37,Returning,2,0,101269
P009,Apple,iPad Air M3,Tablet,65000,22,Returning,1,1,58210
P005,Sony,Sony WH-1000XM6,Headphones,32000,89,Returning,1,1,25322
P007,Dell,Dell XPS 13,Laptop,120000,26,New,2,0,109406
P002,Samsung,Samsung Galaxy S25 Ultra,Smartphone,95000,67,New,1,1,84032
P003,Apple,MacBook Air M4,Laptop,110000,98,New,3,0,99032
P001,Apple,iPhone 16,Smartphone,80000,40,Returning,1,0,74703
P009,Apple,iPad Air M3,Tablet,65000,95,New,2,0,58670
P002,Samsung,Samsung Galaxy S25 Ultra,Smartphone,95000,52,Returning,2,1,81461
P010,ASUS,ASUS ROG Zephyrus G16,Laptop,160000,24,Premium,2,0,136074
P007,Dell,Dell XPS 13,Laptop,120000,72,New,1,0,110848
P008,Canon,Canon EOS R50,Camera,75000,84,New,3,0,64650
P008,Canon,Canon EOS R50,Camera,75000,90,Premium,1,0,64372
P006,Apple,Apple Watch Series 10,Smartwatch,50000,27,Premium,3,0,43873
P009,Apple,iPad Air M3,Tablet,65000,69,New,1,0,60040
P004,Sony,PlayStation 5,Gaming Console,55000,51,Returning,1,1,49052
P004,Sony,PlayStation 5,Gaming Console,55000,32,Premium,2,0,49935
P008,Canon,Canon EOS R50,Camera,75000,98,Premium,2,1,61763
P003,Apple,MacBook Air M4,Laptop,110000,66,Returning,2,0,101183
P003,Apple,MacBook Air M4,Laptop,110000,53,Premium,3,1,96843
P009,Apple,iPad Air M3,Tablet,65000,10,New,2,0,61504
P010,ASUS,ASUS ROG Zephyrus G16,Laptop,160000,12,Returning,2,0,142077
P009,Apple,iPad Air M3,Tablet,65000,66,Premium,1,1,57974
P004,Sony,PlayStation 5,Gaming Console,55000,78,Premium,3,1,48277
P010,ASUS,ASUS ROG Zephyrus G16,Laptop,160000,29,New,3,0,138088
P003,Apple,MacBook Air M4,Laptop,110000,58,Premium,3,0,98780
P007,Dell,Dell XPS 13,Laptop,120000,74,Returning,1,1,106550
P007,Dell,Dell XPS 13,Laptop,120000,76,Premium,3,0,105348
P003,Apple,MacBook Air M4,Laptop,110000,6,Returning,1,1,103733
P009,Apple,iPad Air M3,Tablet,65000,54,New,3,0,58998
P007,Dell,Dell XPS 13,Laptop,120000,87,New,1,0,108337
P007,Dell,Dell XPS 13,Laptop,120000,64,Premium,1,0,108195
P010,ASUS,ASUS ROG Zephyrus G16,Laptop,160000,36,Returning,2,0,137186
P005,Sony,Sony WH-1000XM6,Headphones,32000,91,New,1,0,26321
P005,Sony,Sony WH-1000XM6,Headphones,32000,57,New,1,0,27275
P004,Sony,PlayStation 5,Gaming Console,55000,97,Returning,1,1,48461
P008,Canon,Canon EOS R50,Camera,75000,40,Premium,2,1,63440
P004,Sony,PlayStation 5,Gaming Console,55000,58,Premium,3,1,48069
P002,Samsung,Samsung Galaxy S25 Ultra,Smartphone,95000,62,New,1,1,83570
P007,Dell,Dell XPS 13,Laptop,120000,4,Premium,2,0,110525
P006,Apple,Apple Watch Series 10,Smartwatch,50000,82,New,3,0,43917
P009,Apple,iPad Air M3,Tablet,65000,73,Premium,1,1,57718
P008,Canon,Canon EOS R50,Camera,75000,38,New,3,1,64607
P009,Apple,iPad Air M3,Tablet,65000,33,Premium,1,1,57764
P004,Sony,PlayStation 5,Gaming Console,55000,87,New,2,1,48326
P002,Samsung,Samsung Galaxy S25 Ultra,Smartphone,95000,65,Returning,2,0,83450
P008,Canon,Canon EOS R50,Camera,75000,58,Returning,3,1,64160
P009,Apple,iPad Air M3,Tablet,65000,47,Premium,1,1,58337
P006,Apple,Apple Watch Series 10,Smartwatch,50000,65,New,2,0,45548
P009,Apple,iPad Air M3,Tablet,65000,90,New,2,1,57019
P009,Apple,iPad Air M3,Tablet,65000,73,New,1,1,58688
P005,Sony,Sony WH-1000XM6,Headphones,32000,17,Returning,2,1,26384
P003,Apple,MacBook Air M4,Laptop,110000,45,Returning,2,0,100859
P002,Samsung,Samsung Galaxy S25 Ultra,Smartphone,95000,62,Premium,1,1,82008
P010,ASUS,ASUS ROG Zephyrus G16,Laptop,160000,72,Premium,1,1,134677
P002,Samsung,Samsung Galaxy S25 Ultra,Smartphone,95000,93,New,1,1,81938
P007,Dell,Dell XPS 13,Laptop,120000,27,New,3,1,105102
P004,Sony,PlayStation 5,Gaming Console,55000,66,Premium,1,1,48669
P008,Canon,Canon EOS R50,Camera,75000,33,New,3,0,65947
P010,ASUS,ASUS ROG Zephyrus G16,Laptop,160000,71,New,3,1,134226
P006,Apple,Apple Watch Series 10,Smartwatch,50000,16,New,3,1,45795
P002,Samsung,Samsung Galaxy S25 Ultra,Smartphone,95000,79,Premium,2,0,83037
P008,Canon,Canon EOS R50,Camera,75000,93,Premium,3,0,63139
P004,Sony,PlayStation 5,Gaming Console,55000,87,New,1,0,50187
P005,Sony,Sony WH-1000XM6,Headphones,32000,5,New,3,1,27193
P006,Apple,Apple Watch Series 10,Smartwatch,50000,76,Returning,1,1,44923
P001,Apple,iPhone 16,Smartphone,80000,9,Returning,2,1,75073
P006,Apple,Apple Watch Series 10,Smartwatch,50000,41,Returning,2,1,43717
P003,Apple,MacBook Air M4,Laptop,110000,72,New,1,1,101385
P001,Apple,iPhone 16,Smartphone,80000,44,Returning,1,1,73422
P008,Canon,Canon EOS R50,Camera,75000,27,Premium,3,1,62618
P001,Apple,iPhone 16,Smartphone,80000,74,Returning,1,0,75464
P007,Dell,Dell XPS 13,Laptop,120000,49,New,2,0,109375
P006,Apple,Apple Watch Series 10,Smartwatch,50000,25,New,2,1,44415
P001,Apple,iPhone 16,Smartphone,80000,89,New,2,1,72210
P006,Apple,Apple Watch Series 10,Smartwatch,50000,49,Premium,2,0,44522
P002,Samsung,Samsung Galaxy S25 Ultra,Smartphone,95000,38,New,1,1,83987
P010,ASUS,ASUS ROG Zephyrus G16,Laptop,160000,58,Returning,2,1,134767
P006,Apple,Apple Watch Series 10,Smartwatch,50000,34,Returning,1,1,44569
P004,Sony,PlayStation 5,Gaming Console,55000,35,New,2,0,50481
P004,Sony,PlayStation 5,Gaming Console,55000,31,Premium,3,0,49282
P005,Sony,Sony WH-1000XM6,Headphones,32000,78,Premium,3,1,25382
P007,Dell,Dell XPS 13,Laptop,120000,49,Premium,1,0,108026
P008,Canon,Canon EOS R50,Camera,75000,97,Returning,3,0,63545
P002,Samsung,Samsung Galaxy S25 Ultra,Smartphone,95000,38,Premium,1,0,83529
P004,Sony,PlayStation 5,Gaming Console,55000,40,Premium,2,1,48241
P002,Samsung,Samsung Galaxy S25 Ultra,Smartphone,95000,18,Premium,2,0,85929
P010,ASUS,ASUS ROG Zephyrus G16,Laptop,160000,31,Returning,3,0,136386
P003,Apple,MacBook Air M4,Laptop,110000,21,Premium,3,0,99400
P001,Apple,iPhone 16,Smartphone,80000,77,Premium,3,1,71001
P004,Sony,PlayStation 5,Gaming Console,55000,9,Premium,1,0,52010
P004,Sony,PlayStation 5,Gaming Console,55000,36,Premium,2,1,48751
P008,Canon,Canon EOS R50,Camera,75000,78,Premium,3,0,64941
P001,Apple,iPhone 16,Smartphone,80000,61,New,2,1,73496
P009,Apple,iPad Air M3,Tablet,65000,63,New,1,0,60340
P004,Sony,PlayStation 5,Gaming Console,55000,54,Returning,2,0,50002
P002,Samsung,Samsung Galaxy S25 Ultra,Smartphone,95000,83,Premium,2,0,81238
P001,Apple,iPhone 16,Smartphone,80000,37,New,1,1,74397
P008,Canon,Canon EOS R50,Camera,75000,62,Returning,2,1,64823
P010,ASUS,ASUS ROG Zephyrus G16,Laptop,160000,85,Premium,3,0,131461
P003,Apple,MacBook Air M4,Laptop,110000,93,New,2,1,97890
P004,Sony,PlayStation 5,Gaming Console,55000,60,New,3,1,48932
P006,Apple,Apple Watch Series 10,Smartwatch,50000,43,Returning,3,0,44828
P003,Apple,MacBook Air M4,Laptop,110000,4,Premium,2,1,100970
P001,Apple,iPhone 16,Smartphone,80000,21,Premium,3,1,71623
P005,Sony,Sony WH-1000XM6,Headphones,32000,27,Premium,3,0,25806
P010,ASUS,ASUS ROG Zephyrus G16,Laptop,160000,58,Returning,3,1,133278
P002,Samsung,Samsung Galaxy S25 Ultra,Smartphone,95000,31,Premium,2,1,80748
P005,Sony,Sony WH-1000XM6,Headphones,32000,99,Premium,3,1,25001
P009,Apple,iPad Air M3,Tablet,65000,78,Premium,2,0,58531
P008,Canon,Canon EOS R50,Camera,75000,67,Returning,1,0,67227
P005,Sony,Sony WH-1000XM6,Headphones,32000,16,Premium,3,0,26711
P010,ASUS,ASUS ROG Zephyrus G16,Laptop,160000,5,Premium,3,1,136124
P001,Apple,iPhone 16,Smartphone,80000,88,Returning,2,1,71177
P005,Sony,Sony WH-1000XM6,Headphones,32000,24,Returning,1,1,25881
P006,Apple,Apple Watch Series 10,Smartwatch,50000,39,Returning,2,0,44991
P009,Apple,iPad Air M3,Tablet,65000,53,New,1,1,58908
P008,Canon,Canon EOS R50,Camera,75000,84,New,3,1,62783
P001,Apple,iPhone 16,Smartphone,80000,59,Returning,1,0,75325
P002,Samsung,Samsung Galaxy S25 Ultra,Smartphone,95000,33,Returning,1,0,84509
P009,Apple,iPad Air M3,Tablet,65000,22,Premium,1,0,58971
P007,Dell,Dell XPS 13,Laptop,120000,67,Premium,3,0,105792
P001,Apple,iPhone 16,Smartphone,80000,72,Premium,3,1,71247
P008,Canon,Canon EOS R50,Camera,75000,62,Returning,1,1,65116
P001,Apple,iPhone 16,Smartphone,80000,14,New,3,0,77158
P010,ASUS,ASUS ROG Zephyrus G16,Laptop,160000,81,New,2,1,133291
P008,Canon,Canon EOS R50,Camera,75000,79,Returning,3,1,64041
P007,Dell,Dell XPS 13,Laptop,120000,32,New,2,1,106368
P009,Apple,iPad Air M3,Tablet,65000,52,New,2,1,58748
P008,Canon,Canon EOS R50,Camera,75000,95,Premium,2,0,63663
P004,Sony,PlayStation 5,Gaming Console,55000,29,Premium,2,0,49810
P009,Apple,iPad Air M3,Tablet,65000,16,New,1,0,62045
P007,Dell,Dell XPS 13,Laptop,120000,17,Returning,3,1,107810
P001,Apple,iPhone 16,Smartphone,80000,79,Returning,2,1,72675
P005,Sony,Sony WH-1000XM6,Headphones,32000,73,Returning,2,0,26856
P006,Apple,Apple Watch Series 10,Smartwatch,50000,29,Returning,2,1,44486
P004,Sony,PlayStation 5,Gaming Console,55000,33,Premium,3,1,47644
P002,Samsung,Samsung Galaxy S25 Ultra,Smartphone,95000,17,New,3,1,84439
P003,Apple,MacBook Air M4,Laptop,110000,7,Premium,3,0,102668
P002,Samsung,Samsung Galaxy S25 Ultra,Smartphone,95000,90,New,3,0,82118
P005,Sony,Sony WH-1000XM6,Headphones,32000,65,New,3,0,26999
P001,Apple,iPhone 16,Smartphone,80000,87,Premium,1,0,72663
P004,Sony,PlayStation 5,Gaming Console,55000,50,Returning,1,1,49648
P006,Apple,Apple Watch Series 10,Smartwatch,50000,52,Premium,2,1,43613
P001,Apple,iPhone 16,Smartphone,80000,5,New,3,0,77197
P004,Sony,PlayStation 5,Gaming Console,55000,25,New,2,0,50925
P005,Sony,Sony WH-1000XM6,Headphones,32000,2,Returning,1,1,27352
P008,Canon,Canon EOS R50,Camera,75000,42,Premium,3,1,63211
P003,Apple,MacBook Air M4,Laptop,110000,60,Returning,3,1,98399
P002,Samsung,Samsung Galaxy S25 Ultra,Smartphone,95000,84,New,2,1,81083
P010,ASUS,ASUS ROG Zephyrus G16,Laptop,160000,96,New,1,0,137344
P006,Apple,Apple Watch Series 10,Smartwatch,50000,56,Premium,2,0,44020
P002,Samsung,Samsung Galaxy S25 Ultra,Smartphone,95000,71,Returning,2,1,81658
P007,Dell,Dell XPS 13,Laptop,120000,49,New,2,0,109605
P010,ASUS,ASUS ROG Zephyrus G16,Laptop,160000,92,Returning,1,1,132588
P002,Samsung,Samsung Galaxy S25 Ultra,Smartphone,95000,2,New,1,1,86014
P008,Canon,Canon EOS R50,Camera,75000,32,Premium,1,1,64377
P003,Apple,MacBook Air M4,Laptop,110000,28,Returning,3,1,97778
P006,Apple,Apple Watch Series 10,Smartwatch,50000,37,Returning,3,0,44130
P001,Apple,iPhone 16,Smartphone,80000,29,Premium,2,1,71965
P003,Apple,MacBook Air M4,Laptop,110000,56,Returning,2,0,100777
P010,ASUS,ASUS ROG Zephyrus G16,Laptop,160000,97,Premium,3,0,131422
P009,Apple,iPad Air M3,Tablet,65000,78,New,2,0,60147
P006,Apple,Apple Watch Series 10,Smartwatch,50000,28,Returning,3,1,43845
P003,Apple,MacBook Air M4,Laptop,110000,44,Premium,3,1,96428
P009,Apple,iPad Air M3,Tablet,65000,86,Returning,3,0,57208
P009,Apple,iPad Air M3,Tablet,65000,11,New,3,1,60292
P008,Canon,Canon EOS R50,Camera,75000,43,New,1,1,66293
P001,Apple,iPhone 16,Smartphone,80000,60,Premium,2,0,73615
P006,Apple,Apple Watch Series 10,Smartwatch,50000,3,Returning,3,0,46185
P005,Sony,Sony WH-1000XM6,Headphones,32000,7,Returning,3,1,26847
P005,Sony,Sony WH-1000XM6,Headphones,32000,54,Premium,2,0,25874
P001,Apple,iPhone 16,Smartphone,80000,52,Premium,1,1,72411
P002,Samsung,Samsung Galaxy S25 Ultra,Smartphone,95000,80,Premium,2,1,80473
P008,Canon,Canon EOS R50,Camera,75000,20,Returning,1,0,66487
P002,Samsung,Samsung Galaxy S25 Ultra,Smartphone,95000,41,Premium,2,1,80566
P004,Sony,PlayStation 5,Gaming Console,55000,98,Premium,2,1,47713
P003,Apple,MacBook Air M4,Laptop,110000,71,New,3,1,98760
P001,Apple,iPhone 16,Smartphone,80000,8,Premium,1,0,76410
P010,ASUS,ASUS ROG Zephyrus G16,Laptop,160000,46,New,2,1,135748
P001,Apple,iPhone 16,Smartphone,80000,44,Premium,1,0,74769
P001,Apple,iPhone 16,Smartphone,80000,31,Returning,3,0,74068
P003,Apple,MacBook Air M4,Laptop,110000,96,Premium,1,1,96445
P001,Apple,iPhone 16,Smartphone,80000,43,Premium,2,1,72223
P006,Apple,Apple Watch Series 10,Smartwatch,50000,93,Returning,1,1,43621
P008,Canon,Canon EOS R50,Camera,75000,48,Returning,2,1,64559
P004,Sony,PlayStation 5,Gaming Console,55000,30,Premium,1,1,48662
P002,Samsung,Samsung Galaxy S25 Ultra,Smartphone,95000,4,Premium,3,1,82231
P009,Apple,iPad Air M3,Tablet,65000,65,Premium,2,1,57260
P008,Canon,Canon EOS R50,Camera,75000,68,New,3,0,66195
P010,ASUS,ASUS ROG Zephyrus G16,Laptop,160000,44,Returning,1,0,139318
P008,Canon,Canon EOS R50,Camera,75000,67,New,1,0,67574
P010,ASUS,ASUS ROG Zephyrus G16,Laptop,160000,72,Returning,2,1,134313
P001,Apple,iPhone 16,Smartphone,80000,58,Returning,2,1,72461
P006,Apple,Apple Watch Series 10,Smartwatch,50000,87,Premium,2,1,42003
P004,Sony,PlayStation 5,Gaming Console,55000,21,Returning,1,1,49365
P009,Apple,iPad Air M3,Tablet,65000,58,Returning,1,0,59980
P003,Apple,MacBook Air M4,Laptop,110000,5,Returning,2,0,104046
P005,Sony,Sony WH-1000XM6,Headphones,32000,52,Premium,1,1,25714
P004,Sony,PlayStation 5,Gaming Console,55000,75,New,3,1,49295
P005,Sony,Sony WH-1000XM6,Headphones,32000,69,Returning,2,1,25614
P010,ASUS,ASUS ROG Zephyrus G16,Laptop,160000,22,New,1,1,137744
P005,Sony,Sony WH-1000XM6,Headphones,32000,100,Returning,1,1,25341
P002,Samsung,Samsung Galaxy S25 Ultra,Smartphone,95000,74,Returning,1,0,84173
P002,Samsung,Samsung Galaxy S25 Ultra,Smartphone,95000,24,New,1,1,83600
P003,Apple,MacBook Air M4,Laptop,110000,79,Premium,3,0,99252
P007,Dell,Dell XPS 13,Laptop,120000,80,Premium,2,0,107214
P007,Dell,Dell XPS 13,Laptop,120000,11,Premium,2,1,108178
P007,Dell,Dell XPS 13,Laptop,120000,36,Returning,1,0,109200
P010,ASUS,ASUS ROG Zephyrus G16,Laptop,160000,29,Returning,1,1,135849
P007,Dell,Dell XPS 13,Laptop,120000,47,New,3,0,108056
P004,Sony,PlayStation 5,Gaming Console,55000,14,Premium,1,0,51867
P001,Apple,iPhone 16,Smartphone,80000,10,Premium,2,0,76150
P009,Apple,iPad Air M3,Tablet,65000,29,New,1,1,58812
P010,ASUS,ASUS ROG Zephyrus G16,Laptop,160000,6,New,2,1,140371
P007,Dell,Dell XPS 13,Laptop,120000,49,Premium,3,1,102915
P001,Apple,iPhone 16,Smartphone,80000,71,Returning,1,1,73251
P009,Apple,iPad Air M3,Tablet,65000,85,New,1,1,57852
P003,Apple,MacBook Air M4,Laptop,110000,28,New,2,1,100456
P005,Sony,Sony WH-1000XM6,Headphones,32000,36,Returning,1,0,26769
P001,Apple,iPhone 16,Smartphone,80000,51,New,2,1,74082
P004,Sony,PlayStation 5,Gaming Console,55000,63,Returning,3,0,49074
P005,Sony,Sony WH-1000XM6,Headphones,32000,16,Premium,1,0,27081
P008,Canon,Canon EOS R50,Camera,75000,21,Premium,1,1,64482
P010,ASUS,ASUS ROG Zephyrus G16,Laptop,160000,69,Premium,1,0,137771
P002,Samsung,Samsung Galaxy S25 Ultra,Smartphone,95000,59,New,3,1,81985
P007,Dell,Dell XPS 13,Laptop,120000,35,Returning,3,1,104657
P006,Apple,Apple Watch Series 10,Smartwatch,50000,70,Premium,2,1,43774
P006,Apple,Apple Watch Series 10,Smartwatch,50000,58,Premium,1,0,45324
P004,Sony,PlayStation 5,Gaming Console,55000,52,Premium,2,1,48548
P010,ASUS,ASUS ROG Zephyrus G16,Laptop,160000,97,Premium,2,1,130054
P010,ASUS,ASUS ROG Zephyrus G16,Laptop,160000,11,New,3,0,142660
P008,Canon,Canon EOS R50,Camera,75000,68,Returning,3,1,63572
P003,Apple,MacBook Air M4,Laptop,110000,28,New,3,0,100995
P006,Apple,Apple Watch Series 10,Smartwatch,50000,28,New,2,0,45025
P005,Sony,Sony WH-1000XM6,Headphones,32000,79,Premium,1,0,26866
P008,Canon,Canon EOS R50,Camera,75000,5,New,1,0,69652
P008,Canon,Canon EOS R50,Camera,75000,45,Returning,2,1,64355
P004,Sony,PlayStation 5,Gaming Console,55000,91,Premium,2,1,47608
P002,Samsung,Samsung Galaxy S25 Ultra,Smartphone,95000,55,New,3,0,83449
P002,Samsung,Samsung Galaxy S25 Ultra,Smartphone,95000,14,Returning,1,0,86953
P004,Sony,PlayStation 5,Gaming Console,55000,45,Premium,1,0,50036
P003,Apple,MacBook Air M4,Laptop,110000,50,New,3,0,101586
P001,Apple,iPhone 16,Smartphone,80000,70,New,3,1,72866
P001,Apple,iPhone 16,Smartphone,80000,69,Premium,3,1,71601
P002,Samsung,Samsung Galaxy S25 Ultra,Smartphone,95000,14,New,2,0,87209
P005,Sony,Sony WH-1000XM6,Headphones,32000,90,New,1,1,25746
P008,Canon,Canon EOS R50,Camera,75000,62,New,1,0,67136
P008,Canon,Canon EOS R50,Camera,75000,14,Premium,2,0,67000
P010,ASUS,ASUS ROG Zephyrus G16,Laptop,160000,68,New,3,1,134325
P007,Dell,Dell XPS 13,Laptop,120000,30,Returning,1,0,109041
P003,Apple,MacBook Air M4,Laptop,110000,54,Returning,1,1,99717
P002,Samsung,Samsung Galaxy S25 Ultra,Smartphone,95000,2,Returning,1,1,85546
P007,Dell,Dell XPS 13,Laptop,120000,68,Premium,2,1,104329
P005,Sony,Sony WH-1000XM6,Headphones,32000,13,Returning,2,0,27378
P010,ASUS,ASUS ROG Zephyrus G16,Laptop,160000,40,Returning,3,1,132496
P008,Canon,Canon EOS R50,Camera,75000,38,New,2,0,66575
P008,Canon,Canon EOS R50,Camera,75000,57,Returning,3,1,63984
P008,Canon,Canon EOS R50,Camera,75000,97,New,3,1,62590
P007,Dell,Dell XPS 13,Laptop,120000,81,Returning,1,0,107042
P003,Apple,MacBook Air M4,Laptop,110000,86,Premium,1,1,97057
P001,Apple,iPhone 16,Smartphone,80000,13,Returning,3,0,76403
P010,ASUS,ASUS ROG Zephyrus G16,Laptop,160000,46,Premium,3,0,134595
P008,Canon,Canon EOS R50,Camera,75000,83,New,2,0,65385
P010,ASUS,ASUS ROG Zephyrus G16,Laptop,160000,49,Premium,3,0,134044
P004,Sony,PlayStation 5,Gaming Console,55000,8,Premium,2,1,50482
P008,Canon,Canon EOS R50,Camera,75000,20,Returning,3,1,63327
P002,Samsung,Samsung Galaxy S25 Ultra,Smartphone,95000,47,Premium,3,1,80003
P004,Sony,PlayStation 5,Gaming Console,55000,30,Premium,2,0,49402
P003,Apple,MacBook Air M4,Laptop,110000,97,Premium,3,0,96744
P003,Apple,MacBook Air M4,Laptop,110000,71,Premium,3,0,98828
P007,Dell,Dell XPS 13,Laptop,120000,51,New,3,0,107527
P010,ASUS,ASUS ROG Zephyrus G16,Laptop,160000,69,New,2,0,139354
P009,Apple,iPad Air M3,Tablet,65000,28,Returning,1,1,58835
P010,ASUS,ASUS ROG Zephyrus G16,Laptop,160000,27,Returning,1,1,135945
P009,Apple,iPad Air M3,Tablet,65000,8,Premium,3,1,58453
P010,ASUS,ASUS ROG Zephyrus G16,Laptop,160000,81,New,2,1,132448
P005,Sony,Sony WH-1000XM6,Headphones,32000,90,Returning,1,1,25574
P007,Dell,Dell XPS 13,Laptop,120000,19,New,3,1,109463
P005,Sony,Sony WH-1000XM6,Headphones,32000,31,New,3,1,25712
P008,Canon,Canon EOS R50,Camera,75000,39,New,3,0,65643
P007,Dell,Dell XPS 13,Laptop,120000,68,New,3,1,105635
P008,Canon,Canon EOS R50,Camera,75000,4,Premium,3,0,66847
P006,Apple,Apple Watch Series 10,Smartwatch,50000,14,Returning,3,0,46073
P010,ASUS,ASUS ROG Zephyrus G16,Laptop,160000,6,Premium,2,1,137371
P009,Apple,iPad Air M3,Tablet,65000,20,Returning,1,1,58488
P004,Sony,PlayStation 5,Gaming Console,55000,29,New,1,1,50083
P002,Samsung,Samsung Galaxy S25 Ultra,Smartphone,95000,17,Premium,3,1,82552
P007,Dell,Dell XPS 13,Laptop,120000,29,Returning,1,1,107116
P002,Samsung,Samsung Galaxy S25 Ultra,Smartphone,95000,80,Returning,3,1,80517
P008,Canon,Canon EOS R50,Camera,75000,55,Returning,3,0,65620
P003,Apple,MacBook Air M4,Laptop,110000,39,Returning,3,1,97928
P006,Apple,Apple Watch Series 10,Smartwatch,50000,98,New,2,0,44068
P008,Canon,Canon EOS R50,Camera,75000,48,New,2,0,66503
P006,Apple,Apple Watch Series 10,Smartwatch,50000,89,Premium,1,1,42835
P005,Sony,Sony WH-1000XM6,Headphones,32000,83,Returning,1,1,25107
P001,Apple,iPhone 16,Smartphone,80000,46,Returning,2,1,73026
P009,Apple,iPad Air M3,Tablet,65000,6,Returning,2,1,59619
P009,Apple,iPad Air M3,Tablet,65000,59,Premium,2,0,58231
P009,Apple,iPad Air M3,Tablet,65000,86,New,1,0,59117
P007,Dell,Dell XPS 13,Laptop,120000,6,Returning,3,0,110101
P006,Apple,Apple Watch Series 10,Smartwatch,50000,78,Returning,3,0,44652
P003,Apple,MacBook Air M4,Laptop,110000,33,Returning,1,1,100445
P009,Apple,iPad Air M3,Tablet,65000,69,New,2,0,59979
P004,Sony,PlayStation 5,Gaming Console,55000,47,New,2,0,50598
P007,Dell,Dell XPS 13,Laptop,120000,90,Returning,2,1,102809
P005,Sony,Sony WH-1000XM6,Headphones,32000,13,New,3,0,27053
P002,Samsung,Samsung Galaxy S25 Ultra,Smartphone,95000,38,Premium,2,0,82731
P002,Samsung,Samsung Galaxy S25 Ultra,Smartphone,95000,81,New,3,0,82163
P006,Apple,Apple Watch Series 10,Smartwatch,50000,67,Returning,2,0,45190
P002,Samsung,Samsung Galaxy S25 Ultra,Smartphone,95000,18,Returning,2,0,86088
P008,Canon,Canon EOS R50,Camera,75000,63,Premium,1,1,64394
P009,Apple,iPad Air M3,Tablet,65000,44,New,3,0,59503
P010,ASUS,ASUS ROG Zephyrus G16,Laptop,160000,13,Premium,2,1,137377
P008,Canon,Canon EOS R50,Camera,75000,73,Returning,1,0,66922
P004,Sony,PlayStation 5,Gaming Console,55000,4,Premium,3,0,50270
P010,ASUS,ASUS ROG Zephyrus G16,Laptop,160000,82,New,2,1,133147
P002,Samsung,Samsung Galaxy S25 Ultra,Smartphone,95000,78,Premium,2,1,80819
P005,Sony,Sony WH-1000XM6,Headphones,32000,5,New,3,0,27495
P007,Dell,Dell XPS 13,Laptop,120000,33,Returning,1,1,106955
P006,Apple,Apple Watch Series 10,Smartwatch,50000,72,Returning,1,0,45951
P003,Apple,MacBook Air M4,Laptop,110000,31,Premium,2,1,97829
P003,Apple,MacBook Air M4,Laptop,110000,53,New,1,0,103273
P010,ASUS,ASUS ROG Zephyrus G16,Laptop,160000,70,New,3,0,137983
P009,Apple,iPad Air M3,Tablet,65000,99,Premium,3,0,56057
P004,Sony,PlayStation 5,Gaming Console,55000,1,New,2,0,52217
P009,Apple,iPad Air M3,Tablet,65000,20,Premium,2,1,57344
P003,Apple,MacBook Air M4,Laptop,110000,93,Premium,3,0,96352
P004,Sony,PlayStation 5,Gaming Console,55000,2,Returning,1,0,52629
P009,Apple,iPad Air M3,Tablet,65000,9,Returning,3,0,60912
P003,Apple,MacBook Air M4,Laptop,110000,27,Premium,3,1,96687
P007,Dell,Dell XPS 13,Laptop,120000,22,New,2,1,106370
P006,Apple,Apple Watch Series 10,Smartwatch,50000,90,New,3,0,43956
P001,Apple,iPhone 16,Smartphone,80000,100,Premium,1,1,71451
P003,Apple,MacBook Air M4,Laptop,110000,80,Premium,1,1,99369
P003,Apple,MacBook Air M4,Laptop,110000,85,Premium,2,0,97740
P009,Apple,iPad Air M3,Tablet,65000,99,New,2,0,58720
P007,Dell,Dell XPS 13,Laptop,120000,26,Premium,3,1,103360
P005,Sony,Sony WH-1000XM6,Headphones,32000,79,Returning,2,0,26114
P010,ASUS,ASUS ROG Zephyrus G16,Laptop,160000,19,Premium,1,0,142268
P006,Apple,Apple Watch Series 10,Smartwatch,50000,68,Premium,2,1,43865
P003,Apple,MacBook Air M4,Laptop,110000,66,Premium,1,1,98909
P004,Sony,PlayStation 5,Gaming Console,55000,83,Premium,3,0,48258
P007,Dell,Dell XPS 13,Laptop,120000,11,Premium,3,0,109058
P006,Apple,Apple Watch Series 10,Smartwatch,50000,72,Returning,2,0,44518
P003,Apple,MacBook Air M4,Laptop,110000,76,Returning,1,1,100336
P010,ASUS,ASUS ROG Zephyrus G16,Laptop,160000,77,Premium,1,1,133966
P007,Dell,Dell XPS 13,Laptop,120000,60,Premium,2,0,106967
P001,Apple,iPhone 16,Smartphone,80000,24,Returning,3,0,73381
P006,Apple,Apple Watch Series 10,Smartwatch,50000,34,Premium,1,0,45075
P010,ASUS,ASUS ROG Zephyrus G16,Laptop,160000,16,Returning,3,0,140825
P005,Sony,Sony WH-1000XM6,Headphones,32000,44,Premium,2,1,25376
P010,ASUS,ASUS ROG Zephyrus G16,Laptop,160000,33,New,1,0,140730
P003,Apple,MacBook Air M4,Laptop,110000,71,Premium,2,1,98152
P009,Apple,iPad Air M3,Tablet,65000,3,Returning,3,0,59971
P001,Apple,iPhone 16,Smartphone,80000,72,Premium,3,0,72664
P008,Canon,Canon EOS R50,Camera,75000,3,New,3,1,66542
P004,Sony,PlayStation 5,Gaming Console,55000,98,Premium,3,1,46707
P006,Apple,Apple Watch Series 10,Smartwatch,50000,88,New,3,0,43838
P006,Apple,Apple Watch Series 10,Smartwatch,50000,90,Returning,3,1,42512
P001,Apple,iPhone 16,Smartphone,80000,90,Premium,3,1,69534
P010,ASUS,ASUS ROG Zephyrus G16,Laptop,160000,94,New,1,0,137447
P009,Apple,iPad Air M3,Tablet,65000,15,New,1,1,61477
P003,Apple,MacBook Air M4,Laptop,110000,35,Premium,1,1,99135
P005,Sony,Sony WH-1000XM6,Headphones,32000,62,Premium,1,0,26198
P006,Apple,Apple Watch Series 10,Smartwatch,50000,15,Premium,3,0,45402
P008,Canon,Canon EOS R50,Camera,75000,18,Returning,3,1,66299
P007,Dell,Dell XPS 13,Laptop,120000,7,Premium,2,1,108205
P008,Canon,Canon EOS R50,Camera,75000,21,Returning,3,1,63746
P005,Sony,Sony WH-1000XM6,Headphones,32000,59,Returning,1,0,27346
P009,Apple,iPad Air M3,Tablet,65000,28,Returning,2,0,59335
P009,Apple,iPad Air M3,Tablet,65000,78,New,3,0,59529
P001,Apple,iPhone 16,Smartphone,80000,5,Premium,3,1,73355
P005,Sony,Sony WH-1000XM6,Headphones,32000,83,Returning,2,0,25937
P001,Apple,iPhone 16,Smartphone,80000,34,New,1,0,75660
P004,Sony,PlayStation 5,Gaming Console,55000,2,Returning,3,1,50446
P006,Apple,Apple Watch Series 10,Smartwatch,50000,59,New,1,1,45068
P003,Apple,MacBook Air M4,Laptop,110000,65,Returning,2,1,99480
P008,Canon,Canon EOS R50,Camera,75000,47,Premium,2,1,63392
P006,Apple,Apple Watch Series 10,Smartwatch,50000,66,Returning,3,1,43963
P007,Dell,Dell XPS 13,Laptop,120000,70,Returning,1,1,107080
P007,Dell,Dell XPS 13,Laptop,120000,35,Premium,2,0,106973
P007,Dell,Dell XPS 13,Laptop,120000,40,Premium,2,0,106529
P001,Apple,iPhone 16,Smartphone,80000,7,New,1,1,76660
P005,Sony,Sony WH-1000XM6,Headphones,32000,52,Premium,2,1,25968
P004,Sony,PlayStation 5,Gaming Console,55000,31,Returning,2,1,48589
P010,ASUS,ASUS ROG Zephyrus G16,Laptop,160000,34,Premium,3,1,130994
P008,Canon,Canon EOS R50,Camera,75000,1,Returning,1,1,67380
P001,Apple,iPhone 16,Smartphone,80000,43,Premium,3,1,70917
P004,Sony,PlayStation 5,Gaming Console,55000,62,New,2,1,49664
P002,Samsung,Samsung Galaxy S25 Ultra,Smartphone,95000,9,Premium,1,1,84713
P002,Samsung,Samsung Galaxy S25 Ultra,Smartphone,95000,26,Premium,3,1,80176
P006,Apple,Apple Watch Series 10,Smartwatch,50000,84,Premium,2,1,42577
P005,Sony,Sony WH-1000XM6,Headphones,32000,21,New,3,0,26741
P004,Sony,PlayStation 5,Gaming Console,55000,32,Premium,1,1,48528
P010,ASUS,ASUS ROG Zephyrus G16,Laptop,160000,86,Premium,2,1,129836
P002,Samsung,Samsung Galaxy S25 Ultra,Smartphone,95000,11,Premium,1,0,86680
P007,Dell,Dell XPS 13,Laptop,120000,57,Premium,2,1,104863
P004,Sony,PlayStation 5,Gaming Console,55000,49,New,2,0,50986
P010,ASUS,ASUS ROG Zephyrus G16,Laptop,160000,67,Returning,3,0,135949
P002,Samsung,Samsung Galaxy S25 Ultra,Smartphone,95000,34,New,3,1,81787
P005,Sony,Sony WH-1000XM6,Headphones,32000,61,Returning,3,0,26732
P005,Sony,Sony WH-1000XM6,Headphones,32000,100,Returning,2,0,26152
P009,Apple,iPad Air M3,Tablet,65000,54,New,2,0,60017
P009,Apple,iPad Air M3,Tablet,65000,86,Returning,2,1,56364
P006,Apple,Apple Watch Series 10,Smartwatch,50000,68,Premium,1,1,43693
P002,Samsung,Samsung Galaxy S25 Ultra,Smartphone,95000,80,Returning,3,1,80416
P002,Samsung,Samsung Galaxy S25 Ultra,Smartphone,95000,89,Returning,3,0,80905
P001,Apple,iPhone 16,Smartphone,80000,42,New,3,0,74037
P007,Dell,Dell XPS 13,Laptop,120000,3,Returning,2,1,109006
P001,Apple,iPhone 16,Smartphone,80000,18,Premium,3,1,74048
P006,Apple,Apple Watch Series 10,Smartwatch,50000,80,Returning,3,1,43433
P010,ASUS,ASUS ROG Zephyrus G16,Laptop,160000,42,Returning,3,0,136155
P003,Apple,MacBook Air M4,Laptop,110000,54,Premium,1,0,100735
P008,Canon,Canon EOS R50,Camera,75000,67,New,2,0,66361
P009,Apple,iPad Air M3,Tablet,65000,89,Premium,1,1,56645
P005,Sony,Sony WH-1000XM6,Headphones,32000,14,New,3,0,27803
P005,Sony,Sony WH-1000XM6,Headphones,32000,42,Premium,3,0,25626
P003,Apple,MacBook Air M4,Laptop,110000,48,Premium,3,0,99487
P003,Apple,MacBook Air M4,Laptop,110000,37,Returning,2,1,98579
P002,Samsung,Samsung Galaxy S25 Ultra,Smartphone,95000,99,Returning,1,1,80526
P004,Sony,PlayStation 5,Gaming Console,55000,43,New,2,0,50626
P007,Dell,Dell XPS 13,Laptop,120000,26,New,2,0,108857
